"subbasin","opcat_id","opcat_name"
1,3317,"Middle Swale"
2,3317,"Middle Swale"
3,3317,"Middle Swale"
4,3317,"Middle Swale"
5,3317,"Middle Swale"
6,3317,"Middle Swale"
7,3317,"Middle Swale"
8,3317,"Middle Swale"
9,3317,"Middle Swale"
10,3317,"Middle Swale"
11,3503,"Upper Swale"
12,3317,"Middle Swale"
13,3317,"Middle Swale"
14,3317,"Middle Swale"
15,3317,"Middle Swale"
16,3317,"Middle Swale"
17,3503,"Upper Swale"
18,3317,"Middle Swale"
19,3317,"Middle Swale"
20,3317,"Middle Swale"
21,3317,"Middle Swale"
22,3317,"Middle Swale"
23,3503,"Upper Swale"
24,3317,"Middle Swale"
25,3503,"Upper Swale"
26,3317,"Middle Swale"
27,3317,"Middle Swale"
28,3503,"Upper Swale"
29,3317,"Middle Swale"
30,3317,"Middle Swale"
31,3317,"Middle Swale"
32,3503,"Upper Swale"
33,3317,"Middle Swale"
34,3503,"Upper Swale"
35,3317,"Middle Swale"
36,3317,"Middle Swale"
37,3317,"Middle Swale"
38,3317,"Middle Swale"
39,3317,"Middle Swale"
40,3317,"Middle Swale"
41,3317,"Middle Swale"
42,3317,"Middle Swale"
43,3503,"Upper Swale"
44,3317,"Middle Swale"
45,3317,"Middle Swale"
46,3503,"Upper Swale"
47,3317,"Middle Swale"
48,3503,"Upper Swale"
49,3317,"Middle Swale"
50,3317,"Middle Swale"
51,3317,"Middle Swale"
52,3317,"Middle Swale"
53,3317,"Middle Swale"
54,3317,"Middle Swale"
55,3317,"Middle Swale"
56,3317,"Middle Swale"
57,3317,"Middle Swale"
58,3317,"Middle Swale"
59,3503,"Upper Swale"
60,3317,"Middle Swale"
61,3503,"Upper Swale"
62,3317,"Middle Swale"
63,3503,"Upper Swale"
64,3503,"Upper Swale"
65,3503,"Upper Swale"
66,3503,"Upper Swale"
67,3317,"Middle Swale"
68,3317,"Middle Swale"
69,3317,"Middle Swale"
70,3317,"Middle Swale"
71,3503,"Upper Swale"
72,3503,"Upper Swale"
73,3503,"Upper Swale"
74,3317,"Middle Swale"
75,3503,"Upper Swale"
76,3317,"Middle Swale"
77,3503,"Upper Swale"
78,3317,"Middle Swale"
79,3317,"Middle Swale"
80,3503,"Upper Swale"
81,3503,"Upper Swale"
82,3503,"Upper Swale"
83,3503,"Upper Swale"
84,3317,"Middle Swale"
85,3317,"Middle Swale"
86,3317,"Middle Swale"
87,3317,"Middle Swale"
88,3317,"Middle Swale"
89,3317,"Middle Swale"
90,3503,"Upper Swale"
91,3503,"Upper Swale"
92,3317,"Middle Swale"
93,3503,"Upper Swale"
94,3317,"Middle Swale"
95,3317,"Middle Swale"
96,3317,"Middle Swale"
97,3503,"Upper Swale"
98,3317,"Middle Swale"
99,3503,"Upper Swale"
100,3317,"Middle Swale"
101,3503,"Upper Swale"
102,3503,"Upper Swale"
103,3317,"Middle Swale"
104,3317,"Middle Swale"
105,3317,"Middle Swale"
106,3503,"Upper Swale"
107,3317,"Middle Swale"
108,3503,"Upper Swale"
109,3503,"Upper Swale"
110,3503,"Upper Swale"
111,3503,"Upper Swale"
112,3503,"Upper Swale"
113,3317,"Middle Swale"
114,3503,"Upper Swale"
115,3503,"Upper Swale"
116,3317,"Middle Swale"
117,3317,"Middle Swale"
118,3317,"Middle Swale"
119,3503,"Upper Swale"
120,3503,"Upper Swale"
121,3317,"Middle Swale"
122,3503,"Upper Swale"
123,3503,"Upper Swale"
124,3503,"Upper Swale"
125,3503,"Upper Swale"
126,3503,"Upper Swale"
127,3503,"Upper Swale"
128,3317,"Middle Swale"
129,3503,"Upper Swale"
130,3503,"Upper Swale"
131,3503,"Upper Swale"
132,3503,"Upper Swale"
133,3503,"Upper Swale"
134,3503,"Upper Swale"
135,3503,"Upper Swale"
136,3317,"Middle Swale"
137,3317,"Middle Swale"
138,3503,"Upper Swale"
139,3317,"Middle Swale"
140,3503,"Upper Swale"
141,3503,"Upper Swale"
142,3503,"Upper Swale"
143,3503,"Upper Swale"
144,3317,"Middle Swale"
145,3317,"Middle Swale"
146,3503,"Upper Swale"
147,3503,"Upper Swale"
148,3503,"Upper Swale"
149,3317,"Middle Swale"
150,3503,"Upper Swale"
151,3503,"Upper Swale"
152,3317,"Middle Swale"
153,3503,"Upper Swale"
154,3503,"Upper Swale"
155,3503,"Upper Swale"
156,3317,"Middle Swale"
157,3503,"Upper Swale"
158,3503,"Upper Swale"
159,3503,"Upper Swale"
160,3317,"Middle Swale"
161,3317,"Middle Swale"
162,3503,"Upper Swale"
163,3503,"Upper Swale"
164,3503,"Upper Swale"
165,3317,"Middle Swale"
166,3503,"Upper Swale"
167,3317,"Middle Swale"
168,3503,"Upper Swale"
169,3503,"Upper Swale"
170,3317,"Middle Swale"
171,3503,"Upper Swale"
172,3503,"Upper Swale"
173,3317,"Middle Swale"
174,3503,"Upper Swale"
175,3503,"Upper Swale"
176,3503,"Upper Swale"
177,3503,"Upper Swale"
178,3503,"Upper Swale"
179,3317,"Middle Swale"
180,3317,"Middle Swale"
181,3503,"Upper Swale"
182,3317,"Middle Swale"
183,3503,"Upper Swale"
184,3503,"Upper Swale"
185,3317,"Middle Swale"
186,3317,"Middle Swale"
187,3317,"Middle Swale"
188,3317,"Middle Swale"
189,3503,"Upper Swale"
190,3317,"Middle Swale"
191,3503,"Upper Swale"
192,3541,"Wiske"
193,3503,"Upper Swale"
194,3317,"Middle Swale"
195,3503,"Upper Swale"
196,3503,"Upper Swale"
197,3541,"Wiske"
198,3317,"Middle Swale"
199,3317,"Middle Swale"
200,3503,"Upper Swale"
201,3503,"Upper Swale"
202,3317,"Middle Swale"
203,3503,"Upper Swale"
204,3503,"Upper Swale"
205,3541,"Wiske"
206,3503,"Upper Swale"
207,3503,"Upper Swale"
208,3503,"Upper Swale"
209,3317,"Middle Swale"
210,3317,"Middle Swale"
211,3317,"Middle Swale"
212,3503,"Upper Swale"
213,3503,"Upper Swale"
214,3503,"Upper Swale"
215,3503,"Upper Swale"
216,3317,"Middle Swale"
217,3503,"Upper Swale"
218,3503,"Upper Swale"
219,3541,"Wiske"
220,3503,"Upper Swale"
221,3503,"Upper Swale"
222,3503,"Upper Swale"
223,3317,"Middle Swale"
224,3317,"Middle Swale"
225,3317,"Middle Swale"
226,3503,"Upper Swale"
227,3503,"Upper Swale"
228,3503,"Upper Swale"
229,3317,"Middle Swale"
230,3503,"Upper Swale"
231,3317,"Middle Swale"
232,3503,"Upper Swale"
233,3503,"Upper Swale"
234,3317,"Middle Swale"
235,3503,"Upper Swale"
236,3541,"Wiske"
237,3503,"Upper Swale"
238,3317,"Middle Swale"
239,3317,"Middle Swale"
240,3503,"Upper Swale"
241,3317,"Middle Swale"
242,3503,"Upper Swale"
243,3503,"Upper Swale"
244,3317,"Middle Swale"
245,3503,"Upper Swale"
246,3503,"Upper Swale"
247,3541,"Wiske"
248,3503,"Upper Swale"
249,3317,"Middle Swale"
250,3541,"Wiske"
251,3503,"Upper Swale"
252,3317,"Middle Swale"
253,3541,"Wiske"
254,3503,"Upper Swale"
255,3503,"Upper Swale"
256,3317,"Middle Swale"
257,3317,"Middle Swale"
258,3503,"Upper Swale"
259,3317,"Middle Swale"
260,3317,"Middle Swale"
261,3503,"Upper Swale"
262,3317,"Middle Swale"
263,3503,"Upper Swale"
264,3503,"Upper Swale"
265,3503,"Upper Swale"
266,3317,"Middle Swale"
267,3541,"Wiske"
268,3166,"Eden Upper"
269,3503,"Upper Swale"
270,3317,"Middle Swale"
271,3317,"Middle Swale"
272,3503,"Upper Swale"
273,3541,"Wiske"
274,3317,"Middle Swale"
275,3503,"Upper Swale"
276,3503,"Upper Swale"
277,3541,"Wiske"
278,3541,"Wiske"
279,3503,"Upper Swale"
280,3317,"Middle Swale"
281,3317,"Middle Swale"
282,3503,"Upper Swale"
283,3317,"Middle Swale"
284,3503,"Upper Swale"
285,3503,"Upper Swale"
286,3503,"Upper Swale"
287,3541,"Wiske"
288,3541,"Wiske"
289,3503,"Upper Swale"
290,3317,"Middle Swale"
291,3317,"Middle Swale"
292,3503,"Upper Swale"
293,3541,"Wiske"
294,3503,"Upper Swale"
295,3503,"Upper Swale"
296,3503,"Upper Swale"
297,3503,"Upper Swale"
298,3317,"Middle Swale"
299,3541,"Wiske"
300,3541,"Wiske"
301,3317,"Middle Swale"
302,3541,"Wiske"
303,3541,"Wiske"
304,3503,"Upper Swale"
305,3503,"Upper Swale"
306,3503,"Upper Swale"
307,3503,"Upper Swale"
308,3317,"Middle Swale"
309,3541,"Wiske"
310,3541,"Wiske"
311,3503,"Upper Swale"
312,3503,"Upper Swale"
313,3317,"Middle Swale"
314,3541,"Wiske"
315,3503,"Upper Swale"
316,3317,"Middle Swale"
317,3541,"Wiske"
318,3541,"Wiske"
319,3541,"Wiske"
320,3503,"Upper Swale"
321,3541,"Wiske"
322,3541,"Wiske"
323,3317,"Middle Swale"
324,3541,"Wiske"
325,3541,"Wiske"
326,3541,"Wiske"
327,3541,"Wiske"
328,3541,"Wiske"
329,3541,"Wiske"
330,3317,"Middle Swale"
331,3317,"Middle Swale"
332,3541,"Wiske"
333,3503,"Upper Swale"
334,3541,"Wiske"
335,3541,"Wiske"
336,3317,"Middle Swale"
337,3541,"Wiske"
338,3541,"Wiske"
339,3503,"Upper Swale"
340,3503,"Upper Swale"
341,3503,"Upper Swale"
342,3541,"Wiske"
343,3541,"Wiske"
344,3503,"Upper Swale"
345,3503,"Upper Swale"
346,3317,"Middle Swale"
347,3317,"Middle Swale"
348,3503,"Upper Swale"
349,3541,"Wiske"
350,3503,"Upper Swale"
351,3317,"Middle Swale"
352,3503,"Upper Swale"
353,3541,"Wiske"
354,3503,"Upper Swale"
355,3503,"Upper Swale"
356,3503,"Upper Swale"
357,3317,"Middle Swale"
358,3541,"Wiske"
359,3503,"Upper Swale"
360,3503,"Upper Swale"
361,3503,"Upper Swale"
362,3541,"Wiske"
363,3317,"Middle Swale"
364,3503,"Upper Swale"
365,3317,"Middle Swale"
366,3317,"Middle Swale"
367,3317,"Middle Swale"
368,3541,"Wiske"
369,3503,"Upper Swale"
370,3503,"Upper Swale"
371,3541,"Wiske"
372,3541,"Wiske"
373,3317,"Middle Swale"
374,3503,"Upper Swale"
375,3317,"Middle Swale"
376,3317,"Middle Swale"
377,3541,"Wiske"
378,3503,"Upper Swale"
379,3541,"Wiske"
380,3503,"Upper Swale"
381,3503,"Upper Swale"
382,3317,"Middle Swale"
383,3317,"Middle Swale"
384,3503,"Upper Swale"
385,3541,"Wiske"
386,3541,"Wiske"
387,3317,"Middle Swale"
388,3541,"Wiske"
389,3503,"Upper Swale"
390,3503,"Upper Swale"
391,3541,"Wiske"
392,3541,"Wiske"
393,3317,"Middle Swale"
394,3317,"Middle Swale"
395,3541,"Wiske"
396,3503,"Upper Swale"
397,3503,"Upper Swale"
398,3503,"Upper Swale"
399,3503,"Upper Swale"
400,3541,"Wiske"
401,3503,"Upper Swale"
402,3503,"Upper Swale"
403,3503,"Upper Swale"
404,3541,"Wiske"
405,3503,"Upper Swale"
406,3317,"Middle Swale"
407,3503,"Upper Swale"
408,3317,"Middle Swale"
409,3503,"Upper Swale"
410,3317,"Middle Swale"
411,3503,"Upper Swale"
412,3317,"Middle Swale"
413,3317,"Middle Swale"
414,3503,"Upper Swale"
415,3541,"Wiske"
416,3541,"Wiske"
417,3317,"Middle Swale"
418,3317,"Middle Swale"
419,3503,"Upper Swale"
420,3503,"Upper Swale"
421,3541,"Wiske"
422,3541,"Wiske"
423,3541,"Wiske"
424,3541,"Wiske"
425,3317,"Middle Swale"
426,3503,"Upper Swale"
427,3317,"Middle Swale"
428,3503,"Upper Swale"
429,3541,"Wiske"
430,3317,"Middle Swale"
431,3503,"Upper Swale"
432,3503,"Upper Swale"
433,3317,"Middle Swale"
434,3317,"Middle Swale"
435,3541,"Wiske"
436,3503,"Upper Swale"
437,3317,"Middle Swale"
438,3541,"Wiske"
439,3541,"Wiske"
440,3503,"Upper Swale"
441,3503,"Upper Swale"
442,3317,"Middle Swale"
443,3541,"Wiske"
444,3503,"Upper Swale"
445,3503,"Upper Swale"
446,3503,"Upper Swale"
447,3503,"Upper Swale"
448,3317,"Middle Swale"
449,3503,"Upper Swale"
450,3503,"Upper Swale"
451,3541,"Wiske"
452,3541,"Wiske"
453,3503,"Upper Swale"
454,3503,"Upper Swale"
455,3317,"Middle Swale"
456,3541,"Wiske"
457,3317,"Middle Swale"
458,3317,"Middle Swale"
459,3541,"Wiske"
460,3503,"Upper Swale"
461,3317,"Middle Swale"
462,3503,"Upper Swale"
463,3317,"Middle Swale"
464,3541,"Wiske"
465,3503,"Upper Swale"
466,3503,"Upper Swale"
467,3317,"Middle Swale"
468,3503,"Upper Swale"
469,3503,"Upper Swale"
470,3317,"Middle Swale"
471,3387,"Rye"
472,3503,"Upper Swale"
473,3503,"Upper Swale"
474,3317,"Middle Swale"
475,3541,"Wiske"
476,3317,"Middle Swale"
477,3503,"Upper Swale"
478,3503,"Upper Swale"
479,3387,"Rye"
480,3541,"Wiske"
481,3503,"Upper Swale"
482,3503,"Upper Swale"
483,3541,"Wiske"
484,3541,"Wiske"
485,3503,"Upper Swale"
486,3541,"Wiske"
487,3503,"Upper Swale"
488,3317,"Middle Swale"
489,3541,"Wiske"
490,3503,"Upper Swale"
491,3317,"Middle Swale"
492,3503,"Upper Swale"
493,3503,"Upper Swale"
494,3317,"Middle Swale"
495,3541,"Wiske"
496,3541,"Wiske"
497,3503,"Upper Swale"
498,3317,"Middle Swale"
499,3317,"Middle Swale"
500,3317,"Middle Swale"
501,3503,"Upper Swale"
502,3541,"Wiske"
503,3503,"Upper Swale"
504,3503,"Upper Swale"
505,3503,"Upper Swale"
506,3541,"Wiske"
507,3503,"Upper Swale"
508,3503,"Upper Swale"
509,3503,"Upper Swale"
510,3387,"Rye"
511,3503,"Upper Swale"
512,3503,"Upper Swale"
513,3317,"Middle Swale"
514,3503,"Upper Swale"
515,3541,"Wiske"
516,3503,"Upper Swale"
517,3541,"Wiske"
518,3503,"Upper Swale"
519,3317,"Middle Swale"
520,3541,"Wiske"
521,3541,"Wiske"
522,3387,"Rye"
523,3503,"Upper Swale"
524,3541,"Wiske"
525,3387,"Rye"
526,3317,"Middle Swale"
527,3317,"Middle Swale"
528,3541,"Wiske"
529,3503,"Upper Swale"
530,3503,"Upper Swale"
531,3387,"Rye"
532,3541,"Wiske"
533,3387,"Rye"
534,3503,"Upper Swale"
535,3317,"Middle Swale"
536,3503,"Upper Swale"
537,3541,"Wiske"
538,3317,"Middle Swale"
539,3317,"Middle Swale"
540,3503,"Upper Swale"
541,3503,"Upper Swale"
542,3317,"Middle Swale"
543,3541,"Wiske"
544,3503,"Upper Swale"
545,3541,"Wiske"
546,3503,"Upper Swale"
547,3387,"Rye"
548,3541,"Wiske"
549,3541,"Wiske"
550,3503,"Upper Swale"
551,3541,"Wiske"
552,3503,"Upper Swale"
553,3503,"Upper Swale"
554,3317,"Middle Swale"
555,3541,"Wiske"
556,3541,"Wiske"
557,3541,"Wiske"
558,3387,"Rye"
559,3541,"Wiske"
560,3503,"Upper Swale"
561,3387,"Rye"
562,3387,"Rye"
563,3317,"Middle Swale"
564,3541,"Wiske"
565,3503,"Upper Swale"
566,3541,"Wiske"
567,3503,"Upper Swale"
568,3503,"Upper Swale"
569,3541,"Wiske"
570,3503,"Upper Swale"
571,3541,"Wiske"
572,3503,"Upper Swale"
573,3317,"Middle Swale"
574,3503,"Upper Swale"
575,3387,"Rye"
576,3541,"Wiske"
577,3317,"Middle Swale"
578,3503,"Upper Swale"
579,3503,"Upper Swale"
580,3387,"Rye"
581,3541,"Wiske"
582,3503,"Upper Swale"
583,3541,"Wiske"
584,3541,"Wiske"
585,3541,"Wiske"
586,3503,"Upper Swale"
587,3503,"Upper Swale"
588,3503,"Upper Swale"
589,3541,"Wiske"
590,3503,"Upper Swale"
591,3387,"Rye"
592,3541,"Wiske"
593,3503,"Upper Swale"
594,3503,"Upper Swale"
595,3317,"Middle Swale"
596,3387,"Rye"
597,3317,"Middle Swale"
598,3503,"Upper Swale"
599,3541,"Wiske"
600,3503,"Upper Swale"
601,3317,"Middle Swale"
602,3317,"Middle Swale"
603,3503,"Upper Swale"
604,3503,"Upper Swale"
605,3387,"Rye"
606,3503,"Upper Swale"
607,3387,"Rye"
608,3489,"Upper Derwent Yorkshire"
609,3387,"Rye"
610,3317,"Middle Swale"
611,3503,"Upper Swale"
612,3541,"Wiske"
613,3503,"Upper Swale"
614,3503,"Upper Swale"
615,3503,"Upper Swale"
616,3503,"Upper Swale"
617,3541,"Wiske"
618,3489,"Upper Derwent Yorkshire"
619,3503,"Upper Swale"
620,3503,"Upper Swale"
621,3541,"Wiske"
622,3541,"Wiske"
623,3503,"Upper Swale"
624,3387,"Rye"
625,3541,"Wiske"
626,3503,"Upper Swale"
627,3503,"Upper Swale"
628,3387,"Rye"
629,3503,"Upper Swale"
630,3503,"Upper Swale"
631,3503,"Upper Swale"
632,3317,"Middle Swale"
633,3541,"Wiske"
634,3387,"Rye"
635,3503,"Upper Swale"
636,3317,"Middle Swale"
637,3489,"Upper Derwent Yorkshire"
638,3503,"Upper Swale"
639,3503,"Upper Swale"
640,3541,"Wiske"
641,3503,"Upper Swale"
642,3541,"Wiske"
643,3503,"Upper Swale"
644,3317,"Middle Swale"
645,3503,"Upper Swale"
646,3387,"Rye"
647,3317,"Middle Swale"
648,3503,"Upper Swale"
649,3503,"Upper Swale"
650,3503,"Upper Swale"
651,3387,"Rye"
652,3541,"Wiske"
653,3503,"Upper Swale"
654,3503,"Upper Swale"
655,3541,"Wiske"
656,3387,"Rye"
657,3387,"Rye"
658,3541,"Wiske"
659,3317,"Middle Swale"
660,3503,"Upper Swale"
661,3317,"Middle Swale"
662,3387,"Rye"
663,3503,"Upper Swale"
664,3503,"Upper Swale"
665,3503,"Upper Swale"
666,3317,"Middle Swale"
667,3503,"Upper Swale"
668,3503,"Upper Swale"
669,3317,"Middle Swale"
670,3387,"Rye"
671,3541,"Wiske"
672,3503,"Upper Swale"
673,3387,"Rye"
674,3317,"Middle Swale"
675,3503,"Upper Swale"
676,3317,"Middle Swale"
677,3317,"Middle Swale"
678,3503,"Upper Swale"
679,3503,"Upper Swale"
680,3317,"Middle Swale"
681,3503,"Upper Swale"
682,3317,"Middle Swale"
683,3541,"Wiske"
684,3489,"Upper Derwent Yorkshire"
685,3503,"Upper Swale"
686,3503,"Upper Swale"
687,3317,"Middle Swale"
688,3541,"Wiske"
689,3317,"Middle Swale"
690,3503,"Upper Swale"
691,3503,"Upper Swale"
692,3503,"Upper Swale"
693,3503,"Upper Swale"
694,3317,"Middle Swale"
695,3541,"Wiske"
696,3541,"Wiske"
697,3503,"Upper Swale"
698,3317,"Middle Swale"
699,3387,"Rye"
700,3387,"Rye"
701,3503,"Upper Swale"
702,3317,"Middle Swale"
703,3541,"Wiske"
704,3317,"Middle Swale"
705,3317,"Middle Swale"
706,3503,"Upper Swale"
707,3317,"Middle Swale"
708,3541,"Wiske"
709,3317,"Middle Swale"
710,3503,"Upper Swale"
711,3317,"Middle Swale"
712,3503,"Upper Swale"
713,3503,"Upper Swale"
714,3387,"Rye"
715,3317,"Middle Swale"
716,3503,"Upper Swale"
717,3503,"Upper Swale"
718,3317,"Middle Swale"
719,3317,"Middle Swale"
720,3387,"Rye"
721,3503,"Upper Swale"
722,3541,"Wiske"
723,3503,"Upper Swale"
724,3541,"Wiske"
725,3503,"Upper Swale"
726,3317,"Middle Swale"
727,3317,"Middle Swale"
728,3503,"Upper Swale"
729,3541,"Wiske"
730,3489,"Upper Derwent Yorkshire"
731,3317,"Middle Swale"
732,3541,"Wiske"
733,3503,"Upper Swale"
734,3541,"Wiske"
735,3387,"Rye"
736,3541,"Wiske"
737,3387,"Rye"
738,3317,"Middle Swale"
739,3387,"Rye"
740,3503,"Upper Swale"
741,3317,"Middle Swale"
742,3317,"Middle Swale"
743,3541,"Wiske"
744,3503,"Upper Swale"
745,3317,"Middle Swale"
746,3541,"Wiske"
747,3503,"Upper Swale"
748,3503,"Upper Swale"
749,3503,"Upper Swale"
750,3387,"Rye"
751,3317,"Middle Swale"
752,3387,"Rye"
753,3503,"Upper Swale"
754,3317,"Middle Swale"
755,3317,"Middle Swale"
756,3317,"Middle Swale"
757,3503,"Upper Swale"
758,3503,"Upper Swale"
759,3503,"Upper Swale"
760,3387,"Rye"
761,3503,"Upper Swale"
762,3387,"Rye"
763,3317,"Middle Swale"
764,3387,"Rye"
765,3503,"Upper Swale"
766,3387,"Rye"
767,3503,"Upper Swale"
768,3541,"Wiske"
769,3387,"Rye"
770,3503,"Upper Swale"
771,3503,"Upper Swale"
772,3387,"Rye"
773,3503,"Upper Swale"
774,3503,"Upper Swale"
775,3317,"Middle Swale"
776,3541,"Wiske"
777,3503,"Upper Swale"
778,3317,"Middle Swale"
779,3503,"Upper Swale"
780,3489,"Upper Derwent Yorkshire"
781,3503,"Upper Swale"
782,3317,"Middle Swale"
783,3317,"Middle Swale"
784,3317,"Middle Swale"
785,3489,"Upper Derwent Yorkshire"
786,3503,"Upper Swale"
787,3317,"Middle Swale"
788,3541,"Wiske"
789,3503,"Upper Swale"
790,3541,"Wiske"
791,3387,"Rye"
792,3503,"Upper Swale"
793,3317,"Middle Swale"
794,3541,"Wiske"
795,3503,"Upper Swale"
796,3503,"Upper Swale"
797,3387,"Rye"
798,3503,"Upper Swale"
799,3503,"Upper Swale"
800,3503,"Upper Swale"
801,3503,"Upper Swale"
802,3317,"Middle Swale"
803,3387,"Rye"
804,3541,"Wiske"
805,3503,"Upper Swale"
806,3503,"Upper Swale"
807,3503,"Upper Swale"
808,3387,"Rye"
809,3541,"Wiske"
810,3541,"Wiske"
811,3317,"Middle Swale"
812,3317,"Middle Swale"
813,3541,"Wiske"
814,3503,"Upper Swale"
815,3503,"Upper Swale"
816,3503,"Upper Swale"
817,3541,"Wiske"
818,3387,"Rye"
819,3541,"Wiske"
820,3387,"Rye"
821,3317,"Middle Swale"
822,3503,"Upper Swale"
823,3541,"Wiske"
824,3541,"Wiske"
825,3387,"Rye"
826,3503,"Upper Swale"
827,3503,"Upper Swale"
828,3503,"Upper Swale"
829,3503,"Upper Swale"
830,3317,"Middle Swale"
831,3317,"Middle Swale"
832,3503,"Upper Swale"
833,3387,"Rye"
834,3317,"Middle Swale"
835,3317,"Middle Swale"
836,3387,"Rye"
837,3541,"Wiske"
838,3317,"Middle Swale"
839,3387,"Rye"
840,3387,"Rye"
841,3503,"Upper Swale"
842,3541,"Wiske"
843,3503,"Upper Swale"
844,3541,"Wiske"
845,3317,"Middle Swale"
846,3503,"Upper Swale"
847,3503,"Upper Swale"
848,3541,"Wiske"
849,3387,"Rye"
850,3503,"Upper Swale"
851,3503,"Upper Swale"
852,3503,"Upper Swale"
853,3387,"Rye"
854,3503,"Upper Swale"
855,3317,"Middle Swale"
856,3387,"Rye"
857,3503,"Upper Swale"
858,3541,"Wiske"
859,3387,"Rye"
860,3387,"Rye"
861,3541,"Wiske"
862,3387,"Rye"
863,3541,"Wiske"
864,3503,"Upper Swale"
865,3317,"Middle Swale"
866,3317,"Middle Swale"
867,3387,"Rye"
868,3317,"Middle Swale"
869,3541,"Wiske"
870,3503,"Upper Swale"
871,3503,"Upper Swale"
872,3503,"Upper Swale"
873,3503,"Upper Swale"
874,3541,"Wiske"
875,3489,"Upper Derwent Yorkshire"
876,3317,"Middle Swale"
877,3387,"Rye"
878,3387,"Rye"
879,3387,"Rye"
880,3541,"Wiske"
881,3317,"Middle Swale"
882,3387,"Rye"
883,3317,"Middle Swale"
884,3387,"Rye"
885,3541,"Wiske"
886,3503,"Upper Swale"
887,3541,"Wiske"
888,3489,"Upper Derwent Yorkshire"
889,3489,"Upper Derwent Yorkshire"
890,3489,"Upper Derwent Yorkshire"
891,3503,"Upper Swale"
892,3503,"Upper Swale"
893,3387,"Rye"
894,3387,"Rye"
895,3387,"Rye"
896,3489,"Upper Derwent Yorkshire"
897,3503,"Upper Swale"
898,3317,"Middle Swale"
899,3503,"Upper Swale"
900,3541,"Wiske"
901,3541,"Wiske"
902,3503,"Upper Swale"
903,3541,"Wiske"
904,3503,"Upper Swale"
905,3387,"Rye"
906,3541,"Wiske"
907,3541,"Wiske"
908,3503,"Upper Swale"
909,3503,"Upper Swale"
910,3317,"Middle Swale"
911,3489,"Upper Derwent Yorkshire"
912,3387,"Rye"
913,3541,"Wiske"
914,3387,"Rye"
915,3503,"Upper Swale"
916,3489,"Upper Derwent Yorkshire"
917,3489,"Upper Derwent Yorkshire"
918,3541,"Wiske"
919,3387,"Rye"
920,3387,"Rye"
921,3387,"Rye"
922,3317,"Middle Swale"
923,3541,"Wiske"
924,3503,"Upper Swale"
925,3317,"Middle Swale"
926,3387,"Rye"
927,3503,"Upper Swale"
928,3541,"Wiske"
929,3317,"Middle Swale"
930,3387,"Rye"
931,3503,"Upper Swale"
932,3503,"Upper Swale"
933,3387,"Rye"
934,3317,"Middle Swale"
935,3387,"Rye"
936,3317,"Middle Swale"
937,3387,"Rye"
938,3317,"Middle Swale"
939,3317,"Middle Swale"
940,3489,"Upper Derwent Yorkshire"
941,3541,"Wiske"
942,3503,"Upper Swale"
943,3503,"Upper Swale"
944,3317,"Middle Swale"
945,3541,"Wiske"
946,3317,"Middle Swale"
947,3387,"Rye"
948,3489,"Upper Derwent Yorkshire"
949,3489,"Upper Derwent Yorkshire"
950,3387,"Rye"
951,3317,"Middle Swale"
952,3503,"Upper Swale"
953,3503,"Upper Swale"
954,3317,"Middle Swale"
955,3317,"Middle Swale"
956,3489,"Upper Derwent Yorkshire"
957,3503,"Upper Swale"
958,3541,"Wiske"
959,3503,"Upper Swale"
960,3489,"Upper Derwent Yorkshire"
961,3387,"Rye"
962,3387,"Rye"
963,3503,"Upper Swale"
964,3317,"Middle Swale"
965,3503,"Upper Swale"
966,3387,"Rye"
967,3387,"Rye"
968,3387,"Rye"
969,3317,"Middle Swale"
970,3489,"Upper Derwent Yorkshire"
971,3503,"Upper Swale"
972,3317,"Middle Swale"
973,3541,"Wiske"
974,3283,"Lower Swale"
975,3387,"Rye"
976,3387,"Rye"
977,3541,"Wiske"
978,3541,"Wiske"
979,3503,"Upper Swale"
980,3317,"Middle Swale"
981,3317,"Middle Swale"
982,3387,"Rye"
983,3503,"Upper Swale"
984,3317,"Middle Swale"
985,3489,"Upper Derwent Yorkshire"
986,3541,"Wiske"
987,3503,"Upper Swale"
988,3317,"Middle Swale"
989,3387,"Rye"
990,3317,"Middle Swale"
991,3387,"Rye"
992,3541,"Wiske"
993,3503,"Upper Swale"
994,3317,"Middle Swale"
995,3387,"Rye"
996,3503,"Upper Swale"
997,3317,"Middle Swale"
998,3387,"Rye"
999,3317,"Middle Swale"
1000,3541,"Wiske"
1001,3387,"Rye"
1002,3503,"Upper Swale"
1003,3317,"Middle Swale"
1004,3387,"Rye"
1005,3317,"Middle Swale"
1006,3317,"Middle Swale"
1007,3541,"Wiske"
1008,3387,"Rye"
1009,3387,"Rye"
1010,3387,"Rye"
1011,3541,"Wiske"
1012,3283,"Lower Swale"
1013,3503,"Upper Swale"
1014,3489,"Upper Derwent Yorkshire"
1015,3503,"Upper Swale"
1016,3503,"Upper Swale"
1017,3317,"Middle Swale"
1018,3541,"Wiske"
1019,3503,"Upper Swale"
1020,3317,"Middle Swale"
1021,3283,"Lower Swale"
1022,3387,"Rye"
1023,3541,"Wiske"
1024,3541,"Wiske"
1025,3541,"Wiske"
1026,3317,"Middle Swale"
1027,3503,"Upper Swale"
1028,3541,"Wiske"
1029,3541,"Wiske"
1030,3317,"Middle Swale"
1031,3387,"Rye"
1032,3503,"Upper Swale"
1033,3283,"Lower Swale"
1034,3387,"Rye"
1035,3503,"Upper Swale"
1036,3503,"Upper Swale"
1037,3503,"Upper Swale"
1038,3317,"Middle Swale"
1039,3541,"Wiske"
1040,3387,"Rye"
1041,3503,"Upper Swale"
1042,3387,"Rye"
1043,3317,"Middle Swale"
1044,3317,"Middle Swale"
1045,3503,"Upper Swale"
1046,3503,"Upper Swale"
1047,3541,"Wiske"
1048,3387,"Rye"
1049,3489,"Upper Derwent Yorkshire"
1050,3489,"Upper Derwent Yorkshire"
1051,3541,"Wiske"
1052,3541,"Wiske"
1053,3503,"Upper Swale"
1054,3503,"Upper Swale"
1055,3503,"Upper Swale"
1056,3503,"Upper Swale"
1057,3541,"Wiske"
1058,3503,"Upper Swale"
1059,3387,"Rye"
1060,3317,"Middle Swale"
1061,3503,"Upper Swale"
1062,3317,"Middle Swale"
1063,3317,"Middle Swale"
1064,3541,"Wiske"
1065,3317,"Middle Swale"
1066,3317,"Middle Swale"
1067,3503,"Upper Swale"
1068,3387,"Rye"
1069,3317,"Middle Swale"
1070,3387,"Rye"
1071,3489,"Upper Derwent Yorkshire"
1072,3317,"Middle Swale"
1073,3541,"Wiske"
1074,3503,"Upper Swale"
1075,3387,"Rye"
1076,3503,"Upper Swale"
1077,3503,"Upper Swale"
1078,3503,"Upper Swale"
1079,3503,"Upper Swale"
1080,3317,"Middle Swale"
1081,3283,"Lower Swale"
1082,3503,"Upper Swale"
1083,3387,"Rye"
1084,3503,"Upper Swale"
1085,3541,"Wiske"
1086,3317,"Middle Swale"
1087,3541,"Wiske"
1088,3541,"Wiske"
1089,3503,"Upper Swale"
1090,3503,"Upper Swale"
1091,3503,"Upper Swale"
1092,3503,"Upper Swale"
1093,3541,"Wiske"
1094,3503,"Upper Swale"
1095,3387,"Rye"
1096,3317,"Middle Swale"
1097,3387,"Rye"
1098,3317,"Middle Swale"
1099,3387,"Rye"
1100,3503,"Upper Swale"
1101,3503,"Upper Swale"
1102,3503,"Upper Swale"
1103,3503,"Upper Swale"
1104,3317,"Middle Swale"
1105,3317,"Middle Swale"
1106,3541,"Wiske"
1107,3503,"Upper Swale"
1108,3541,"Wiske"
1109,3317,"Middle Swale"
1110,3387,"Rye"
1111,3387,"Rye"
1112,3489,"Upper Derwent Yorkshire"
1113,3503,"Upper Swale"
1114,3503,"Upper Swale"
1115,3317,"Middle Swale"
1116,3317,"Middle Swale"
1117,3387,"Rye"
1118,3317,"Middle Swale"
1119,3387,"Rye"
1120,3283,"Lower Swale"
1121,3503,"Upper Swale"
1122,3541,"Wiske"
1123,3387,"Rye"
1124,3503,"Upper Swale"
1125,3283,"Lower Swale"
1126,3283,"Lower Swale"
1127,3317,"Middle Swale"
1128,3541,"Wiske"
1129,3503,"Upper Swale"
1130,3387,"Rye"
1131,3317,"Middle Swale"
1132,3387,"Rye"
1133,3387,"Rye"
1134,3317,"Middle Swale"
1135,3503,"Upper Swale"
1136,3503,"Upper Swale"
1137,3283,"Lower Swale"
1138,3387,"Rye"
1139,3503,"Upper Swale"
1140,3317,"Middle Swale"
1141,3317,"Middle Swale"
1142,3283,"Lower Swale"
1143,3387,"Rye"
1144,3387,"Rye"
1145,3503,"Upper Swale"
1146,3317,"Middle Swale"
1147,3541,"Wiske"
1148,3503,"Upper Swale"
1149,3317,"Middle Swale"
1150,3503,"Upper Swale"
1151,3387,"Rye"
1152,3317,"Middle Swale"
1153,3503,"Upper Swale"
1154,3503,"Upper Swale"
1155,3317,"Middle Swale"
1156,3503,"Upper Swale"
1157,3541,"Wiske"
1158,3503,"Upper Swale"
1159,3317,"Middle Swale"
1160,3503,"Upper Swale"
1161,3387,"Rye"
1162,3387,"Rye"
1163,3387,"Rye"
1164,3503,"Upper Swale"
1165,3503,"Upper Swale"
1166,3317,"Middle Swale"
1167,3503,"Upper Swale"
1168,3503,"Upper Swale"
1169,3387,"Rye"
1170,3503,"Upper Swale"
1171,3503,"Upper Swale"
1172,3503,"Upper Swale"
1173,3503,"Upper Swale"
1174,3317,"Middle Swale"
1175,3541,"Wiske"
1176,3503,"Upper Swale"
1177,3387,"Rye"
1178,3489,"Upper Derwent Yorkshire"
1179,3489,"Upper Derwent Yorkshire"
1180,3503,"Upper Swale"
1181,3503,"Upper Swale"
1182,3317,"Middle Swale"
1183,3283,"Lower Swale"
1184,3387,"Rye"
1185,3317,"Middle Swale"
1186,3503,"Upper Swale"
1187,3503,"Upper Swale"
1188,3503,"Upper Swale"
1189,3317,"Middle Swale"
1190,3317,"Middle Swale"
1191,3283,"Lower Swale"
1192,3387,"Rye"
1193,3387,"Rye"
1194,3503,"Upper Swale"
1195,3387,"Rye"
1196,3503,"Upper Swale"
1197,3503,"Upper Swale"
1198,3387,"Rye"
1199,3317,"Middle Swale"
1200,3387,"Rye"
1201,3541,"Wiske"
1202,3489,"Upper Derwent Yorkshire"
1203,3387,"Rye"
1204,3503,"Upper Swale"
1205,3387,"Rye"
1206,3387,"Rye"
1207,3541,"Wiske"
1208,3387,"Rye"
1209,3503,"Upper Swale"
1210,3503,"Upper Swale"
1211,3503,"Upper Swale"
1212,3503,"Upper Swale"
1213,3387,"Rye"
1214,3541,"Wiske"
1215,3317,"Middle Swale"
1216,3317,"Middle Swale"
1217,3489,"Upper Derwent Yorkshire"
1218,3317,"Middle Swale"
1219,3387,"Rye"
1220,3489,"Upper Derwent Yorkshire"
1221,3503,"Upper Swale"
1222,3387,"Rye"
1223,3503,"Upper Swale"
1224,3387,"Rye"
1225,3503,"Upper Swale"
1226,3541,"Wiske"
1227,3503,"Upper Swale"
1228,3317,"Middle Swale"
1229,3317,"Middle Swale"
1230,3489,"Upper Derwent Yorkshire"
1231,3387,"Rye"
1232,3387,"Rye"
1233,3541,"Wiske"
1234,3387,"Rye"
1235,3503,"Upper Swale"
1236,3489,"Upper Derwent Yorkshire"
1237,3387,"Rye"
1238,3503,"Upper Swale"
1239,3387,"Rye"
1240,3387,"Rye"
1241,3489,"Upper Derwent Yorkshire"
1242,3503,"Upper Swale"
1243,3503,"Upper Swale"
1244,3541,"Wiske"
1245,3317,"Middle Swale"
1246,3489,"Upper Derwent Yorkshire"
1247,3387,"Rye"
1248,3503,"Upper Swale"
1249,3283,"Lower Swale"
1250,3387,"Rye"
1251,3503,"Upper Swale"
1252,3283,"Lower Swale"
1253,3489,"Upper Derwent Yorkshire"
1254,3387,"Rye"
1255,3503,"Upper Swale"
1256,3317,"Middle Swale"
1257,3503,"Upper Swale"
1258,3503,"Upper Swale"
1259,3387,"Rye"
1260,3489,"Upper Derwent Yorkshire"
1261,3503,"Upper Swale"
1262,3387,"Rye"
1263,3503,"Upper Swale"
1264,3387,"Rye"
1265,3503,"Upper Swale"
1266,3503,"Upper Swale"
1267,3503,"Upper Swale"
1268,3317,"Middle Swale"
1269,3503,"Upper Swale"
1270,3387,"Rye"
1271,3503,"Upper Swale"
1272,3503,"Upper Swale"
1273,3317,"Middle Swale"
1274,3503,"Upper Swale"
1275,3387,"Rye"
1276,3387,"Rye"
1277,3489,"Upper Derwent Yorkshire"
1278,3317,"Middle Swale"
1279,3541,"Wiske"
1280,3489,"Upper Derwent Yorkshire"
1281,3387,"Rye"
1282,3503,"Upper Swale"
1283,3503,"Upper Swale"
1284,3503,"Upper Swale"
1285,3317,"Middle Swale"
1286,3503,"Upper Swale"
1287,3503,"Upper Swale"
1288,3503,"Upper Swale"
1289,3503,"Upper Swale"
1290,3503,"Upper Swale"
1291,3317,"Middle Swale"
1292,3503,"Upper Swale"
1293,3387,"Rye"
1294,3503,"Upper Swale"
1295,3503,"Upper Swale"
1296,3387,"Rye"
1297,3503,"Upper Swale"
1298,3503,"Upper Swale"
1299,3387,"Rye"
1300,3489,"Upper Derwent Yorkshire"
1301,3503,"Upper Swale"
1302,3387,"Rye"
1303,3503,"Upper Swale"
1304,3503,"Upper Swale"
1305,3317,"Middle Swale"
1306,3503,"Upper Swale"
1307,3489,"Upper Derwent Yorkshire"
1308,3503,"Upper Swale"
1309,3489,"Upper Derwent Yorkshire"
1310,3541,"Wiske"
1311,3541,"Wiske"
1312,3387,"Rye"
1313,3503,"Upper Swale"
1314,3489,"Upper Derwent Yorkshire"
1315,3317,"Middle Swale"
1316,3387,"Rye"
1317,3317,"Middle Swale"
1318,3387,"Rye"
1319,3503,"Upper Swale"
1320,3503,"Upper Swale"
1321,3317,"Middle Swale"
1322,3503,"Upper Swale"
1323,3317,"Middle Swale"
1324,3503,"Upper Swale"
1325,3503,"Upper Swale"
1326,3317,"Middle Swale"
1327,3503,"Upper Swale"
1328,3317,"Middle Swale"
1329,3387,"Rye"
1330,3317,"Middle Swale"
1331,3317,"Middle Swale"
1332,3503,"Upper Swale"
1333,3387,"Rye"
1334,3387,"Rye"
1335,3503,"Upper Swale"
1336,3503,"Upper Swale"
1337,3387,"Rye"
1338,3489,"Upper Derwent Yorkshire"
1339,3317,"Middle Swale"
1340,3283,"Lower Swale"
1341,3387,"Rye"
1342,3489,"Upper Derwent Yorkshire"
1343,3317,"Middle Swale"
1344,3317,"Middle Swale"
1345,3505,"Upper Ure"
1346,3503,"Upper Swale"
1347,3503,"Upper Swale"
1348,3503,"Upper Swale"
1349,3317,"Middle Swale"
1350,3503,"Upper Swale"
1351,3503,"Upper Swale"
1352,3503,"Upper Swale"
1353,3503,"Upper Swale"
1354,3541,"Wiske"
1355,3503,"Upper Swale"
1356,3503,"Upper Swale"
1357,3489,"Upper Derwent Yorkshire"
1358,3317,"Middle Swale"
1359,3283,"Lower Swale"
1360,3387,"Rye"
1361,3387,"Rye"
1362,3317,"Middle Swale"
1363,3489,"Upper Derwent Yorkshire"
1364,3503,"Upper Swale"
1365,3503,"Upper Swale"
1366,3541,"Wiske"
1367,3317,"Middle Swale"
1368,3503,"Upper Swale"
1369,3317,"Middle Swale"
1370,3541,"Wiske"
1371,3317,"Middle Swale"
1372,3541,"Wiske"
1373,3387,"Rye"
1374,3541,"Wiske"
1375,3503,"Upper Swale"
1376,3503,"Upper Swale"
1377,3387,"Rye"
1378,3387,"Rye"
1379,3489,"Upper Derwent Yorkshire"
1380,3503,"Upper Swale"
1381,3503,"Upper Swale"
1382,3541,"Wiske"
1383,3387,"Rye"
1384,3503,"Upper Swale"
1385,3505,"Upper Ure"
1386,3503,"Upper Swale"
1387,3387,"Rye"
1388,3387,"Rye"
1389,3503,"Upper Swale"
1390,3387,"Rye"
1391,3387,"Rye"
1392,3387,"Rye"
1393,3503,"Upper Swale"
1394,3177,"Esk"
1395,3387,"Rye"
1396,3503,"Upper Swale"
1397,3503,"Upper Swale"
1398,3283,"Lower Swale"
1399,3489,"Upper Derwent Yorkshire"
1400,3503,"Upper Swale"
1401,3503,"Upper Swale"
1402,3317,"Middle Swale"
1403,3541,"Wiske"
1404,3503,"Upper Swale"
1405,3503,"Upper Swale"
1406,3283,"Lower Swale"
1407,3317,"Middle Swale"
1408,3317,"Middle Swale"
1409,3387,"Rye"
1410,3503,"Upper Swale"
1411,3317,"Middle Swale"
1412,3317,"Middle Swale"
1413,3387,"Rye"
1414,3503,"Upper Swale"
1415,3503,"Upper Swale"
1416,3317,"Middle Swale"
1417,3387,"Rye"
1418,3503,"Upper Swale"
1419,3541,"Wiske"
1420,3387,"Rye"
1421,3489,"Upper Derwent Yorkshire"
1422,3541,"Wiske"
1423,3503,"Upper Swale"
1424,3387,"Rye"
1425,3317,"Middle Swale"
1426,3387,"Rye"
1427,3387,"Rye"
1428,3387,"Rye"
1429,3503,"Upper Swale"
1430,3503,"Upper Swale"
1431,3387,"Rye"
1432,3317,"Middle Swale"
1433,3387,"Rye"
1434,3317,"Middle Swale"
1435,3387,"Rye"
1436,3503,"Upper Swale"
1437,3387,"Rye"
1438,3387,"Rye"
1439,3541,"Wiske"
1440,3503,"Upper Swale"
1441,3317,"Middle Swale"
1442,3317,"Middle Swale"
1443,3387,"Rye"
1444,3503,"Upper Swale"
1445,3317,"Middle Swale"
1446,3505,"Upper Ure"
1447,3503,"Upper Swale"
1448,3317,"Middle Swale"
1449,3489,"Upper Derwent Yorkshire"
1450,3387,"Rye"
1451,3541,"Wiske"
1452,3503,"Upper Swale"
1453,3387,"Rye"
1454,3283,"Lower Swale"
1455,3317,"Middle Swale"
1456,3387,"Rye"
1457,3489,"Upper Derwent Yorkshire"
1458,3541,"Wiske"
1459,3387,"Rye"
1460,3489,"Upper Derwent Yorkshire"
1461,3317,"Middle Swale"
1462,3317,"Middle Swale"
1463,3387,"Rye"
1464,3503,"Upper Swale"
1465,3317,"Middle Swale"
1466,3503,"Upper Swale"
1467,3317,"Middle Swale"
1468,3387,"Rye"
1469,3503,"Upper Swale"
1470,3387,"Rye"
1471,3489,"Upper Derwent Yorkshire"
1472,3505,"Upper Ure"
1473,3503,"Upper Swale"
1474,3387,"Rye"
1475,3387,"Rye"
1476,3387,"Rye"
1477,3541,"Wiske"
1478,3541,"Wiske"
1479,3541,"Wiske"
1480,3387,"Rye"
1481,3503,"Upper Swale"
1482,3387,"Rye"
1483,3387,"Rye"
1484,3387,"Rye"
1485,3503,"Upper Swale"
1486,3317,"Middle Swale"
1487,3541,"Wiske"
1488,3283,"Lower Swale"
1489,3283,"Lower Swale"
1490,3387,"Rye"
1491,3503,"Upper Swale"
1492,3503,"Upper Swale"
1493,3503,"Upper Swale"
1494,3387,"Rye"
1495,3387,"Rye"
1496,3503,"Upper Swale"
1497,3283,"Lower Swale"
1498,3503,"Upper Swale"
1499,3283,"Lower Swale"
1500,3387,"Rye"
1501,3317,"Middle Swale"
1502,3541,"Wiske"
1503,3387,"Rye"
1504,3387,"Rye"
1505,3503,"Upper Swale"
1506,3503,"Upper Swale"
1507,3503,"Upper Swale"
1508,3317,"Middle Swale"
1509,3503,"Upper Swale"
1510,3387,"Rye"
1511,3317,"Middle Swale"
1512,3387,"Rye"
1513,3503,"Upper Swale"
1514,3317,"Middle Swale"
1515,3489,"Upper Derwent Yorkshire"
1516,3505,"Upper Ure"
1517,3503,"Upper Swale"
1518,3489,"Upper Derwent Yorkshire"
1519,3317,"Middle Swale"
1520,3489,"Upper Derwent Yorkshire"
1521,3283,"Lower Swale"
1522,3387,"Rye"
1523,3317,"Middle Swale"
1524,3505,"Upper Ure"
1525,3317,"Middle Swale"
1526,3387,"Rye"
1527,3541,"Wiske"
1528,3541,"Wiske"
1529,3317,"Middle Swale"
1530,3489,"Upper Derwent Yorkshire"
1531,3317,"Middle Swale"
1532,3541,"Wiske"
1533,3387,"Rye"
1534,3387,"Rye"
1535,3387,"Rye"
1536,3505,"Upper Ure"
1537,3503,"Upper Swale"
1538,3387,"Rye"
1539,3387,"Rye"
1540,3489,"Upper Derwent Yorkshire"
1541,3317,"Middle Swale"
1542,3387,"Rye"
1543,3503,"Upper Swale"
1544,3503,"Upper Swale"
1545,3541,"Wiske"
1546,3387,"Rye"
1547,3283,"Lower Swale"
1548,3503,"Upper Swale"
1549,3489,"Upper Derwent Yorkshire"
1550,3541,"Wiske"
1551,3541,"Wiske"
1552,3387,"Rye"
1553,3541,"Wiske"
1554,3283,"Lower Swale"
1555,3283,"Lower Swale"
1556,3387,"Rye"
1557,3317,"Middle Swale"
1558,3387,"Rye"
1559,3317,"Middle Swale"
1560,3387,"Rye"
1561,3387,"Rye"
1562,3387,"Rye"
1563,3541,"Wiske"
1564,3503,"Upper Swale"
1565,3503,"Upper Swale"
1566,3387,"Rye"
1567,3503,"Upper Swale"
1568,3489,"Upper Derwent Yorkshire"
1569,3505,"Upper Ure"
1570,3503,"Upper Swale"
1571,3317,"Middle Swale"
1572,3387,"Rye"
1573,3283,"Lower Swale"
1574,3503,"Upper Swale"
1575,3317,"Middle Swale"
1576,3387,"Rye"
1577,3541,"Wiske"
1578,3283,"Lower Swale"
1579,3503,"Upper Swale"
1580,3387,"Rye"
1581,3503,"Upper Swale"
1582,3317,"Middle Swale"
1583,3317,"Middle Swale"
1584,3541,"Wiske"
1585,3503,"Upper Swale"
1586,3503,"Upper Swale"
1587,3387,"Rye"
1588,3541,"Wiske"
1589,3317,"Middle Swale"
1590,3317,"Middle Swale"
1591,3541,"Wiske"
1592,3503,"Upper Swale"
1593,3317,"Middle Swale"
1594,3503,"Upper Swale"
1595,3387,"Rye"
1596,3503,"Upper Swale"
1597,3489,"Upper Derwent Yorkshire"
1598,3489,"Upper Derwent Yorkshire"
1599,3541,"Wiske"
1600,3317,"Middle Swale"
1601,3505,"Upper Ure"
1602,3505,"Upper Ure"
1603,3503,"Upper Swale"
1604,3283,"Lower Swale"
1605,3387,"Rye"
1606,3387,"Rye"
1607,3489,"Upper Derwent Yorkshire"
1608,3503,"Upper Swale"
1609,3541,"Wiske"
1610,3387,"Rye"
1611,3503,"Upper Swale"
1612,3489,"Upper Derwent Yorkshire"
1613,3317,"Middle Swale"
1614,3317,"Middle Swale"
1615,3387,"Rye"
1616,3505,"Upper Ure"
1617,3387,"Rye"
1618,3317,"Middle Swale"
1619,3317,"Middle Swale"
1620,3387,"Rye"
1621,3387,"Rye"
1622,3317,"Middle Swale"
1623,3387,"Rye"
1624,3489,"Upper Derwent Yorkshire"
1625,3387,"Rye"
1626,3489,"Upper Derwent Yorkshire"
1627,3503,"Upper Swale"
1628,3283,"Lower Swale"
1629,3387,"Rye"
1630,3505,"Upper Ure"
1631,3283,"Lower Swale"
1632,3387,"Rye"
1633,3317,"Middle Swale"
1634,3387,"Rye"
1635,3505,"Upper Ure"
1636,3317,"Middle Swale"
1637,3387,"Rye"
1638,3503,"Upper Swale"
1639,3283,"Lower Swale"
1640,3317,"Middle Swale"
1641,3503,"Upper Swale"
1642,3317,"Middle Swale"
1643,3489,"Upper Derwent Yorkshire"
1644,3317,"Middle Swale"
1645,3387,"Rye"
1646,3387,"Rye"
1647,3503,"Upper Swale"
1648,3317,"Middle Swale"
1649,3317,"Middle Swale"
1650,3541,"Wiske"
1651,3541,"Wiske"
1652,3503,"Upper Swale"
1653,3283,"Lower Swale"
1654,3283,"Lower Swale"
1655,3503,"Upper Swale"
1656,3317,"Middle Swale"
1657,3283,"Lower Swale"
1658,3387,"Rye"
1659,3387,"Rye"
1660,3503,"Upper Swale"
1661,3387,"Rye"
1662,3283,"Lower Swale"
1663,3505,"Upper Ure"
1664,3387,"Rye"
1665,3317,"Middle Swale"
1666,3503,"Upper Swale"
1667,3387,"Rye"
1668,3489,"Upper Derwent Yorkshire"
1669,3387,"Rye"
1670,3489,"Upper Derwent Yorkshire"
1671,3503,"Upper Swale"
1672,3387,"Rye"
1673,3503,"Upper Swale"
1674,3317,"Middle Swale"
1675,3387,"Rye"
1676,3317,"Middle Swale"
1677,3387,"Rye"
1678,3503,"Upper Swale"
1679,3503,"Upper Swale"
1680,3317,"Middle Swale"
1681,3387,"Rye"
1682,3387,"Rye"
1683,3387,"Rye"
1684,3503,"Upper Swale"
1685,3387,"Rye"
1686,3387,"Rye"
1687,3283,"Lower Swale"
1688,3387,"Rye"
1689,3387,"Rye"
1690,3505,"Upper Ure"
1691,3541,"Wiske"
1692,3505,"Upper Ure"
1693,3387,"Rye"
1694,3387,"Rye"
1695,3505,"Upper Ure"
1696,3503,"Upper Swale"
1697,3387,"Rye"
1698,3503,"Upper Swale"
1699,3503,"Upper Swale"
1700,3283,"Lower Swale"
1701,3503,"Upper Swale"
1702,3283,"Lower Swale"
1703,3317,"Middle Swale"
1704,3317,"Middle Swale"
1705,3387,"Rye"
1706,3503,"Upper Swale"
1707,3541,"Wiske"
1708,3387,"Rye"
1709,3489,"Upper Derwent Yorkshire"
1710,3503,"Upper Swale"
1711,3387,"Rye"
1712,3489,"Upper Derwent Yorkshire"
1713,3503,"Upper Swale"
1714,3503,"Upper Swale"
1715,3317,"Middle Swale"
1716,3503,"Upper Swale"
1717,3503,"Upper Swale"
1718,3387,"Rye"
1719,3505,"Upper Ure"
1720,3503,"Upper Swale"
1721,3541,"Wiske"
1722,3387,"Rye"
1723,3317,"Middle Swale"
1724,3489,"Upper Derwent Yorkshire"
1725,3387,"Rye"
1726,3283,"Lower Swale"
1727,3505,"Upper Ure"
1728,3503,"Upper Swale"
1729,3505,"Upper Ure"
1730,3317,"Middle Swale"
1731,3317,"Middle Swale"
1732,3387,"Rye"
1733,3503,"Upper Swale"
1734,3387,"Rye"
1735,3503,"Upper Swale"
1736,3387,"Rye"
1737,3283,"Lower Swale"
1738,3387,"Rye"
1739,3503,"Upper Swale"
1740,3503,"Upper Swale"
1741,3505,"Upper Ure"
1742,3503,"Upper Swale"
1743,3387,"Rye"
1744,3317,"Middle Swale"
1745,3317,"Middle Swale"
1746,3387,"Rye"
1747,3387,"Rye"
1748,3505,"Upper Ure"
1749,3503,"Upper Swale"
1750,3503,"Upper Swale"
1751,3317,"Middle Swale"
1752,3317,"Middle Swale"
1753,3387,"Rye"
1754,3503,"Upper Swale"
1755,3317,"Middle Swale"
1756,3387,"Rye"
1757,3387,"Rye"
1758,3317,"Middle Swale"
1759,3505,"Upper Ure"
1760,3503,"Upper Swale"
1761,3503,"Upper Swale"
1762,3283,"Lower Swale"
1763,3387,"Rye"
1764,3387,"Rye"
1765,3387,"Rye"
1766,3387,"Rye"
1767,3387,"Rye"
1768,3505,"Upper Ure"
1769,3317,"Middle Swale"
1770,3387,"Rye"
1771,3503,"Upper Swale"
1772,3317,"Middle Swale"
1773,3387,"Rye"
1774,3505,"Upper Ure"
1775,3489,"Upper Derwent Yorkshire"
1776,3317,"Middle Swale"
1777,3387,"Rye"
1778,3317,"Middle Swale"
1779,3503,"Upper Swale"
1780,3283,"Lower Swale"
1781,3505,"Upper Ure"
1782,3317,"Middle Swale"
1783,3505,"Upper Ure"
1784,3283,"Lower Swale"
1785,3387,"Rye"
1786,3283,"Lower Swale"
1787,3387,"Rye"
1788,3387,"Rye"
1789,3489,"Upper Derwent Yorkshire"
1790,3541,"Wiske"
1791,3387,"Rye"
1792,3387,"Rye"
1793,3489,"Upper Derwent Yorkshire"
1794,3489,"Upper Derwent Yorkshire"
1795,3317,"Middle Swale"
1796,3505,"Upper Ure"
1797,3505,"Upper Ure"
1798,3541,"Wiske"
1799,3541,"Wiske"
1800,3489,"Upper Derwent Yorkshire"
1801,3387,"Rye"
1802,3541,"Wiske"
1803,3283,"Lower Swale"
1804,3503,"Upper Swale"
1805,3387,"Rye"
1806,3489,"Upper Derwent Yorkshire"
1807,3317,"Middle Swale"
1808,3283,"Lower Swale"
1809,3387,"Rye"
1810,3317,"Middle Swale"
1811,3387,"Rye"
1812,3503,"Upper Swale"
1813,3317,"Middle Swale"
1814,3489,"Upper Derwent Yorkshire"
1815,3387,"Rye"
1816,3489,"Upper Derwent Yorkshire"
1817,3387,"Rye"
1818,3387,"Rye"
1819,3489,"Upper Derwent Yorkshire"
1820,3317,"Middle Swale"
1821,3489,"Upper Derwent Yorkshire"
1822,3505,"Upper Ure"
1823,3387,"Rye"
1824,3283,"Lower Swale"
1825,3387,"Rye"
1826,3387,"Rye"
1827,3387,"Rye"
1828,3541,"Wiske"
1829,3387,"Rye"
1830,3505,"Upper Ure"
1831,3387,"Rye"
1832,3503,"Upper Swale"
1833,3283,"Lower Swale"
1834,3387,"Rye"
1835,3505,"Upper Ure"
1836,3489,"Upper Derwent Yorkshire"
1837,3503,"Upper Swale"
1838,3317,"Middle Swale"
1839,3387,"Rye"
1840,3387,"Rye"
1841,3489,"Upper Derwent Yorkshire"
1842,3317,"Middle Swale"
1843,3505,"Upper Ure"
1844,3387,"Rye"
1845,3387,"Rye"
1846,3387,"Rye"
1847,3505,"Upper Ure"
1848,3387,"Rye"
1849,3387,"Rye"
1850,3317,"Middle Swale"
1851,3317,"Middle Swale"
1852,3387,"Rye"
1853,3489,"Upper Derwent Yorkshire"
1854,3283,"Lower Swale"
1855,3489,"Upper Derwent Yorkshire"
1856,3505,"Upper Ure"
1857,3387,"Rye"
1858,3317,"Middle Swale"
1859,3387,"Rye"
1860,3387,"Rye"
1861,3387,"Rye"
1862,3387,"Rye"
1863,3317,"Middle Swale"
1864,3503,"Upper Swale"
1865,3503,"Upper Swale"
1866,3387,"Rye"
1867,3505,"Upper Ure"
1868,3387,"Rye"
1869,3505,"Upper Ure"
1870,3317,"Middle Swale"
1871,3387,"Rye"
1872,3505,"Upper Ure"
1873,3541,"Wiske"
1874,3387,"Rye"
1875,3283,"Lower Swale"
1876,3283,"Lower Swale"
1877,3541,"Wiske"
1878,3387,"Rye"
1879,3387,"Rye"
1880,3505,"Upper Ure"
1881,3317,"Middle Swale"
1882,3317,"Middle Swale"
1883,3489,"Upper Derwent Yorkshire"
1884,3505,"Upper Ure"
1885,3317,"Middle Swale"
1886,3387,"Rye"
1887,3505,"Upper Ure"
1888,3503,"Upper Swale"
1889,3387,"Rye"
1890,3503,"Upper Swale"
1891,3387,"Rye"
1892,3317,"Middle Swale"
1893,3489,"Upper Derwent Yorkshire"
1894,3387,"Rye"
1895,3505,"Upper Ure"
1896,3505,"Upper Ure"
1897,3283,"Lower Swale"
1898,3387,"Rye"
1899,3489,"Upper Derwent Yorkshire"
1900,3387,"Rye"
1901,3317,"Middle Swale"
1902,3387,"Rye"
1903,3387,"Rye"
1904,3387,"Rye"
1905,3505,"Upper Ure"
1906,3505,"Upper Ure"
1907,3541,"Wiske"
1908,3387,"Rye"
1909,3283,"Lower Swale"
1910,3503,"Upper Swale"
1911,3387,"Rye"
1912,3387,"Rye"
1913,3541,"Wiske"
1914,3387,"Rye"
1915,3505,"Upper Ure"
1916,3283,"Lower Swale"
1917,3387,"Rye"
1918,3387,"Rye"
1919,3317,"Middle Swale"
1920,3317,"Middle Swale"
1921,3387,"Rye"
1922,3489,"Upper Derwent Yorkshire"
1923,3387,"Rye"
1924,3317,"Middle Swale"
1925,3283,"Lower Swale"
1926,3283,"Lower Swale"
1927,3387,"Rye"
1928,3541,"Wiske"
1929,3387,"Rye"
1930,3387,"Rye"
1931,3317,"Middle Swale"
1932,3387,"Rye"
1933,3505,"Upper Ure"
1934,3505,"Upper Ure"
1935,3387,"Rye"
1936,3503,"Upper Swale"
1937,3317,"Middle Swale"
1938,3283,"Lower Swale"
1939,3387,"Rye"
1940,3387,"Rye"
1941,3505,"Upper Ure"
1942,3317,"Middle Swale"
1943,3503,"Upper Swale"
1944,3387,"Rye"
1945,3505,"Upper Ure"
1946,3387,"Rye"
1947,3387,"Rye"
1948,3387,"Rye"
1949,3503,"Upper Swale"
1950,3387,"Rye"
1951,3541,"Wiske"
1952,3505,"Upper Ure"
1953,3317,"Middle Swale"
1954,3541,"Wiske"
1955,3283,"Lower Swale"
1956,3505,"Upper Ure"
1957,3505,"Upper Ure"
1958,3317,"Middle Swale"
1959,3505,"Upper Ure"
1960,3505,"Upper Ure"
1961,3503,"Upper Swale"
1962,3541,"Wiske"
1963,3505,"Upper Ure"
1964,3503,"Upper Swale"
1965,3489,"Upper Derwent Yorkshire"
1966,3489,"Upper Derwent Yorkshire"
1967,3505,"Upper Ure"
1968,3387,"Rye"
1969,3387,"Rye"
1970,3317,"Middle Swale"
1971,3387,"Rye"
1972,3503,"Upper Swale"
1973,3387,"Rye"
1974,3489,"Upper Derwent Yorkshire"
1975,3503,"Upper Swale"
1976,3317,"Middle Swale"
1977,3283,"Lower Swale"
1978,3283,"Lower Swale"
1979,3387,"Rye"
1980,3283,"Lower Swale"
1981,3489,"Upper Derwent Yorkshire"
1982,3505,"Upper Ure"
1983,3503,"Upper Swale"
1984,3317,"Middle Swale"
1985,3317,"Middle Swale"
1986,3387,"Rye"
1987,3387,"Rye"
1988,3505,"Upper Ure"
1989,3317,"Middle Swale"
1990,3387,"Rye"
1991,3317,"Middle Swale"
1992,3387,"Rye"
1993,3505,"Upper Ure"
1994,3541,"Wiske"
1995,3505,"Upper Ure"
1996,3503,"Upper Swale"
1997,3489,"Upper Derwent Yorkshire"
1998,3489,"Upper Derwent Yorkshire"
1999,3283,"Lower Swale"
2000,3505,"Upper Ure"
2001,3387,"Rye"
2002,3505,"Upper Ure"
2003,3387,"Rye"
2004,3387,"Rye"
2005,3505,"Upper Ure"
2006,3387,"Rye"
2007,3505,"Upper Ure"
2008,3489,"Upper Derwent Yorkshire"
2009,3317,"Middle Swale"
2010,3387,"Rye"
2011,3505,"Upper Ure"
2012,3505,"Upper Ure"
2013,3489,"Upper Derwent Yorkshire"
2014,3489,"Upper Derwent Yorkshire"
2015,3317,"Middle Swale"
2016,3317,"Middle Swale"
2017,3387,"Rye"
2018,3387,"Rye"
2019,3505,"Upper Ure"
2020,3505,"Upper Ure"
2021,3317,"Middle Swale"
2022,3387,"Rye"
2023,3387,"Rye"
2024,3387,"Rye"
2025,3387,"Rye"
2026,3505,"Upper Ure"
2027,3387,"Rye"
2028,3505,"Upper Ure"
2029,3505,"Upper Ure"
2030,3489,"Upper Derwent Yorkshire"
2031,3317,"Middle Swale"
2032,3387,"Rye"
2033,3317,"Middle Swale"
2034,3283,"Lower Swale"
2035,3505,"Upper Ure"
2036,3317,"Middle Swale"
2037,3317,"Middle Swale"
2038,3317,"Middle Swale"
2039,3317,"Middle Swale"
2040,3387,"Rye"
2041,3387,"Rye"
2042,3387,"Rye"
2043,3317,"Middle Swale"
2044,3387,"Rye"
2045,3503,"Upper Swale"
2046,3489,"Upper Derwent Yorkshire"
2047,3317,"Middle Swale"
2048,3283,"Lower Swale"
2049,3505,"Upper Ure"
2050,3387,"Rye"
2051,3505,"Upper Ure"
2052,3317,"Middle Swale"
2053,3283,"Lower Swale"
2054,3387,"Rye"
2055,3387,"Rye"
2056,3317,"Middle Swale"
2057,3283,"Lower Swale"
2058,3541,"Wiske"
2059,3387,"Rye"
2060,3387,"Rye"
2061,3317,"Middle Swale"
2062,3283,"Lower Swale"
2063,3387,"Rye"
2064,3505,"Upper Ure"
2065,3505,"Upper Ure"
2066,3387,"Rye"
2067,3317,"Middle Swale"
2068,3489,"Upper Derwent Yorkshire"
2069,3387,"Rye"
2070,3387,"Rye"
2071,3489,"Upper Derwent Yorkshire"
2072,3503,"Upper Swale"
2073,3503,"Upper Swale"
2074,3541,"Wiske"
2075,3505,"Upper Ure"
2076,3541,"Wiske"
2077,3505,"Upper Ure"
2078,3387,"Rye"
2079,3317,"Middle Swale"
2080,3541,"Wiske"
2081,3541,"Wiske"
2082,3387,"Rye"
2083,3503,"Upper Swale"
2084,3503,"Upper Swale"
2085,3387,"Rye"
2086,3317,"Middle Swale"
2087,3317,"Middle Swale"
2088,3505,"Upper Ure"
2089,3387,"Rye"
2090,3489,"Upper Derwent Yorkshire"
2091,3317,"Middle Swale"
2092,3489,"Upper Derwent Yorkshire"
2093,3541,"Wiske"
2094,3317,"Middle Swale"
2095,3317,"Middle Swale"
2096,3387,"Rye"
2097,3505,"Upper Ure"
2098,3387,"Rye"
2099,3387,"Rye"
2100,3387,"Rye"
2101,3489,"Upper Derwent Yorkshire"
2102,3505,"Upper Ure"
2103,3505,"Upper Ure"
2104,3505,"Upper Ure"
2105,3387,"Rye"
2106,3541,"Wiske"
2107,3387,"Rye"
2108,3503,"Upper Swale"
2109,3387,"Rye"
2110,3317,"Middle Swale"
2111,3387,"Rye"
2112,3505,"Upper Ure"
2113,3505,"Upper Ure"
2114,3505,"Upper Ure"
2115,3317,"Middle Swale"
2116,3283,"Lower Swale"
2117,3489,"Upper Derwent Yorkshire"
2118,3505,"Upper Ure"
2119,3317,"Middle Swale"
2120,3387,"Rye"
2121,3387,"Rye"
2122,3317,"Middle Swale"
2123,3387,"Rye"
2124,3489,"Upper Derwent Yorkshire"
2125,3387,"Rye"
2126,3317,"Middle Swale"
2127,3387,"Rye"
2128,3317,"Middle Swale"
2129,3387,"Rye"
2130,3505,"Upper Ure"
2131,3505,"Upper Ure"
2132,3489,"Upper Derwent Yorkshire"
2133,3505,"Upper Ure"
2134,3317,"Middle Swale"
2135,3489,"Upper Derwent Yorkshire"
2136,3489,"Upper Derwent Yorkshire"
2137,3387,"Rye"
2138,3387,"Rye"
2139,3505,"Upper Ure"
2140,3317,"Middle Swale"
2141,3317,"Middle Swale"
2142,3317,"Middle Swale"
2143,3489,"Upper Derwent Yorkshire"
2144,3317,"Middle Swale"
2145,3387,"Rye"
2146,3283,"Lower Swale"
2147,3489,"Upper Derwent Yorkshire"
2148,3505,"Upper Ure"
2149,3317,"Middle Swale"
2150,3387,"Rye"
2151,3387,"Rye"
2152,3387,"Rye"
2153,3387,"Rye"
2154,3387,"Rye"
2155,3505,"Upper Ure"
2156,3387,"Rye"
2157,3387,"Rye"
2158,3505,"Upper Ure"
2159,3317,"Middle Swale"
2160,3387,"Rye"
2161,3283,"Lower Swale"
2162,3489,"Upper Derwent Yorkshire"
2163,3387,"Rye"
2164,3387,"Rye"
2165,3505,"Upper Ure"
2166,3317,"Middle Swale"
2167,3505,"Upper Ure"
2168,3505,"Upper Ure"
2169,3505,"Upper Ure"
2170,3505,"Upper Ure"
2171,3317,"Middle Swale"
2172,3541,"Wiske"
2173,3387,"Rye"
2174,3505,"Upper Ure"
2175,3317,"Middle Swale"
2176,3505,"Upper Ure"
2177,3317,"Middle Swale"
2178,3541,"Wiske"
2179,3489,"Upper Derwent Yorkshire"
2180,3387,"Rye"
2181,3505,"Upper Ure"
2182,3387,"Rye"
2183,3317,"Middle Swale"
2184,3505,"Upper Ure"
2185,3317,"Middle Swale"
2186,3387,"Rye"
2187,3505,"Upper Ure"
2188,3505,"Upper Ure"
2189,3317,"Middle Swale"
2190,3283,"Lower Swale"
2191,3387,"Rye"
2192,3505,"Upper Ure"
2193,3317,"Middle Swale"
2194,3489,"Upper Derwent Yorkshire"
2195,3317,"Middle Swale"
2196,3387,"Rye"
2197,3387,"Rye"
2198,3489,"Upper Derwent Yorkshire"
2199,3283,"Lower Swale"
2200,3387,"Rye"
2201,3387,"Rye"
2202,3505,"Upper Ure"
2203,3505,"Upper Ure"
2204,3317,"Middle Swale"
2205,3387,"Rye"
2206,3317,"Middle Swale"
2207,3541,"Wiske"
2208,3505,"Upper Ure"
2209,3317,"Middle Swale"
2210,3317,"Middle Swale"
2211,3505,"Upper Ure"
2212,3283,"Lower Swale"
2213,3387,"Rye"
2214,3317,"Middle Swale"
2215,3541,"Wiske"
2216,3387,"Rye"
2217,3317,"Middle Swale"
2218,3387,"Rye"
2219,3489,"Upper Derwent Yorkshire"
2220,3317,"Middle Swale"
2221,3387,"Rye"
2222,3489,"Upper Derwent Yorkshire"
2223,3283,"Lower Swale"
2224,3387,"Rye"
2225,3283,"Lower Swale"
2226,3387,"Rye"
2227,3505,"Upper Ure"
2228,3317,"Middle Swale"
2229,3505,"Upper Ure"
2230,3505,"Upper Ure"
2231,3317,"Middle Swale"
2232,3317,"Middle Swale"
2233,3505,"Upper Ure"
2234,3317,"Middle Swale"
2235,3387,"Rye"
2236,3387,"Rye"
2237,3387,"Rye"
2238,3489,"Upper Derwent Yorkshire"
2239,3317,"Middle Swale"
2240,3387,"Rye"
2241,3387,"Rye"
2242,3489,"Upper Derwent Yorkshire"
2243,3317,"Middle Swale"
2244,3283,"Lower Swale"
2245,3387,"Rye"
2246,3505,"Upper Ure"
2247,3387,"Rye"
2248,3505,"Upper Ure"
2249,3505,"Upper Ure"
2250,3505,"Upper Ure"
2251,3387,"Rye"
2252,3317,"Middle Swale"
2253,3387,"Rye"
2254,3489,"Upper Derwent Yorkshire"
2255,3317,"Middle Swale"
2256,3317,"Middle Swale"
2257,3387,"Rye"
2258,3283,"Lower Swale"
2259,3317,"Middle Swale"
2260,3317,"Middle Swale"
2261,3317,"Middle Swale"
2262,3283,"Lower Swale"
2263,3387,"Rye"
2264,3317,"Middle Swale"
2265,3387,"Rye"
2266,3505,"Upper Ure"
2267,3317,"Middle Swale"
2268,3283,"Lower Swale"
2269,3317,"Middle Swale"
2270,3387,"Rye"
2271,3387,"Rye"
2272,3317,"Middle Swale"
2273,3283,"Lower Swale"
2274,3505,"Upper Ure"
2275,3505,"Upper Ure"
2276,3505,"Upper Ure"
2277,3317,"Middle Swale"
2278,3317,"Middle Swale"
2279,3387,"Rye"
2280,3317,"Middle Swale"
2281,3317,"Middle Swale"
2282,3317,"Middle Swale"
2283,3489,"Upper Derwent Yorkshire"
2284,3387,"Rye"
2285,3317,"Middle Swale"
2286,3489,"Upper Derwent Yorkshire"
2287,3317,"Middle Swale"
2288,3317,"Middle Swale"
2289,3283,"Lower Swale"
2290,3387,"Rye"
2291,3387,"Rye"
2292,3505,"Upper Ure"
2293,3489,"Upper Derwent Yorkshire"
2294,3505,"Upper Ure"
2295,3317,"Middle Swale"
2296,3505,"Upper Ure"
2297,3317,"Middle Swale"
2298,3387,"Rye"
2299,3387,"Rye"
2300,3317,"Middle Swale"
2301,3541,"Wiske"
2302,3317,"Middle Swale"
2303,3505,"Upper Ure"
2304,3387,"Rye"
2305,3505,"Upper Ure"
2306,3505,"Upper Ure"
2307,3505,"Upper Ure"
2308,3541,"Wiske"
2309,3505,"Upper Ure"
2310,3387,"Rye"
2311,3505,"Upper Ure"
2312,3541,"Wiske"
2313,3489,"Upper Derwent Yorkshire"
2314,3505,"Upper Ure"
2315,3489,"Upper Derwent Yorkshire"
2316,3505,"Upper Ure"
2317,3317,"Middle Swale"
2318,3387,"Rye"
2319,3505,"Upper Ure"
2320,3317,"Middle Swale"
2321,3541,"Wiske"
2322,3387,"Rye"
2323,3317,"Middle Swale"
2324,3317,"Middle Swale"
2325,3283,"Lower Swale"
2326,3489,"Upper Derwent Yorkshire"
2327,3489,"Upper Derwent Yorkshire"
2328,3505,"Upper Ure"
2329,3489,"Upper Derwent Yorkshire"
2330,3505,"Upper Ure"
2331,3505,"Upper Ure"
2332,3387,"Rye"
2333,3489,"Upper Derwent Yorkshire"
2334,3317,"Middle Swale"
2335,3283,"Lower Swale"
2336,3387,"Rye"
2337,3317,"Middle Swale"
2338,3387,"Rye"
2339,3489,"Upper Derwent Yorkshire"
2340,3489,"Upper Derwent Yorkshire"
2341,3505,"Upper Ure"
2342,3387,"Rye"
2343,3505,"Upper Ure"
2344,3387,"Rye"
2345,3387,"Rye"
2346,3505,"Upper Ure"
2347,3317,"Middle Swale"
2348,3505,"Upper Ure"
2349,3387,"Rye"
2350,3505,"Upper Ure"
2351,3387,"Rye"
2352,3387,"Rye"
2353,3387,"Rye"
2354,3505,"Upper Ure"
2355,3317,"Middle Swale"
2356,3387,"Rye"
2357,3489,"Upper Derwent Yorkshire"
2358,3505,"Upper Ure"
2359,3489,"Upper Derwent Yorkshire"
2360,3283,"Lower Swale"
2361,3387,"Rye"
2362,3489,"Upper Derwent Yorkshire"
2363,3317,"Middle Swale"
2364,3317,"Middle Swale"
2365,3317,"Middle Swale"
2366,3283,"Lower Swale"
2367,3283,"Lower Swale"
2368,3387,"Rye"
2369,3387,"Rye"
2370,3317,"Middle Swale"
2371,3541,"Wiske"
2372,3387,"Rye"
2373,3387,"Rye"
2374,3317,"Middle Swale"
2375,3505,"Upper Ure"
2376,3387,"Rye"
2377,3387,"Rye"
2378,3387,"Rye"
2379,3387,"Rye"
2380,3387,"Rye"
2381,3387,"Rye"
2382,3505,"Upper Ure"
2383,3541,"Wiske"
2384,3505,"Upper Ure"
2385,3489,"Upper Derwent Yorkshire"
2386,3505,"Upper Ure"
2387,3317,"Middle Swale"
2388,3387,"Rye"
2389,3387,"Rye"
2390,3387,"Rye"
2391,3283,"Lower Swale"
2392,3489,"Upper Derwent Yorkshire"
2393,3489,"Upper Derwent Yorkshire"
2394,3541,"Wiske"
2395,3505,"Upper Ure"
2396,3317,"Middle Swale"
2397,3387,"Rye"
2398,3317,"Middle Swale"
2399,3387,"Rye"
2400,3317,"Middle Swale"
2401,3317,"Middle Swale"
2402,3505,"Upper Ure"
2403,3387,"Rye"
2404,3505,"Upper Ure"
2405,3283,"Lower Swale"
2406,3387,"Rye"
2407,3505,"Upper Ure"
2408,3387,"Rye"
2409,3489,"Upper Derwent Yorkshire"
2410,3317,"Middle Swale"
2411,3283,"Lower Swale"
2412,3505,"Upper Ure"
2413,3317,"Middle Swale"
2414,3387,"Rye"
2415,3505,"Upper Ure"
2416,3387,"Rye"
2417,3387,"Rye"
2418,3505,"Upper Ure"
2419,3283,"Lower Swale"
2420,3387,"Rye"
2421,3505,"Upper Ure"
2422,3387,"Rye"
2423,3489,"Upper Derwent Yorkshire"
2424,3505,"Upper Ure"
2425,3505,"Upper Ure"
2426,3505,"Upper Ure"
2427,3387,"Rye"
2428,3505,"Upper Ure"
2429,3317,"Middle Swale"
2430,3317,"Middle Swale"
2431,3489,"Upper Derwent Yorkshire"
2432,3505,"Upper Ure"
2433,3387,"Rye"
2434,3541,"Wiske"
2435,3387,"Rye"
2436,3317,"Middle Swale"
2437,3317,"Middle Swale"
2438,3317,"Middle Swale"
2439,3387,"Rye"
2440,3317,"Middle Swale"
2441,3387,"Rye"
2442,3387,"Rye"
2443,3489,"Upper Derwent Yorkshire"
2444,3505,"Upper Ure"
2445,3387,"Rye"
2446,3505,"Upper Ure"
2447,3387,"Rye"
2448,3489,"Upper Derwent Yorkshire"
2449,3541,"Wiske"
2450,3317,"Middle Swale"
2451,3505,"Upper Ure"
2452,3505,"Upper Ure"
2453,3317,"Middle Swale"
2454,3283,"Lower Swale"
2455,3387,"Rye"
2456,3505,"Upper Ure"
2457,3317,"Middle Swale"
2458,3387,"Rye"
2459,3283,"Lower Swale"
2460,3505,"Upper Ure"
2461,3505,"Upper Ure"
2462,3283,"Lower Swale"
2463,3489,"Upper Derwent Yorkshire"
2464,3387,"Rye"
2465,3505,"Upper Ure"
2466,3387,"Rye"
2467,3505,"Upper Ure"
2468,3283,"Lower Swale"
2469,3489,"Upper Derwent Yorkshire"
2470,3505,"Upper Ure"
2471,3505,"Upper Ure"
2472,3317,"Middle Swale"
2473,3387,"Rye"
2474,3387,"Rye"
2475,3489,"Upper Derwent Yorkshire"
2476,3387,"Rye"
2477,3489,"Upper Derwent Yorkshire"
2478,3317,"Middle Swale"
2479,3387,"Rye"
2480,3505,"Upper Ure"
2481,3541,"Wiske"
2482,3541,"Wiske"
2483,3387,"Rye"
2484,3317,"Middle Swale"
2485,3541,"Wiske"
2486,3505,"Upper Ure"
2487,3317,"Middle Swale"
2488,3283,"Lower Swale"
2489,3387,"Rye"
2490,3387,"Rye"
2491,3317,"Middle Swale"
2492,3317,"Middle Swale"
2493,3283,"Lower Swale"
2494,3505,"Upper Ure"
2495,3505,"Upper Ure"
2496,3283,"Lower Swale"
2497,3387,"Rye"
2498,3387,"Rye"
2499,3317,"Middle Swale"
2500,3505,"Upper Ure"
2501,3489,"Upper Derwent Yorkshire"
2502,3317,"Middle Swale"
2503,3387,"Rye"
2504,3387,"Rye"
2505,3505,"Upper Ure"
2506,3317,"Middle Swale"
2507,3387,"Rye"
2508,3489,"Upper Derwent Yorkshire"
2509,3283,"Lower Swale"
2510,3387,"Rye"
2511,3387,"Rye"
2512,3505,"Upper Ure"
2513,3505,"Upper Ure"
2514,3505,"Upper Ure"
2515,3317,"Middle Swale"
2516,3505,"Upper Ure"
2517,3317,"Middle Swale"
2518,3387,"Rye"
2519,3387,"Rye"
2520,3489,"Upper Derwent Yorkshire"
2521,3489,"Upper Derwent Yorkshire"
2522,3317,"Middle Swale"
2523,3317,"Middle Swale"
2524,3541,"Wiske"
2525,3505,"Upper Ure"
2526,3283,"Lower Swale"
2527,3541,"Wiske"
2528,3387,"Rye"
2529,3505,"Upper Ure"
2530,3387,"Rye"
2531,3387,"Rye"
2532,3387,"Rye"
2533,3387,"Rye"
2534,3387,"Rye"
2535,3317,"Middle Swale"
2536,3387,"Rye"
2537,3387,"Rye"
2538,3317,"Middle Swale"
2539,3317,"Middle Swale"
2540,3317,"Middle Swale"
2541,3283,"Lower Swale"
2542,3387,"Rye"
2543,3489,"Upper Derwent Yorkshire"
2544,3283,"Lower Swale"
2545,3317,"Middle Swale"
2546,3387,"Rye"
2547,3505,"Upper Ure"
2548,3489,"Upper Derwent Yorkshire"
2549,3283,"Lower Swale"
2550,3317,"Middle Swale"
2551,3387,"Rye"
2552,3387,"Rye"
2553,3283,"Lower Swale"
2554,3283,"Lower Swale"
2555,3317,"Middle Swale"
2556,3387,"Rye"
2557,3489,"Upper Derwent Yorkshire"
2558,3387,"Rye"
2559,3317,"Middle Swale"
2560,3387,"Rye"
2561,3505,"Upper Ure"
2562,3387,"Rye"
2563,3387,"Rye"
2564,3489,"Upper Derwent Yorkshire"
2565,3317,"Middle Swale"
2566,3317,"Middle Swale"
2567,3541,"Wiske"
2568,3505,"Upper Ure"
2569,3505,"Upper Ure"
2570,3317,"Middle Swale"
2571,3505,"Upper Ure"
2572,3317,"Middle Swale"
2573,3505,"Upper Ure"
2574,3283,"Lower Swale"
2575,3387,"Rye"
2576,3387,"Rye"
2577,3541,"Wiske"
2578,3387,"Rye"
2579,3505,"Upper Ure"
2580,3387,"Rye"
2581,3387,"Rye"
2582,3387,"Rye"
2583,3505,"Upper Ure"
2584,3387,"Rye"
2585,3387,"Rye"
2586,3489,"Upper Derwent Yorkshire"
2587,3387,"Rye"
2588,3489,"Upper Derwent Yorkshire"
2589,3541,"Wiske"
2590,3505,"Upper Ure"
2591,3283,"Lower Swale"
2592,3505,"Upper Ure"
2593,3541,"Wiske"
2594,3317,"Middle Swale"
2595,3317,"Middle Swale"
2596,3387,"Rye"
2597,3387,"Rye"
2598,3489,"Upper Derwent Yorkshire"
2599,3505,"Upper Ure"
2600,3387,"Rye"
2601,3505,"Upper Ure"
2602,3317,"Middle Swale"
2603,3505,"Upper Ure"
2604,3489,"Upper Derwent Yorkshire"
2605,3387,"Rye"
2606,3505,"Upper Ure"
2607,3505,"Upper Ure"
2608,3387,"Rye"
2609,3505,"Upper Ure"
2610,3387,"Rye"
2611,3387,"Rye"
2612,3387,"Rye"
2613,3283,"Lower Swale"
2614,3387,"Rye"
2615,3505,"Upper Ure"
2616,3387,"Rye"
2617,3387,"Rye"
2618,3505,"Upper Ure"
2619,3283,"Lower Swale"
2620,3489,"Upper Derwent Yorkshire"
2621,3317,"Middle Swale"
2622,3505,"Upper Ure"
2623,3317,"Middle Swale"
2624,3489,"Upper Derwent Yorkshire"
2625,3505,"Upper Ure"
2626,3283,"Lower Swale"
2627,3505,"Upper Ure"
2628,3387,"Rye"
2629,3317,"Middle Swale"
2630,3317,"Middle Swale"
2631,3387,"Rye"
2632,3505,"Upper Ure"
2633,3283,"Lower Swale"
2634,3317,"Middle Swale"
2635,3387,"Rye"
2636,3505,"Upper Ure"
2637,3541,"Wiske"
2638,3387,"Rye"
2639,3505,"Upper Ure"
2640,3387,"Rye"
2641,3387,"Rye"
2642,3387,"Rye"
2643,3317,"Middle Swale"
2644,3387,"Rye"
2645,3317,"Middle Swale"
2646,3489,"Upper Derwent Yorkshire"
2647,3505,"Upper Ure"
2648,3387,"Rye"
2649,3505,"Upper Ure"
2650,3505,"Upper Ure"
2651,3387,"Rye"
2652,3387,"Rye"
2653,3489,"Upper Derwent Yorkshire"
2654,3317,"Middle Swale"
2655,3541,"Wiske"
2656,3387,"Rye"
2657,3505,"Upper Ure"
2658,3387,"Rye"
2659,3387,"Rye"
2660,3387,"Rye"
2661,3387,"Rye"
2662,3505,"Upper Ure"
2663,3541,"Wiske"
2664,3387,"Rye"
2665,3505,"Upper Ure"
2666,3317,"Middle Swale"
2667,3317,"Middle Swale"
2668,3505,"Upper Ure"
2669,3387,"Rye"
2670,3317,"Middle Swale"
2671,3317,"Middle Swale"
2672,3317,"Middle Swale"
2673,3387,"Rye"
2674,3317,"Middle Swale"
2675,3317,"Middle Swale"
2676,3541,"Wiske"
2677,3387,"Rye"
2678,3505,"Upper Ure"
2679,3387,"Rye"
2680,3489,"Upper Derwent Yorkshire"
2681,3387,"Rye"
2682,3387,"Rye"
2683,3505,"Upper Ure"
2684,3317,"Middle Swale"
2685,3489,"Upper Derwent Yorkshire"
2686,3317,"Middle Swale"
2687,3317,"Middle Swale"
2688,3283,"Lower Swale"
2689,3505,"Upper Ure"
2690,3489,"Upper Derwent Yorkshire"
2691,3505,"Upper Ure"
2692,3387,"Rye"
2693,3489,"Upper Derwent Yorkshire"
2694,3505,"Upper Ure"
2695,3489,"Upper Derwent Yorkshire"
2696,3387,"Rye"
2697,3387,"Rye"
2698,3505,"Upper Ure"
2699,3317,"Middle Swale"
2700,3489,"Upper Derwent Yorkshire"
2701,3387,"Rye"
2702,3489,"Upper Derwent Yorkshire"
2703,3541,"Wiske"
2704,3387,"Rye"
2705,3283,"Lower Swale"
2706,3489,"Upper Derwent Yorkshire"
2707,3505,"Upper Ure"
2708,3505,"Upper Ure"
2709,3505,"Upper Ure"
2710,3541,"Wiske"
2711,3505,"Upper Ure"
2712,3541,"Wiske"
2713,3387,"Rye"
2714,3489,"Upper Derwent Yorkshire"
2715,3489,"Upper Derwent Yorkshire"
2716,3505,"Upper Ure"
2717,3505,"Upper Ure"
2718,3387,"Rye"
2719,3387,"Rye"
2720,3505,"Upper Ure"
2721,3387,"Rye"
2722,3505,"Upper Ure"
2723,3387,"Rye"
2724,3387,"Rye"
2725,3489,"Upper Derwent Yorkshire"
2726,3317,"Middle Swale"
2727,3283,"Lower Swale"
2728,3387,"Rye"
2729,3505,"Upper Ure"
2730,3489,"Upper Derwent Yorkshire"
2731,3505,"Upper Ure"
2732,3317,"Middle Swale"
2733,3387,"Rye"
2734,3505,"Upper Ure"
2735,3317,"Middle Swale"
2736,3283,"Lower Swale"
2737,3505,"Upper Ure"
2738,3387,"Rye"
2739,3505,"Upper Ure"
2740,3505,"Upper Ure"
2741,3283,"Lower Swale"
2742,3541,"Wiske"
2743,3387,"Rye"
2744,3489,"Upper Derwent Yorkshire"
2745,3387,"Rye"
2746,3283,"Lower Swale"
2747,3283,"Lower Swale"
2748,3505,"Upper Ure"
2749,3505,"Upper Ure"
2750,3317,"Middle Swale"
2751,3317,"Middle Swale"
2752,3387,"Rye"
2753,3489,"Upper Derwent Yorkshire"
2754,3505,"Upper Ure"
2755,3317,"Middle Swale"
2756,3505,"Upper Ure"
2757,3283,"Lower Swale"
2758,3387,"Rye"
2759,3283,"Lower Swale"
2760,3505,"Upper Ure"
2761,3505,"Upper Ure"
2762,3387,"Rye"
2763,3387,"Rye"
2764,3283,"Lower Swale"
2765,3505,"Upper Ure"
2766,3387,"Rye"
2767,3489,"Upper Derwent Yorkshire"
2768,3317,"Middle Swale"
2769,3317,"Middle Swale"
2770,3505,"Upper Ure"
2771,3317,"Middle Swale"
2772,3505,"Upper Ure"
2773,3387,"Rye"
2774,3387,"Rye"
2775,3317,"Middle Swale"
2776,3387,"Rye"
2777,3387,"Rye"
2778,3489,"Upper Derwent Yorkshire"
2779,3505,"Upper Ure"
2780,3387,"Rye"
2781,3505,"Upper Ure"
2782,3489,"Upper Derwent Yorkshire"
2783,3283,"Lower Swale"
2784,3387,"Rye"
2785,3317,"Middle Swale"
2786,3489,"Upper Derwent Yorkshire"
2787,3505,"Upper Ure"
2788,3505,"Upper Ure"
2789,3387,"Rye"
2790,3505,"Upper Ure"
2791,3505,"Upper Ure"
2792,3505,"Upper Ure"
2793,3505,"Upper Ure"
2794,3317,"Middle Swale"
2795,3317,"Middle Swale"
2796,3505,"Upper Ure"
2797,3489,"Upper Derwent Yorkshire"
2798,3489,"Upper Derwent Yorkshire"
2799,3489,"Upper Derwent Yorkshire"
2800,3505,"Upper Ure"
2801,3317,"Middle Swale"
2802,3541,"Wiske"
2803,3387,"Rye"
2804,3387,"Rye"
2805,3317,"Middle Swale"
2806,3505,"Upper Ure"
2807,3505,"Upper Ure"
2808,3489,"Upper Derwent Yorkshire"
2809,3317,"Middle Swale"
2810,3317,"Middle Swale"
2811,3317,"Middle Swale"
2812,3387,"Rye"
2813,3489,"Upper Derwent Yorkshire"
2814,3387,"Rye"
2815,3489,"Upper Derwent Yorkshire"
2816,3317,"Middle Swale"
2817,3387,"Rye"
2818,3505,"Upper Ure"
2819,3505,"Upper Ure"
2820,3283,"Lower Swale"
2821,3489,"Upper Derwent Yorkshire"
2822,3317,"Middle Swale"
2823,3283,"Lower Swale"
2824,3489,"Upper Derwent Yorkshire"
2825,3505,"Upper Ure"
2826,3317,"Middle Swale"
2827,3317,"Middle Swale"
2828,3387,"Rye"
2829,3387,"Rye"
2830,3317,"Middle Swale"
2831,3505,"Upper Ure"
2832,3505,"Upper Ure"
2833,3387,"Rye"
2834,3489,"Upper Derwent Yorkshire"
2835,3387,"Rye"
2836,3317,"Middle Swale"
2837,3505,"Upper Ure"
2838,3283,"Lower Swale"
2839,3505,"Upper Ure"
2840,3387,"Rye"
2841,3505,"Upper Ure"
2842,3317,"Middle Swale"
2843,3505,"Upper Ure"
2844,3317,"Middle Swale"
2845,3489,"Upper Derwent Yorkshire"
2846,3387,"Rye"
2847,3489,"Upper Derwent Yorkshire"
2848,3489,"Upper Derwent Yorkshire"
2849,3505,"Upper Ure"
2850,3541,"Wiske"
2851,3505,"Upper Ure"
2852,3387,"Rye"
2853,3505,"Upper Ure"
2854,3387,"Rye"
2855,3505,"Upper Ure"
2856,3505,"Upper Ure"
2857,3541,"Wiske"
2858,3317,"Middle Swale"
2859,3505,"Upper Ure"
2860,3505,"Upper Ure"
2861,3317,"Middle Swale"
2862,3317,"Middle Swale"
2863,3317,"Middle Swale"
2864,3317,"Middle Swale"
2865,3387,"Rye"
2866,3317,"Middle Swale"
2867,3489,"Upper Derwent Yorkshire"
2868,3505,"Upper Ure"
2869,3505,"Upper Ure"
2870,3317,"Middle Swale"
2871,3317,"Middle Swale"
2872,3387,"Rye"
2873,3387,"Rye"
2874,3505,"Upper Ure"
2875,3505,"Upper Ure"
2876,3387,"Rye"
2877,3387,"Rye"
2878,3505,"Upper Ure"
2879,3317,"Middle Swale"
2880,3541,"Wiske"
2881,3317,"Middle Swale"
2882,3505,"Upper Ure"
2883,3505,"Upper Ure"
2884,3489,"Upper Derwent Yorkshire"
2885,3505,"Upper Ure"
2886,3505,"Upper Ure"
2887,3387,"Rye"
2888,3387,"Rye"
2889,3387,"Rye"
2890,3505,"Upper Ure"
2891,3505,"Upper Ure"
2892,3317,"Middle Swale"
2893,3387,"Rye"
2894,3505,"Upper Ure"
2895,3387,"Rye"
2896,3505,"Upper Ure"
2897,3505,"Upper Ure"
2898,3505,"Upper Ure"
2899,3387,"Rye"
2900,3317,"Middle Swale"
2901,3505,"Upper Ure"
2902,3505,"Upper Ure"
2903,3317,"Middle Swale"
2904,3505,"Upper Ure"
2905,3387,"Rye"
2906,3489,"Upper Derwent Yorkshire"
2907,3505,"Upper Ure"
2908,3505,"Upper Ure"
2909,3283,"Lower Swale"
2910,3317,"Middle Swale"
2911,3387,"Rye"
2912,3317,"Middle Swale"
2913,3505,"Upper Ure"
2914,3505,"Upper Ure"
2915,3505,"Upper Ure"
2916,3387,"Rye"
2917,3317,"Middle Swale"
2918,3505,"Upper Ure"
2919,3541,"Wiske"
2920,3505,"Upper Ure"
2921,3317,"Middle Swale"
2922,3387,"Rye"
2923,3505,"Upper Ure"
2924,3505,"Upper Ure"
2925,3505,"Upper Ure"
2926,3317,"Middle Swale"
2927,3387,"Rye"
2928,3317,"Middle Swale"
2929,3505,"Upper Ure"
2930,3317,"Middle Swale"
2931,3489,"Upper Derwent Yorkshire"
2932,3387,"Rye"
2933,3505,"Upper Ure"
2934,3505,"Upper Ure"
2935,3541,"Wiske"
2936,3387,"Rye"
2937,3317,"Middle Swale"
2938,3505,"Upper Ure"
2939,3317,"Middle Swale"
2940,3283,"Lower Swale"
2941,3387,"Rye"
2942,3505,"Upper Ure"
2943,3387,"Rye"
2944,3387,"Rye"
2945,3505,"Upper Ure"
2946,3317,"Middle Swale"
2947,3317,"Middle Swale"
2948,3489,"Upper Derwent Yorkshire"
2949,3489,"Upper Derwent Yorkshire"
2950,3317,"Middle Swale"
2951,3317,"Middle Swale"
2952,3283,"Lower Swale"
2953,3387,"Rye"
2954,3489,"Upper Derwent Yorkshire"
2955,3505,"Upper Ure"
2956,3317,"Middle Swale"
2957,3505,"Upper Ure"
2958,3505,"Upper Ure"
2959,3387,"Rye"
2960,3505,"Upper Ure"
2961,3387,"Rye"
2962,3505,"Upper Ure"
2963,3283,"Lower Swale"
2964,3387,"Rye"
2965,3489,"Upper Derwent Yorkshire"
2966,3505,"Upper Ure"
2967,3489,"Upper Derwent Yorkshire"
2968,3387,"Rye"
2969,3505,"Upper Ure"
2970,3505,"Upper Ure"
2971,3283,"Lower Swale"
2972,3489,"Upper Derwent Yorkshire"
2973,3489,"Upper Derwent Yorkshire"
2974,3505,"Upper Ure"
2975,3505,"Upper Ure"
2976,3505,"Upper Ure"
2977,3505,"Upper Ure"
2978,3387,"Rye"
2979,3387,"Rye"
2980,3505,"Upper Ure"
2981,3317,"Middle Swale"
2982,3489,"Upper Derwent Yorkshire"
2983,3541,"Wiske"
2984,3489,"Upper Derwent Yorkshire"
2985,3489,"Upper Derwent Yorkshire"
2986,3283,"Lower Swale"
2987,3505,"Upper Ure"
2988,3387,"Rye"
2989,3541,"Wiske"
2990,3387,"Rye"
2991,3489,"Upper Derwent Yorkshire"
2992,3387,"Rye"
2993,3387,"Rye"
2994,3283,"Lower Swale"
2995,3489,"Upper Derwent Yorkshire"
2996,3489,"Upper Derwent Yorkshire"
2997,3317,"Middle Swale"
2998,3541,"Wiske"
2999,3505,"Upper Ure"
3000,3505,"Upper Ure"
3001,3505,"Upper Ure"
3002,3317,"Middle Swale"
3003,3489,"Upper Derwent Yorkshire"
3004,3505,"Upper Ure"
3005,3541,"Wiske"
3006,3387,"Rye"
3007,3505,"Upper Ure"
3008,3489,"Upper Derwent Yorkshire"
3009,3317,"Middle Swale"
3010,3317,"Middle Swale"
3011,3387,"Rye"
3012,3505,"Upper Ure"
3013,3505,"Upper Ure"
3014,3387,"Rye"
3015,3387,"Rye"
3016,3489,"Upper Derwent Yorkshire"
3017,3387,"Rye"
3018,3505,"Upper Ure"
3019,3505,"Upper Ure"
3020,3387,"Rye"
3021,3387,"Rye"
3022,3387,"Rye"
3023,3505,"Upper Ure"
3024,3387,"Rye"
3025,3505,"Upper Ure"
3026,3387,"Rye"
3027,3505,"Upper Ure"
3028,3387,"Rye"
3029,3387,"Rye"
3030,3387,"Rye"
3031,3387,"Rye"
3032,3317,"Middle Swale"
3033,3505,"Upper Ure"
3034,3505,"Upper Ure"
3035,3505,"Upper Ure"
3036,3283,"Lower Swale"
3037,3505,"Upper Ure"
3038,3387,"Rye"
3039,3505,"Upper Ure"
3040,3505,"Upper Ure"
3041,3387,"Rye"
3042,3489,"Upper Derwent Yorkshire"
3043,3489,"Upper Derwent Yorkshire"
3044,3505,"Upper Ure"
3045,3505,"Upper Ure"
3046,3317,"Middle Swale"
3047,3505,"Upper Ure"
3048,3505,"Upper Ure"
3049,3283,"Lower Swale"
3050,3505,"Upper Ure"
3051,3283,"Lower Swale"
3052,3387,"Rye"
3053,3505,"Upper Ure"
3054,3541,"Wiske"
3055,3387,"Rye"
3056,3505,"Upper Ure"
3057,3283,"Lower Swale"
3058,3387,"Rye"
3059,3317,"Middle Swale"
3060,3283,"Lower Swale"
3061,3317,"Middle Swale"
3062,3387,"Rye"
3063,3489,"Upper Derwent Yorkshire"
3064,3505,"Upper Ure"
3065,3283,"Lower Swale"
3066,3505,"Upper Ure"
3067,3489,"Upper Derwent Yorkshire"
3068,3541,"Wiske"
3069,3505,"Upper Ure"
3070,3505,"Upper Ure"
3071,3505,"Upper Ure"
3072,3505,"Upper Ure"
3073,3387,"Rye"
3074,3317,"Middle Swale"
3075,3505,"Upper Ure"
3076,3387,"Rye"
3077,3387,"Rye"
3078,3505,"Upper Ure"
3079,3505,"Upper Ure"
3080,3317,"Middle Swale"
3081,3283,"Lower Swale"
3082,3317,"Middle Swale"
3083,3505,"Upper Ure"
3084,3505,"Upper Ure"
3085,3387,"Rye"
3086,3505,"Upper Ure"
3087,3283,"Lower Swale"
3088,3387,"Rye"
3089,3505,"Upper Ure"
3090,3505,"Upper Ure"
3091,3505,"Upper Ure"
3092,3505,"Upper Ure"
3093,3505,"Upper Ure"
3094,3283,"Lower Swale"
3095,3283,"Lower Swale"
3096,3505,"Upper Ure"
3097,3505,"Upper Ure"
3098,3387,"Rye"
3099,3387,"Rye"
3100,3505,"Upper Ure"
3101,3387,"Rye"
3102,3489,"Upper Derwent Yorkshire"
3103,3505,"Upper Ure"
3104,3387,"Rye"
3105,3387,"Rye"
3106,3489,"Upper Derwent Yorkshire"
3107,3505,"Upper Ure"
3108,3505,"Upper Ure"
3109,3317,"Middle Swale"
3110,3489,"Upper Derwent Yorkshire"
3111,3505,"Upper Ure"
3112,3505,"Upper Ure"
3113,3489,"Upper Derwent Yorkshire"
3114,3317,"Middle Swale"
3115,3387,"Rye"
3116,3317,"Middle Swale"
3117,3387,"Rye"
3118,3505,"Upper Ure"
3119,3387,"Rye"
3120,3387,"Rye"
3121,3387,"Rye"
3122,3489,"Upper Derwent Yorkshire"
3123,3505,"Upper Ure"
3124,3505,"Upper Ure"
3125,3317,"Middle Swale"
3126,3387,"Rye"
3127,3317,"Middle Swale"
3128,3317,"Middle Swale"
3129,3317,"Middle Swale"
3130,3387,"Rye"
3131,3489,"Upper Derwent Yorkshire"
3132,3505,"Upper Ure"
3133,3505,"Upper Ure"
3134,3317,"Middle Swale"
3135,3505,"Upper Ure"
3136,3387,"Rye"
3137,3505,"Upper Ure"
3138,3283,"Lower Swale"
3139,3505,"Upper Ure"
3140,3505,"Upper Ure"
3141,3317,"Middle Swale"
3142,3283,"Lower Swale"
3143,3387,"Rye"
3144,3541,"Wiske"
3145,3387,"Rye"
3146,3387,"Rye"
3147,3505,"Upper Ure"
3148,3505,"Upper Ure"
3149,3541,"Wiske"
3150,3387,"Rye"
3151,3541,"Wiske"
3152,3283,"Lower Swale"
3153,3505,"Upper Ure"
3154,3317,"Middle Swale"
3155,3387,"Rye"
3156,3387,"Rye"
3157,3505,"Upper Ure"
3158,3505,"Upper Ure"
3159,3283,"Lower Swale"
3160,3283,"Lower Swale"
3161,3283,"Lower Swale"
3162,3283,"Lower Swale"
3163,3317,"Middle Swale"
3164,3505,"Upper Ure"
3165,3387,"Rye"
3166,3505,"Upper Ure"
3167,3387,"Rye"
3168,3387,"Rye"
3169,3387,"Rye"
3170,3505,"Upper Ure"
3171,3283,"Lower Swale"
3172,3387,"Rye"
3173,3505,"Upper Ure"
3174,3317,"Middle Swale"
3175,3387,"Rye"
3176,3505,"Upper Ure"
3177,3317,"Middle Swale"
3178,3505,"Upper Ure"
3179,3387,"Rye"
3180,3541,"Wiske"
3181,3387,"Rye"
3182,3283,"Lower Swale"
3183,3317,"Middle Swale"
3184,3283,"Lower Swale"
3185,3317,"Middle Swale"
3186,3317,"Middle Swale"
3187,3541,"Wiske"
3188,3387,"Rye"
3189,3387,"Rye"
3190,3387,"Rye"
3191,3317,"Middle Swale"
3192,3505,"Upper Ure"
3193,3505,"Upper Ure"
3194,3489,"Upper Derwent Yorkshire"
3195,3387,"Rye"
3196,3505,"Upper Ure"
3197,3387,"Rye"
3198,3317,"Middle Swale"
3199,3317,"Middle Swale"
3200,3387,"Rye"
3201,3489,"Upper Derwent Yorkshire"
3202,3505,"Upper Ure"
3203,3489,"Upper Derwent Yorkshire"
3204,3489,"Upper Derwent Yorkshire"
3205,3505,"Upper Ure"
3206,3283,"Lower Swale"
3207,3505,"Upper Ure"
3208,3541,"Wiske"
3209,3505,"Upper Ure"
3210,3505,"Upper Ure"
3211,3387,"Rye"
3212,3505,"Upper Ure"
3213,3317,"Middle Swale"
3214,3489,"Upper Derwent Yorkshire"
3215,3505,"Upper Ure"
3216,3317,"Middle Swale"
3217,3387,"Rye"
3218,3505,"Upper Ure"
3219,3541,"Wiske"
3220,3317,"Middle Swale"
3221,3387,"Rye"
3222,3387,"Rye"
3223,3505,"Upper Ure"
3224,3505,"Upper Ure"
3225,3387,"Rye"
3226,3387,"Rye"
3227,3505,"Upper Ure"
3228,3283,"Lower Swale"
3229,3505,"Upper Ure"
3230,3505,"Upper Ure"
3231,3505,"Upper Ure"
3232,3387,"Rye"
3233,3317,"Middle Swale"
3234,3505,"Upper Ure"
3235,3387,"Rye"
3236,3283,"Lower Swale"
3237,3489,"Upper Derwent Yorkshire"
3238,3505,"Upper Ure"
3239,3505,"Upper Ure"
3240,3505,"Upper Ure"
3241,3317,"Middle Swale"
3242,3387,"Rye"
3243,3489,"Upper Derwent Yorkshire"
3244,3505,"Upper Ure"
3245,3387,"Rye"
3246,3317,"Middle Swale"
3247,3505,"Upper Ure"
3248,3489,"Upper Derwent Yorkshire"
3249,3505,"Upper Ure"
3250,3387,"Rye"
3251,3387,"Rye"
3252,3489,"Upper Derwent Yorkshire"
3253,3317,"Middle Swale"
3254,3283,"Lower Swale"
3255,3387,"Rye"
3256,3317,"Middle Swale"
3257,3283,"Lower Swale"
3258,3387,"Rye"
3259,3505,"Upper Ure"
3260,3505,"Upper Ure"
3261,3387,"Rye"
3262,3317,"Middle Swale"
3263,3387,"Rye"
3264,3317,"Middle Swale"
3265,3317,"Middle Swale"
3266,3387,"Rye"
3267,3387,"Rye"
3268,3387,"Rye"
3269,3505,"Upper Ure"
3270,3505,"Upper Ure"
3271,3489,"Upper Derwent Yorkshire"
3272,3387,"Rye"
3273,3387,"Rye"
3274,3283,"Lower Swale"
3275,3387,"Rye"
3276,3505,"Upper Ure"
3277,3541,"Wiske"
3278,3505,"Upper Ure"
3279,3541,"Wiske"
3280,3505,"Upper Ure"
3281,3317,"Middle Swale"
3282,3387,"Rye"
3283,3387,"Rye"
3284,3387,"Rye"
3285,3387,"Rye"
3286,3505,"Upper Ure"
3287,3387,"Rye"
3288,3489,"Upper Derwent Yorkshire"
3289,3505,"Upper Ure"
3290,3387,"Rye"
3291,3505,"Upper Ure"
3292,3317,"Middle Swale"
3293,3541,"Wiske"
3294,3387,"Rye"
3295,3317,"Middle Swale"
3296,3489,"Upper Derwent Yorkshire"
3297,3505,"Upper Ure"
3298,3317,"Middle Swale"
3299,3505,"Upper Ure"
3300,3505,"Upper Ure"
3301,3317,"Middle Swale"
3302,3317,"Middle Swale"
3303,3387,"Rye"
3304,3505,"Upper Ure"
3305,3387,"Rye"
3306,3387,"Rye"
3307,3489,"Upper Derwent Yorkshire"
3308,3505,"Upper Ure"
3309,3505,"Upper Ure"
3310,3505,"Upper Ure"
3311,3317,"Middle Swale"
3312,3541,"Wiske"
3313,3505,"Upper Ure"
3314,3317,"Middle Swale"
3315,3387,"Rye"
3316,3489,"Upper Derwent Yorkshire"
3317,3489,"Upper Derwent Yorkshire"
3318,3505,"Upper Ure"
3319,3387,"Rye"
3320,3505,"Upper Ure"
3321,3317,"Middle Swale"
3322,3317,"Middle Swale"
3323,3283,"Lower Swale"
3324,3387,"Rye"
3325,3317,"Middle Swale"
3326,3317,"Middle Swale"
3327,3283,"Lower Swale"
3328,3283,"Lower Swale"
3329,3505,"Upper Ure"
3330,3387,"Rye"
3331,3317,"Middle Swale"
3332,3505,"Upper Ure"
3333,3387,"Rye"
3334,3505,"Upper Ure"
3335,3505,"Upper Ure"
3336,3505,"Upper Ure"
3337,3505,"Upper Ure"
3338,3489,"Upper Derwent Yorkshire"
3339,3505,"Upper Ure"
3340,3317,"Middle Swale"
3341,3489,"Upper Derwent Yorkshire"
3342,3317,"Middle Swale"
3343,3387,"Rye"
3344,3387,"Rye"
3345,3505,"Upper Ure"
3346,3505,"Upper Ure"
3347,3387,"Rye"
3348,3505,"Upper Ure"
3349,3387,"Rye"
3350,3505,"Upper Ure"
3351,3505,"Upper Ure"
3352,3283,"Lower Swale"
3353,3489,"Upper Derwent Yorkshire"
3354,3505,"Upper Ure"
3355,3283,"Lower Swale"
3356,3387,"Rye"
3357,3505,"Upper Ure"
3358,3387,"Rye"
3359,3387,"Rye"
3360,3505,"Upper Ure"
3361,3505,"Upper Ure"
3362,3489,"Upper Derwent Yorkshire"
3363,3317,"Middle Swale"
3364,3387,"Rye"
3365,3283,"Lower Swale"
3366,3387,"Rye"
3367,3505,"Upper Ure"
3368,3505,"Upper Ure"
3369,3505,"Upper Ure"
3370,3283,"Lower Swale"
3371,3387,"Rye"
3372,3387,"Rye"
3373,3317,"Middle Swale"
3374,3505,"Upper Ure"
3375,3387,"Rye"
3376,3489,"Upper Derwent Yorkshire"
3377,3317,"Middle Swale"
3378,3505,"Upper Ure"
3379,3317,"Middle Swale"
3380,3541,"Wiske"
3381,3387,"Rye"
3382,3489,"Upper Derwent Yorkshire"
3383,3489,"Upper Derwent Yorkshire"
3384,3489,"Upper Derwent Yorkshire"
3385,3505,"Upper Ure"
3386,3283,"Lower Swale"
3387,3505,"Upper Ure"
3388,3387,"Rye"
3389,3505,"Upper Ure"
3390,3283,"Lower Swale"
3391,3387,"Rye"
3392,3387,"Rye"
3393,3505,"Upper Ure"
3394,3505,"Upper Ure"
3395,3505,"Upper Ure"
3396,3387,"Rye"
3397,3489,"Upper Derwent Yorkshire"
3398,3387,"Rye"
3399,3505,"Upper Ure"
3400,3317,"Middle Swale"
3401,3387,"Rye"
3402,3505,"Upper Ure"
3403,3505,"Upper Ure"
3404,3317,"Middle Swale"
3405,3387,"Rye"
3406,3387,"Rye"
3407,3505,"Upper Ure"
3408,3387,"Rye"
3409,3505,"Upper Ure"
3410,3317,"Middle Swale"
3411,3505,"Upper Ure"
3412,3505,"Upper Ure"
3413,3489,"Upper Derwent Yorkshire"
3414,3505,"Upper Ure"
3415,3505,"Upper Ure"
3416,3505,"Upper Ure"
3417,3505,"Upper Ure"
3418,3541,"Wiske"
3419,3505,"Upper Ure"
3420,3505,"Upper Ure"
3421,3505,"Upper Ure"
3422,3283,"Lower Swale"
3423,3317,"Middle Swale"
3424,3317,"Middle Swale"
3425,3283,"Lower Swale"
3426,3387,"Rye"
3427,3387,"Rye"
3428,3387,"Rye"
3429,3489,"Upper Derwent Yorkshire"
3430,3387,"Rye"
3431,3283,"Lower Swale"
3432,3387,"Rye"
3433,3387,"Rye"
3434,3489,"Upper Derwent Yorkshire"
3435,3505,"Upper Ure"
3436,3489,"Upper Derwent Yorkshire"
3437,3387,"Rye"
3438,3505,"Upper Ure"
3439,3387,"Rye"
3440,3387,"Rye"
3441,3387,"Rye"
3442,3283,"Lower Swale"
3443,3489,"Upper Derwent Yorkshire"
3444,3387,"Rye"
3445,3541,"Wiske"
3446,3489,"Upper Derwent Yorkshire"
3447,3505,"Upper Ure"
3448,3317,"Middle Swale"
3449,3489,"Upper Derwent Yorkshire"
3450,3541,"Wiske"
3451,3309,"Middle and Lower Ure"
3452,3505,"Upper Ure"
3453,3489,"Upper Derwent Yorkshire"
3454,3505,"Upper Ure"
3455,3387,"Rye"
3456,3505,"Upper Ure"
3457,3317,"Middle Swale"
3458,3387,"Rye"
3459,3387,"Rye"
3460,3387,"Rye"
3461,3283,"Lower Swale"
3462,3317,"Middle Swale"
3463,3283,"Lower Swale"
3464,3505,"Upper Ure"
3465,3505,"Upper Ure"
3466,3489,"Upper Derwent Yorkshire"
3467,3505,"Upper Ure"
3468,3283,"Lower Swale"
3469,3505,"Upper Ure"
3470,3489,"Upper Derwent Yorkshire"
3471,3387,"Rye"
3472,3283,"Lower Swale"
3473,3505,"Upper Ure"
3474,3387,"Rye"
3475,3489,"Upper Derwent Yorkshire"
3476,3387,"Rye"
3477,3387,"Rye"
3478,3505,"Upper Ure"
3479,3505,"Upper Ure"
3480,3387,"Rye"
3481,3505,"Upper Ure"
3482,3505,"Upper Ure"
3483,3283,"Lower Swale"
3484,3387,"Rye"
3485,3489,"Upper Derwent Yorkshire"
3486,3387,"Rye"
3487,3317,"Middle Swale"
3488,3489,"Upper Derwent Yorkshire"
3489,3505,"Upper Ure"
3490,3541,"Wiske"
3491,3283,"Lower Swale"
3492,3489,"Upper Derwent Yorkshire"
3493,3505,"Upper Ure"
3494,3489,"Upper Derwent Yorkshire"
3495,3387,"Rye"
3496,3387,"Rye"
3497,3387,"Rye"
3498,3317,"Middle Swale"
3499,3283,"Lower Swale"
3500,3505,"Upper Ure"
3501,3505,"Upper Ure"
3502,3317,"Middle Swale"
3503,3387,"Rye"
3504,3387,"Rye"
3505,3387,"Rye"
3506,3489,"Upper Derwent Yorkshire"
3507,3283,"Lower Swale"
3508,3387,"Rye"
3509,3387,"Rye"
3510,3387,"Rye"
3511,3309,"Middle and Lower Ure"
3512,3387,"Rye"
3513,3489,"Upper Derwent Yorkshire"
3514,3505,"Upper Ure"
3515,3505,"Upper Ure"
3516,3283,"Lower Swale"
3517,3387,"Rye"
3518,3283,"Lower Swale"
3519,3505,"Upper Ure"
3520,3387,"Rye"
3521,3387,"Rye"
3522,3505,"Upper Ure"
3523,3505,"Upper Ure"
3524,3505,"Upper Ure"
3525,3317,"Middle Swale"
3526,3387,"Rye"
3527,3387,"Rye"
3528,3317,"Middle Swale"
3529,3505,"Upper Ure"
3530,3505,"Upper Ure"
3531,3541,"Wiske"
3532,3505,"Upper Ure"
3533,3387,"Rye"
3534,3283,"Lower Swale"
3535,3387,"Rye"
3536,3505,"Upper Ure"
3537,3317,"Middle Swale"
3538,3317,"Middle Swale"
3539,3317,"Middle Swale"
3540,3387,"Rye"
3541,3505,"Upper Ure"
3542,3489,"Upper Derwent Yorkshire"
3543,3505,"Upper Ure"
3544,3505,"Upper Ure"
3545,3387,"Rye"
3546,3387,"Rye"
3547,3317,"Middle Swale"
3548,3317,"Middle Swale"
3549,3317,"Middle Swale"
3550,3387,"Rye"
3551,3505,"Upper Ure"
3552,3387,"Rye"
3553,3387,"Rye"
3554,3387,"Rye"
3555,3387,"Rye"
3556,3505,"Upper Ure"
3557,3387,"Rye"
3558,3317,"Middle Swale"
3559,3317,"Middle Swale"
3560,3283,"Lower Swale"
3561,3387,"Rye"
3562,3505,"Upper Ure"
3563,3505,"Upper Ure"
3564,3387,"Rye"
3565,3387,"Rye"
3566,3309,"Middle and Lower Ure"
3567,3489,"Upper Derwent Yorkshire"
3568,3387,"Rye"
3569,3505,"Upper Ure"
3570,3505,"Upper Ure"
3571,3387,"Rye"
3572,3505,"Upper Ure"
3573,3541,"Wiske"
3574,3387,"Rye"
3575,3505,"Upper Ure"
3576,3309,"Middle and Lower Ure"
3577,3283,"Lower Swale"
3578,3541,"Wiske"
3579,3387,"Rye"
3580,3489,"Upper Derwent Yorkshire"
3581,3489,"Upper Derwent Yorkshire"
3582,3489,"Upper Derwent Yorkshire"
3583,3317,"Middle Swale"
3584,3317,"Middle Swale"
3585,3489,"Upper Derwent Yorkshire"
3586,3505,"Upper Ure"
3587,3387,"Rye"
3588,3387,"Rye"
3589,3489,"Upper Derwent Yorkshire"
3590,3505,"Upper Ure"
3591,3505,"Upper Ure"
3592,3387,"Rye"
3593,3387,"Rye"
3594,3387,"Rye"
3595,3541,"Wiske"
3596,3283,"Lower Swale"
3597,3309,"Middle and Lower Ure"
3598,3387,"Rye"
3599,3387,"Rye"
3600,3387,"Rye"
3601,3317,"Middle Swale"
3602,3387,"Rye"
3603,3505,"Upper Ure"
3604,3489,"Upper Derwent Yorkshire"
3605,3505,"Upper Ure"
3606,3505,"Upper Ure"
3607,3317,"Middle Swale"
3608,3387,"Rye"
3609,3387,"Rye"
3610,3309,"Middle and Lower Ure"
3611,3505,"Upper Ure"
3612,3283,"Lower Swale"
3613,3387,"Rye"
3614,3387,"Rye"
3615,3283,"Lower Swale"
3616,3387,"Rye"
3617,3505,"Upper Ure"
3618,3505,"Upper Ure"
3619,3505,"Upper Ure"
3620,3283,"Lower Swale"
3621,3505,"Upper Ure"
3622,3317,"Middle Swale"
3623,3387,"Rye"
3624,3387,"Rye"
3625,3317,"Middle Swale"
3626,3489,"Upper Derwent Yorkshire"
3627,3505,"Upper Ure"
3628,3283,"Lower Swale"
3629,3505,"Upper Ure"
3630,3387,"Rye"
3631,3505,"Upper Ure"
3632,3387,"Rye"
3633,3317,"Middle Swale"
3634,3505,"Upper Ure"
3635,3387,"Rye"
3636,3387,"Rye"
3637,3283,"Lower Swale"
3638,3317,"Middle Swale"
3639,3505,"Upper Ure"
3640,3489,"Upper Derwent Yorkshire"
3641,3317,"Middle Swale"
3642,3489,"Upper Derwent Yorkshire"
3643,3489,"Upper Derwent Yorkshire"
3644,3505,"Upper Ure"
3645,3387,"Rye"
3646,3317,"Middle Swale"
3647,3489,"Upper Derwent Yorkshire"
3648,3387,"Rye"
3649,3387,"Rye"
3650,3505,"Upper Ure"
3651,3489,"Upper Derwent Yorkshire"
3652,3505,"Upper Ure"
3653,3387,"Rye"
3654,3489,"Upper Derwent Yorkshire"
3655,3387,"Rye"
3656,3387,"Rye"
3657,3505,"Upper Ure"
3658,3317,"Middle Swale"
3659,3505,"Upper Ure"
3660,3317,"Middle Swale"
3661,3283,"Lower Swale"
3662,3489,"Upper Derwent Yorkshire"
3663,3489,"Upper Derwent Yorkshire"
3664,3387,"Rye"
3665,3505,"Upper Ure"
3666,3505,"Upper Ure"
3667,3387,"Rye"
3668,3505,"Upper Ure"
3669,3317,"Middle Swale"
3670,3505,"Upper Ure"
3671,3489,"Upper Derwent Yorkshire"
3672,3505,"Upper Ure"
3673,3387,"Rye"
3674,3317,"Middle Swale"
3675,3387,"Rye"
3676,3387,"Rye"
3677,3505,"Upper Ure"
3678,3505,"Upper Ure"
3679,3317,"Middle Swale"
3680,3505,"Upper Ure"
3681,3387,"Rye"
3682,3505,"Upper Ure"
3683,3387,"Rye"
3684,3505,"Upper Ure"
3685,3505,"Upper Ure"
3686,3387,"Rye"
3687,3387,"Rye"
3688,3317,"Middle Swale"
3689,3387,"Rye"
3690,3505,"Upper Ure"
3691,3387,"Rye"
3692,3489,"Upper Derwent Yorkshire"
3693,3505,"Upper Ure"
3694,3505,"Upper Ure"
3695,3505,"Upper Ure"
3696,3283,"Lower Swale"
3697,3505,"Upper Ure"
3698,3505,"Upper Ure"
3699,3505,"Upper Ure"
3700,3541,"Wiske"
3701,3283,"Lower Swale"
3702,3283,"Lower Swale"
3703,3489,"Upper Derwent Yorkshire"
3704,3505,"Upper Ure"
3705,3317,"Middle Swale"
3706,3283,"Lower Swale"
3707,3317,"Middle Swale"
3708,3541,"Wiske"
3709,3505,"Upper Ure"
3710,3489,"Upper Derwent Yorkshire"
3711,3505,"Upper Ure"
3712,3387,"Rye"
3713,3505,"Upper Ure"
3714,3505,"Upper Ure"
3715,3541,"Wiske"
3716,3283,"Lower Swale"
3717,3541,"Wiske"
3718,3505,"Upper Ure"
3719,3317,"Middle Swale"
3720,3387,"Rye"
3721,3489,"Upper Derwent Yorkshire"
3722,3387,"Rye"
3723,3505,"Upper Ure"
3724,3387,"Rye"
3725,3505,"Upper Ure"
3726,3387,"Rye"
3727,3505,"Upper Ure"
3728,3505,"Upper Ure"
3729,3505,"Upper Ure"
3730,3387,"Rye"
3731,3317,"Middle Swale"
3732,3283,"Lower Swale"
3733,3387,"Rye"
3734,3387,"Rye"
3735,3387,"Rye"
3736,3317,"Middle Swale"
3737,3489,"Upper Derwent Yorkshire"
3738,3317,"Middle Swale"
3739,3505,"Upper Ure"
3740,3505,"Upper Ure"
3741,3317,"Middle Swale"
3742,3489,"Upper Derwent Yorkshire"
3743,3489,"Upper Derwent Yorkshire"
3744,3489,"Upper Derwent Yorkshire"
3745,3505,"Upper Ure"
3746,3505,"Upper Ure"
3747,3309,"Middle and Lower Ure"
3748,3505,"Upper Ure"
3749,3505,"Upper Ure"
3750,3505,"Upper Ure"
3751,3489,"Upper Derwent Yorkshire"
3752,3387,"Rye"
3753,3489,"Upper Derwent Yorkshire"
3754,3309,"Middle and Lower Ure"
3755,3283,"Lower Swale"
3756,3489,"Upper Derwent Yorkshire"
3757,3283,"Lower Swale"
3758,3505,"Upper Ure"
3759,3387,"Rye"
3760,3489,"Upper Derwent Yorkshire"
3761,3505,"Upper Ure"
3762,3505,"Upper Ure"
3763,3387,"Rye"
3764,3317,"Middle Swale"
3765,3387,"Rye"
3766,3505,"Upper Ure"
3767,3283,"Lower Swale"
3768,3387,"Rye"
3769,3505,"Upper Ure"
3770,3283,"Lower Swale"
3771,3387,"Rye"
3772,3541,"Wiske"
3773,3387,"Rye"
3774,3505,"Upper Ure"
3775,3505,"Upper Ure"
3776,3505,"Upper Ure"
3777,3387,"Rye"
3778,3387,"Rye"
3779,3489,"Upper Derwent Yorkshire"
3780,3317,"Middle Swale"
3781,3387,"Rye"
3782,3505,"Upper Ure"
3783,3309,"Middle and Lower Ure"
3784,3317,"Middle Swale"
3785,3317,"Middle Swale"
3786,3387,"Rye"
3787,3387,"Rye"
3788,3505,"Upper Ure"
3789,3387,"Rye"
3790,3283,"Lower Swale"
3791,3283,"Lower Swale"
3792,3489,"Upper Derwent Yorkshire"
3793,3505,"Upper Ure"
3794,3317,"Middle Swale"
3795,3505,"Upper Ure"
3796,3489,"Upper Derwent Yorkshire"
3797,3505,"Upper Ure"
3798,3387,"Rye"
3799,3505,"Upper Ure"
3800,3505,"Upper Ure"
3801,3505,"Upper Ure"
3802,3505,"Upper Ure"
3803,3489,"Upper Derwent Yorkshire"
3804,3387,"Rye"
3805,3489,"Upper Derwent Yorkshire"
3806,3387,"Rye"
3807,3489,"Upper Derwent Yorkshire"
3808,3317,"Middle Swale"
3809,3505,"Upper Ure"
3810,3309,"Middle and Lower Ure"
3811,3489,"Upper Derwent Yorkshire"
3812,3387,"Rye"
3813,3309,"Middle and Lower Ure"
3814,3317,"Middle Swale"
3815,3505,"Upper Ure"
3816,3283,"Lower Swale"
3817,3505,"Upper Ure"
3818,3505,"Upper Ure"
3819,3283,"Lower Swale"
3820,3505,"Upper Ure"
3821,3489,"Upper Derwent Yorkshire"
3822,3317,"Middle Swale"
3823,3317,"Middle Swale"
3824,3505,"Upper Ure"
3825,3387,"Rye"
3826,3387,"Rye"
3827,3489,"Upper Derwent Yorkshire"
3828,3387,"Rye"
3829,3505,"Upper Ure"
3830,3387,"Rye"
3831,3505,"Upper Ure"
3832,3505,"Upper Ure"
3833,3505,"Upper Ure"
3834,3505,"Upper Ure"
3835,3489,"Upper Derwent Yorkshire"
3836,3505,"Upper Ure"
3837,3317,"Middle Swale"
3838,3489,"Upper Derwent Yorkshire"
3839,3505,"Upper Ure"
3840,3505,"Upper Ure"
3841,3505,"Upper Ure"
3842,3505,"Upper Ure"
3843,3489,"Upper Derwent Yorkshire"
3844,3387,"Rye"
3845,3387,"Rye"
3846,3309,"Middle and Lower Ure"
3847,3387,"Rye"
3848,3283,"Lower Swale"
3849,3283,"Lower Swale"
3850,3387,"Rye"
3851,3505,"Upper Ure"
3852,3505,"Upper Ure"
3853,3541,"Wiske"
3854,3387,"Rye"
3855,3489,"Upper Derwent Yorkshire"
3856,3489,"Upper Derwent Yorkshire"
3857,3283,"Lower Swale"
3858,3541,"Wiske"
3859,3489,"Upper Derwent Yorkshire"
3860,3317,"Middle Swale"
3861,3541,"Wiske"
3862,3489,"Upper Derwent Yorkshire"
3863,3505,"Upper Ure"
3864,3505,"Upper Ure"
3865,3317,"Middle Swale"
3866,3283,"Lower Swale"
3867,3387,"Rye"
3868,3387,"Rye"
3869,3387,"Rye"
3870,3489,"Upper Derwent Yorkshire"
3871,3505,"Upper Ure"
3872,3387,"Rye"
3873,3387,"Rye"
3874,3505,"Upper Ure"
3875,3505,"Upper Ure"
3876,3489,"Upper Derwent Yorkshire"
3877,3387,"Rye"
3878,3489,"Upper Derwent Yorkshire"
3879,3505,"Upper Ure"
3880,3283,"Lower Swale"
3881,3283,"Lower Swale"
3882,3387,"Rye"
3883,3317,"Middle Swale"
3884,3505,"Upper Ure"
3885,3387,"Rye"
3886,3387,"Rye"
3887,3309,"Middle and Lower Ure"
3888,3283,"Lower Swale"
3889,3387,"Rye"
3890,3489,"Upper Derwent Yorkshire"
3891,3489,"Upper Derwent Yorkshire"
3892,3387,"Rye"
3893,3283,"Lower Swale"
3894,3489,"Upper Derwent Yorkshire"
3895,3505,"Upper Ure"
3896,3387,"Rye"
3897,3387,"Rye"
3898,3505,"Upper Ure"
3899,3283,"Lower Swale"
3900,3489,"Upper Derwent Yorkshire"
3901,3283,"Lower Swale"
3902,3505,"Upper Ure"
3903,3489,"Upper Derwent Yorkshire"
3904,3317,"Middle Swale"
3905,3387,"Rye"
3906,3489,"Upper Derwent Yorkshire"
3907,3505,"Upper Ure"
3908,3283,"Lower Swale"
3909,3505,"Upper Ure"
3910,3387,"Rye"
3911,3317,"Middle Swale"
3912,3317,"Middle Swale"
3913,3489,"Upper Derwent Yorkshire"
3914,3387,"Rye"
3915,3505,"Upper Ure"
3916,3505,"Upper Ure"
3917,3387,"Rye"
3918,3505,"Upper Ure"
3919,3309,"Middle and Lower Ure"
3920,3387,"Rye"
3921,3505,"Upper Ure"
3922,3505,"Upper Ure"
3923,3317,"Middle Swale"
3924,3387,"Rye"
3925,3309,"Middle and Lower Ure"
3926,3505,"Upper Ure"
3927,3317,"Middle Swale"
3928,3387,"Rye"
3929,3505,"Upper Ure"
3930,3505,"Upper Ure"
3931,3505,"Upper Ure"
3932,3317,"Middle Swale"
3933,3489,"Upper Derwent Yorkshire"
3934,3283,"Lower Swale"
3935,3387,"Rye"
3936,3387,"Rye"
3937,3505,"Upper Ure"
3938,3505,"Upper Ure"
3939,3505,"Upper Ure"
3940,3283,"Lower Swale"
3941,3541,"Wiske"
3942,3387,"Rye"
3943,3387,"Rye"
3944,3505,"Upper Ure"
3945,3541,"Wiske"
3946,3283,"Lower Swale"
3947,3489,"Upper Derwent Yorkshire"
3948,3387,"Rye"
3949,3309,"Middle and Lower Ure"
3950,3387,"Rye"
3951,3505,"Upper Ure"
3952,3317,"Middle Swale"
3953,3387,"Rye"
3954,3387,"Rye"
3955,3489,"Upper Derwent Yorkshire"
3956,3489,"Upper Derwent Yorkshire"
3957,3505,"Upper Ure"
3958,3505,"Upper Ure"
3959,3317,"Middle Swale"
3960,3387,"Rye"
3961,3489,"Upper Derwent Yorkshire"
3962,3309,"Middle and Lower Ure"
3963,3387,"Rye"
3964,3489,"Upper Derwent Yorkshire"
3965,3317,"Middle Swale"
3966,3489,"Upper Derwent Yorkshire"
3967,3505,"Upper Ure"
3968,3505,"Upper Ure"
3969,3387,"Rye"
3970,3505,"Upper Ure"
3971,3317,"Middle Swale"
3972,3505,"Upper Ure"
3973,3505,"Upper Ure"
3974,3387,"Rye"
3975,3387,"Rye"
3976,3489,"Upper Derwent Yorkshire"
3977,3505,"Upper Ure"
3978,3505,"Upper Ure"
3979,3505,"Upper Ure"
3980,3309,"Middle and Lower Ure"
3981,3489,"Upper Derwent Yorkshire"
3982,3317,"Middle Swale"
3983,3387,"Rye"
3984,3387,"Rye"
3985,3317,"Middle Swale"
3986,3309,"Middle and Lower Ure"
3987,3387,"Rye"
3988,3317,"Middle Swale"
3989,3489,"Upper Derwent Yorkshire"
3990,3387,"Rye"
3991,3387,"Rye"
3992,3505,"Upper Ure"
3993,3387,"Rye"
3994,3309,"Middle and Lower Ure"
3995,3489,"Upper Derwent Yorkshire"
3996,3505,"Upper Ure"
3997,3505,"Upper Ure"
3998,3309,"Middle and Lower Ure"
3999,3387,"Rye"
4000,3387,"Rye"
4001,3283,"Lower Swale"
4002,3283,"Lower Swale"
4003,3541,"Wiske"
4004,3283,"Lower Swale"
4005,3387,"Rye"
4006,3505,"Upper Ure"
4007,3387,"Rye"
4008,3489,"Upper Derwent Yorkshire"
4009,3387,"Rye"
4010,3489,"Upper Derwent Yorkshire"
4011,3505,"Upper Ure"
4012,3489,"Upper Derwent Yorkshire"
4013,3505,"Upper Ure"
4014,3317,"Middle Swale"
4015,3505,"Upper Ure"
4016,3489,"Upper Derwent Yorkshire"
4017,3489,"Upper Derwent Yorkshire"
4018,3317,"Middle Swale"
4019,3505,"Upper Ure"
4020,3283,"Lower Swale"
4021,3505,"Upper Ure"
4022,3489,"Upper Derwent Yorkshire"
4023,3387,"Rye"
4024,3283,"Lower Swale"
4025,3309,"Middle and Lower Ure"
4026,3489,"Upper Derwent Yorkshire"
4027,3505,"Upper Ure"
4028,3387,"Rye"
4029,3387,"Rye"
4030,3505,"Upper Ure"
4031,3387,"Rye"
4032,3387,"Rye"
4033,3489,"Upper Derwent Yorkshire"
4034,3505,"Upper Ure"
4035,3505,"Upper Ure"
4036,3505,"Upper Ure"
4037,3309,"Middle and Lower Ure"
4038,3505,"Upper Ure"
4039,3505,"Upper Ure"
4040,3317,"Middle Swale"
4041,3387,"Rye"
4042,3505,"Upper Ure"
4043,3387,"Rye"
4044,3489,"Upper Derwent Yorkshire"
4045,3317,"Middle Swale"
4046,3541,"Wiske"
4047,3283,"Lower Swale"
4048,3317,"Middle Swale"
4049,3387,"Rye"
4050,3489,"Upper Derwent Yorkshire"
4051,3505,"Upper Ure"
4052,3387,"Rye"
4053,3387,"Rye"
4054,3317,"Middle Swale"
4055,3387,"Rye"
4056,3505,"Upper Ure"
4057,3387,"Rye"
4058,3489,"Upper Derwent Yorkshire"
4059,3387,"Rye"
4060,3489,"Upper Derwent Yorkshire"
4061,3387,"Rye"
4062,3505,"Upper Ure"
4063,3489,"Upper Derwent Yorkshire"
4064,3283,"Lower Swale"
4065,3505,"Upper Ure"
4066,3505,"Upper Ure"
4067,3387,"Rye"
4068,3489,"Upper Derwent Yorkshire"
4069,3489,"Upper Derwent Yorkshire"
4070,3489,"Upper Derwent Yorkshire"
4071,3505,"Upper Ure"
4072,3283,"Lower Swale"
4073,3387,"Rye"
4074,3387,"Rye"
4075,3317,"Middle Swale"
4076,3505,"Upper Ure"
4077,3505,"Upper Ure"
4078,3317,"Middle Swale"
4079,3505,"Upper Ure"
4080,3387,"Rye"
4081,3387,"Rye"
4082,3505,"Upper Ure"
4083,3505,"Upper Ure"
4084,3309,"Middle and Lower Ure"
4085,3387,"Rye"
4086,3489,"Upper Derwent Yorkshire"
4087,3505,"Upper Ure"
4088,3541,"Wiske"
4089,3309,"Middle and Lower Ure"
4090,3387,"Rye"
4091,3387,"Rye"
4092,3387,"Rye"
4093,3387,"Rye"
4094,3317,"Middle Swale"
4095,3489,"Upper Derwent Yorkshire"
4096,3387,"Rye"
4097,3489,"Upper Derwent Yorkshire"
4098,3489,"Upper Derwent Yorkshire"
4099,3489,"Upper Derwent Yorkshire"
4100,3283,"Lower Swale"
4101,3505,"Upper Ure"
4102,3387,"Rye"
4103,3505,"Upper Ure"
4104,3283,"Lower Swale"
4105,3541,"Wiske"
4106,3283,"Lower Swale"
4107,3317,"Middle Swale"
4108,3505,"Upper Ure"
4109,3505,"Upper Ure"
4110,3505,"Upper Ure"
4111,3283,"Lower Swale"
4112,3387,"Rye"
4113,3541,"Wiske"
4114,3387,"Rye"
4115,3387,"Rye"
4116,3541,"Wiske"
4117,3489,"Upper Derwent Yorkshire"
4118,3541,"Wiske"
4119,3489,"Upper Derwent Yorkshire"
4120,3317,"Middle Swale"
4121,3505,"Upper Ure"
4122,3317,"Middle Swale"
4123,3317,"Middle Swale"
4124,3387,"Rye"
4125,3505,"Upper Ure"
4126,3541,"Wiske"
4127,3541,"Wiske"
4128,3489,"Upper Derwent Yorkshire"
4129,3505,"Upper Ure"
4130,3489,"Upper Derwent Yorkshire"
4131,3317,"Middle Swale"
4132,3387,"Rye"
4133,3489,"Upper Derwent Yorkshire"
4134,3505,"Upper Ure"
4135,3309,"Middle and Lower Ure"
4136,3317,"Middle Swale"
4137,3283,"Lower Swale"
4138,3489,"Upper Derwent Yorkshire"
4139,3505,"Upper Ure"
4140,3505,"Upper Ure"
4141,3489,"Upper Derwent Yorkshire"
4142,3505,"Upper Ure"
4143,3283,"Lower Swale"
4144,3489,"Upper Derwent Yorkshire"
4145,3505,"Upper Ure"
4146,3541,"Wiske"
4147,3505,"Upper Ure"
4148,3387,"Rye"
4149,3387,"Rye"
4150,3505,"Upper Ure"
4151,3387,"Rye"
4152,3489,"Upper Derwent Yorkshire"
4153,3505,"Upper Ure"
4154,3541,"Wiske"
4155,3387,"Rye"
4156,3489,"Upper Derwent Yorkshire"
4157,3317,"Middle Swale"
4158,3505,"Upper Ure"
4159,3505,"Upper Ure"
4160,3317,"Middle Swale"
4161,3317,"Middle Swale"
4162,3283,"Lower Swale"
4163,3489,"Upper Derwent Yorkshire"
4164,3505,"Upper Ure"
4165,3505,"Upper Ure"
4166,3283,"Lower Swale"
4167,3387,"Rye"
4168,3489,"Upper Derwent Yorkshire"
4169,3505,"Upper Ure"
4170,3489,"Upper Derwent Yorkshire"
4171,3505,"Upper Ure"
4172,3505,"Upper Ure"
4173,3505,"Upper Ure"
4174,3309,"Middle and Lower Ure"
4175,3317,"Middle Swale"
4176,3283,"Lower Swale"
4177,3387,"Rye"
4178,3387,"Rye"
4179,3387,"Rye"
4180,3387,"Rye"
4181,3387,"Rye"
4182,3489,"Upper Derwent Yorkshire"
4183,3317,"Middle Swale"
4184,3505,"Upper Ure"
4185,3505,"Upper Ure"
4186,3283,"Lower Swale"
4187,3505,"Upper Ure"
4188,3489,"Upper Derwent Yorkshire"
4189,3505,"Upper Ure"
4190,3387,"Rye"
4191,3505,"Upper Ure"
4192,3505,"Upper Ure"
4193,3489,"Upper Derwent Yorkshire"
4194,3489,"Upper Derwent Yorkshire"
4195,3317,"Middle Swale"
4196,3541,"Wiske"
4197,3283,"Lower Swale"
4198,3387,"Rye"
4199,3317,"Middle Swale"
4200,3317,"Middle Swale"
4201,3387,"Rye"
4202,3505,"Upper Ure"
4203,3505,"Upper Ure"
4204,3387,"Rye"
4205,3541,"Wiske"
4206,3387,"Rye"
4207,3489,"Upper Derwent Yorkshire"
4208,3505,"Upper Ure"
4209,3309,"Middle and Lower Ure"
4210,3317,"Middle Swale"
4211,3505,"Upper Ure"
4212,3387,"Rye"
4213,3505,"Upper Ure"
4214,3505,"Upper Ure"
4215,3505,"Upper Ure"
4216,3387,"Rye"
4217,3505,"Upper Ure"
4218,3387,"Rye"
4219,3387,"Rye"
4220,3387,"Rye"
4221,3489,"Upper Derwent Yorkshire"
4222,3505,"Upper Ure"
4223,3505,"Upper Ure"
4224,3387,"Rye"
4225,3283,"Lower Swale"
4226,3489,"Upper Derwent Yorkshire"
4227,3489,"Upper Derwent Yorkshire"
4228,3489,"Upper Derwent Yorkshire"
4229,3505,"Upper Ure"
4230,3387,"Rye"
4231,3317,"Middle Swale"
4232,3387,"Rye"
4233,3489,"Upper Derwent Yorkshire"
4234,3489,"Upper Derwent Yorkshire"
4235,3489,"Upper Derwent Yorkshire"
4236,3317,"Middle Swale"
4237,3489,"Upper Derwent Yorkshire"
4238,3505,"Upper Ure"
4239,3505,"Upper Ure"
4240,3505,"Upper Ure"
4241,3387,"Rye"
4242,3489,"Upper Derwent Yorkshire"
4243,3489,"Upper Derwent Yorkshire"
4244,3489,"Upper Derwent Yorkshire"
4245,3317,"Middle Swale"
4246,3505,"Upper Ure"
4247,3283,"Lower Swale"
4248,3505,"Upper Ure"
4249,3489,"Upper Derwent Yorkshire"
4250,3505,"Upper Ure"
4251,3541,"Wiske"
4252,3283,"Lower Swale"
4253,3505,"Upper Ure"
4254,3387,"Rye"
4255,3489,"Upper Derwent Yorkshire"
4256,3489,"Upper Derwent Yorkshire"
4257,3317,"Middle Swale"
4258,3283,"Lower Swale"
4259,3387,"Rye"
4260,3387,"Rye"
4261,3489,"Upper Derwent Yorkshire"
4262,3505,"Upper Ure"
4263,3489,"Upper Derwent Yorkshire"
4264,3505,"Upper Ure"
4265,3387,"Rye"
4266,3317,"Middle Swale"
4267,3505,"Upper Ure"
4268,3309,"Middle and Lower Ure"
4269,3387,"Rye"
4270,3387,"Rye"
4271,3387,"Rye"
4272,3387,"Rye"
4273,3505,"Upper Ure"
4274,3387,"Rye"
4275,3489,"Upper Derwent Yorkshire"
4276,3387,"Rye"
4277,3309,"Middle and Lower Ure"
4278,3505,"Upper Ure"
4279,3283,"Lower Swale"
4280,3489,"Upper Derwent Yorkshire"
4281,3505,"Upper Ure"
4282,3309,"Middle and Lower Ure"
4283,3489,"Upper Derwent Yorkshire"
4284,3489,"Upper Derwent Yorkshire"
4285,3541,"Wiske"
4286,3387,"Rye"
4287,3317,"Middle Swale"
4288,3387,"Rye"
4289,3309,"Middle and Lower Ure"
4290,3505,"Upper Ure"
4291,3489,"Upper Derwent Yorkshire"
4292,3489,"Upper Derwent Yorkshire"
4293,3489,"Upper Derwent Yorkshire"
4294,3283,"Lower Swale"
4295,3387,"Rye"
4296,3489,"Upper Derwent Yorkshire"
4297,3387,"Rye"
4298,3309,"Middle and Lower Ure"
4299,3387,"Rye"
4300,3505,"Upper Ure"
4301,3387,"Rye"
4302,3489,"Upper Derwent Yorkshire"
4303,3489,"Upper Derwent Yorkshire"
4304,3505,"Upper Ure"
4305,3387,"Rye"
4306,3387,"Rye"
4307,3387,"Rye"
4308,3505,"Upper Ure"
4309,3283,"Lower Swale"
4310,3387,"Rye"
4311,3489,"Upper Derwent Yorkshire"
4312,3541,"Wiske"
4313,3505,"Upper Ure"
4314,3387,"Rye"
4315,3309,"Middle and Lower Ure"
4316,3489,"Upper Derwent Yorkshire"
4317,3283,"Lower Swale"
4318,3489,"Upper Derwent Yorkshire"
4319,3317,"Middle Swale"
4320,3317,"Middle Swale"
4321,3317,"Middle Swale"
4322,3387,"Rye"
4323,3505,"Upper Ure"
4324,3505,"Upper Ure"
4325,3387,"Rye"
4326,3505,"Upper Ure"
4327,3505,"Upper Ure"
4328,3505,"Upper Ure"
4329,3489,"Upper Derwent Yorkshire"
4330,3387,"Rye"
4331,3541,"Wiske"
4332,3283,"Lower Swale"
4333,3309,"Middle and Lower Ure"
4334,3309,"Middle and Lower Ure"
4335,3283,"Lower Swale"
4336,3387,"Rye"
4337,3505,"Upper Ure"
4338,3309,"Middle and Lower Ure"
4339,3283,"Lower Swale"
4340,3317,"Middle Swale"
4341,3387,"Rye"
4342,3309,"Middle and Lower Ure"
4343,3505,"Upper Ure"
4344,3387,"Rye"
4345,3317,"Middle Swale"
4346,3387,"Rye"
4347,3387,"Rye"
4348,3505,"Upper Ure"
4349,3387,"Rye"
4350,3309,"Middle and Lower Ure"
4351,3505,"Upper Ure"
4352,3387,"Rye"
4353,3489,"Upper Derwent Yorkshire"
4354,3505,"Upper Ure"
4355,3309,"Middle and Lower Ure"
4356,3387,"Rye"
4357,3489,"Upper Derwent Yorkshire"
4358,3317,"Middle Swale"
4359,3283,"Lower Swale"
4360,3387,"Rye"
4361,3387,"Rye"
4362,3505,"Upper Ure"
4363,3283,"Lower Swale"
4364,3505,"Upper Ure"
4365,3505,"Upper Ure"
4366,3387,"Rye"
4367,3387,"Rye"
4368,3283,"Lower Swale"
4369,3387,"Rye"
4370,3317,"Middle Swale"
4371,3489,"Upper Derwent Yorkshire"
4372,3505,"Upper Ure"
4373,3489,"Upper Derwent Yorkshire"
4374,3489,"Upper Derwent Yorkshire"
4375,3489,"Upper Derwent Yorkshire"
4376,3541,"Wiske"
4377,3387,"Rye"
4378,3489,"Upper Derwent Yorkshire"
4379,3489,"Upper Derwent Yorkshire"
4380,3505,"Upper Ure"
4381,3387,"Rye"
4382,3505,"Upper Ure"
4383,3541,"Wiske"
4384,3505,"Upper Ure"
4385,3283,"Lower Swale"
4386,3317,"Middle Swale"
4387,3387,"Rye"
4388,3489,"Upper Derwent Yorkshire"
4389,3317,"Middle Swale"
4390,3283,"Lower Swale"
4391,3317,"Middle Swale"
4392,3387,"Rye"
4393,3387,"Rye"
4394,3387,"Rye"
4395,3317,"Middle Swale"
4396,3505,"Upper Ure"
4397,3387,"Rye"
4398,3505,"Upper Ure"
4399,3489,"Upper Derwent Yorkshire"
4400,3387,"Rye"
4401,3541,"Wiske"
4402,3489,"Upper Derwent Yorkshire"
4403,3505,"Upper Ure"
4404,3387,"Rye"
4405,3387,"Rye"
4406,3505,"Upper Ure"
4407,3489,"Upper Derwent Yorkshire"
4408,3505,"Upper Ure"
4409,3489,"Upper Derwent Yorkshire"
4410,3489,"Upper Derwent Yorkshire"
4411,3505,"Upper Ure"
4412,3283,"Lower Swale"
4413,3387,"Rye"
4414,3387,"Rye"
4415,3489,"Upper Derwent Yorkshire"
4416,3505,"Upper Ure"
4417,3541,"Wiske"
4418,3489,"Upper Derwent Yorkshire"
4419,3505,"Upper Ure"
4420,3387,"Rye"
4421,3387,"Rye"
4422,3387,"Rye"
4423,3505,"Upper Ure"
4424,3489,"Upper Derwent Yorkshire"
4425,3387,"Rye"
4426,3507,"Upper Wharfe"
4427,3317,"Middle Swale"
4428,3387,"Rye"
4429,3387,"Rye"
4430,3317,"Middle Swale"
4431,3387,"Rye"
4432,3505,"Upper Ure"
4433,3505,"Upper Ure"
4434,3387,"Rye"
4435,3505,"Upper Ure"
4436,3505,"Upper Ure"
4437,3505,"Upper Ure"
4438,3387,"Rye"
4439,3387,"Rye"
4440,3505,"Upper Ure"
4441,3387,"Rye"
4442,3489,"Upper Derwent Yorkshire"
4443,3283,"Lower Swale"
4444,3387,"Rye"
4445,3489,"Upper Derwent Yorkshire"
4446,3505,"Upper Ure"
4447,3309,"Middle and Lower Ure"
4448,3489,"Upper Derwent Yorkshire"
4449,3505,"Upper Ure"
4450,3387,"Rye"
4451,3489,"Upper Derwent Yorkshire"
4452,3505,"Upper Ure"
4453,3489,"Upper Derwent Yorkshire"
4454,3283,"Lower Swale"
4455,3505,"Upper Ure"
4456,3387,"Rye"
4457,3489,"Upper Derwent Yorkshire"
4458,3505,"Upper Ure"
4459,3489,"Upper Derwent Yorkshire"
4460,3489,"Upper Derwent Yorkshire"
4461,3489,"Upper Derwent Yorkshire"
4462,3505,"Upper Ure"
4463,3505,"Upper Ure"
4464,3541,"Wiske"
4465,3387,"Rye"
4466,3505,"Upper Ure"
4467,3317,"Middle Swale"
4468,3387,"Rye"
4469,3489,"Upper Derwent Yorkshire"
4470,3387,"Rye"
4471,3489,"Upper Derwent Yorkshire"
4472,3317,"Middle Swale"
4473,3283,"Lower Swale"
4474,3505,"Upper Ure"
4475,3387,"Rye"
4476,3387,"Rye"
4477,3541,"Wiske"
4478,3317,"Middle Swale"
4479,3317,"Middle Swale"
4480,3489,"Upper Derwent Yorkshire"
4481,3283,"Lower Swale"
4482,3387,"Rye"
4483,3387,"Rye"
4484,3283,"Lower Swale"
4485,3489,"Upper Derwent Yorkshire"
4486,3317,"Middle Swale"
4487,3387,"Rye"
4488,3387,"Rye"
4489,3387,"Rye"
4490,3489,"Upper Derwent Yorkshire"
4491,3505,"Upper Ure"
4492,3317,"Middle Swale"
4493,3489,"Upper Derwent Yorkshire"
4494,3489,"Upper Derwent Yorkshire"
4495,3489,"Upper Derwent Yorkshire"
4496,3489,"Upper Derwent Yorkshire"
4497,3387,"Rye"
4498,3309,"Middle and Lower Ure"
4499,3387,"Rye"
4500,3489,"Upper Derwent Yorkshire"
4501,3317,"Middle Swale"
4502,3505,"Upper Ure"
4503,3505,"Upper Ure"
4504,3505,"Upper Ure"
4505,3387,"Rye"
4506,3317,"Middle Swale"
4507,3283,"Lower Swale"
4508,3387,"Rye"
4509,3489,"Upper Derwent Yorkshire"
4510,3309,"Middle and Lower Ure"
4511,3317,"Middle Swale"
4512,3507,"Upper Wharfe"
4513,3505,"Upper Ure"
4514,3489,"Upper Derwent Yorkshire"
4515,3283,"Lower Swale"
4516,3489,"Upper Derwent Yorkshire"
4517,3505,"Upper Ure"
4518,3505,"Upper Ure"
4519,3387,"Rye"
4520,3489,"Upper Derwent Yorkshire"
4521,3489,"Upper Derwent Yorkshire"
4522,3387,"Rye"
4523,3505,"Upper Ure"
4524,3489,"Upper Derwent Yorkshire"
4525,3309,"Middle and Lower Ure"
4526,3541,"Wiske"
4527,3489,"Upper Derwent Yorkshire"
4528,3309,"Middle and Lower Ure"
4529,3505,"Upper Ure"
4530,3387,"Rye"
4531,3309,"Middle and Lower Ure"
4532,3387,"Rye"
4533,3317,"Middle Swale"
4534,3283,"Lower Swale"
4535,3541,"Wiske"
4536,3489,"Upper Derwent Yorkshire"
4537,3387,"Rye"
4538,3505,"Upper Ure"
4539,3309,"Middle and Lower Ure"
4540,3309,"Middle and Lower Ure"
4541,3541,"Wiske"
4542,3283,"Lower Swale"
4543,3387,"Rye"
4544,3505,"Upper Ure"
4545,3505,"Upper Ure"
4546,3283,"Lower Swale"
4547,3387,"Rye"
4548,3489,"Upper Derwent Yorkshire"
4549,3283,"Lower Swale"
4550,3505,"Upper Ure"
4551,3283,"Lower Swale"
4552,3309,"Middle and Lower Ure"
4553,3387,"Rye"
4554,3309,"Middle and Lower Ure"
4555,3309,"Middle and Lower Ure"
4556,3283,"Lower Swale"
4557,3505,"Upper Ure"
4558,3309,"Middle and Lower Ure"
4559,3387,"Rye"
4560,3489,"Upper Derwent Yorkshire"
4561,3505,"Upper Ure"
4562,3541,"Wiske"
4563,3283,"Lower Swale"
4564,3387,"Rye"
4565,3489,"Upper Derwent Yorkshire"
4566,3489,"Upper Derwent Yorkshire"
4567,3489,"Upper Derwent Yorkshire"
4568,3317,"Middle Swale"
4569,3387,"Rye"
4570,3309,"Middle and Lower Ure"
4571,3309,"Middle and Lower Ure"
4572,3489,"Upper Derwent Yorkshire"
4573,3283,"Lower Swale"
4574,3387,"Rye"
4575,3489,"Upper Derwent Yorkshire"
4576,3387,"Rye"
4577,3541,"Wiske"
4578,3387,"Rye"
4579,3317,"Middle Swale"
4580,3387,"Rye"
4581,3489,"Upper Derwent Yorkshire"
4582,3505,"Upper Ure"
4583,3505,"Upper Ure"
4584,3489,"Upper Derwent Yorkshire"
4585,3317,"Middle Swale"
4586,3283,"Lower Swale"
4587,3283,"Lower Swale"
4588,3283,"Lower Swale"
4589,3283,"Lower Swale"
4590,3505,"Upper Ure"
4591,3505,"Upper Ure"
4592,3317,"Middle Swale"
4593,3507,"Upper Wharfe"
4594,3283,"Lower Swale"
4595,3387,"Rye"
4596,3387,"Rye"
4597,3489,"Upper Derwent Yorkshire"
4598,3283,"Lower Swale"
4599,3283,"Lower Swale"
4600,3489,"Upper Derwent Yorkshire"
4601,3309,"Middle and Lower Ure"
4602,3489,"Upper Derwent Yorkshire"
4603,3489,"Upper Derwent Yorkshire"
4604,3283,"Lower Swale"
4605,3387,"Rye"
4606,3387,"Rye"
4607,3489,"Upper Derwent Yorkshire"
4608,3317,"Middle Swale"
4609,3283,"Lower Swale"
4610,3387,"Rye"
4611,3505,"Upper Ure"
4612,3283,"Lower Swale"
4613,3507,"Upper Wharfe"
4614,3505,"Upper Ure"
4615,3309,"Middle and Lower Ure"
4616,3505,"Upper Ure"
4617,3387,"Rye"
4618,3489,"Upper Derwent Yorkshire"
4619,3489,"Upper Derwent Yorkshire"
4620,3489,"Upper Derwent Yorkshire"
4621,3283,"Lower Swale"
4622,3489,"Upper Derwent Yorkshire"
4623,3387,"Rye"
4624,3387,"Rye"
4625,3541,"Wiske"
4626,3489,"Upper Derwent Yorkshire"
4627,3505,"Upper Ure"
4628,3505,"Upper Ure"
4629,3283,"Lower Swale"
4630,3387,"Rye"
4631,3489,"Upper Derwent Yorkshire"
4632,3387,"Rye"
4633,3505,"Upper Ure"
4634,3489,"Upper Derwent Yorkshire"
4635,3309,"Middle and Lower Ure"
4636,3387,"Rye"
4637,3283,"Lower Swale"
4638,3489,"Upper Derwent Yorkshire"
4639,3489,"Upper Derwent Yorkshire"
4640,3387,"Rye"
4641,3489,"Upper Derwent Yorkshire"
4642,3387,"Rye"
4643,3309,"Middle and Lower Ure"
4644,3387,"Rye"
4645,3505,"Upper Ure"
4646,3317,"Middle Swale"
4647,3489,"Upper Derwent Yorkshire"
4648,3507,"Upper Wharfe"
4649,3505,"Upper Ure"
4650,3387,"Rye"
4651,3387,"Rye"
4652,3489,"Upper Derwent Yorkshire"
4653,3505,"Upper Ure"
4654,3387,"Rye"
4655,3489,"Upper Derwent Yorkshire"
4656,3309,"Middle and Lower Ure"
4657,3387,"Rye"
4658,3309,"Middle and Lower Ure"
4659,3489,"Upper Derwent Yorkshire"
4660,3489,"Upper Derwent Yorkshire"
4661,3489,"Upper Derwent Yorkshire"
4662,3505,"Upper Ure"
4663,3283,"Lower Swale"
4664,3317,"Middle Swale"
4665,3387,"Rye"
4666,3489,"Upper Derwent Yorkshire"
4667,3507,"Upper Wharfe"
4668,3387,"Rye"
4669,3309,"Middle and Lower Ure"
4670,3283,"Lower Swale"
4671,3387,"Rye"
4672,3489,"Upper Derwent Yorkshire"
4673,3489,"Upper Derwent Yorkshire"
4674,3507,"Upper Wharfe"
4675,3309,"Middle and Lower Ure"
4676,3505,"Upper Ure"
4677,3507,"Upper Wharfe"
4678,3309,"Middle and Lower Ure"
4679,3387,"Rye"
4680,3505,"Upper Ure"
4681,3387,"Rye"
4682,3489,"Upper Derwent Yorkshire"
4683,3489,"Upper Derwent Yorkshire"
4684,3387,"Rye"
4685,3505,"Upper Ure"
4686,3507,"Upper Wharfe"
4687,3309,"Middle and Lower Ure"
4688,3489,"Upper Derwent Yorkshire"
4689,3507,"Upper Wharfe"
4690,3387,"Rye"
4691,3309,"Middle and Lower Ure"
4692,3283,"Lower Swale"
4693,3541,"Wiske"
4694,3505,"Upper Ure"
4695,3283,"Lower Swale"
4696,3489,"Upper Derwent Yorkshire"
4697,3505,"Upper Ure"
4698,3283,"Lower Swale"
4699,3387,"Rye"
4700,3489,"Upper Derwent Yorkshire"
4701,3309,"Middle and Lower Ure"
4702,3507,"Upper Wharfe"
4703,3507,"Upper Wharfe"
4704,3317,"Middle Swale"
4705,3283,"Lower Swale"
4706,3309,"Middle and Lower Ure"
4707,3309,"Middle and Lower Ure"
4708,3505,"Upper Ure"
4709,3317,"Middle Swale"
4710,3489,"Upper Derwent Yorkshire"
4711,3387,"Rye"
4712,3309,"Middle and Lower Ure"
4713,3387,"Rye"
4714,3489,"Upper Derwent Yorkshire"
4715,3489,"Upper Derwent Yorkshire"
4716,3505,"Upper Ure"
4717,3505,"Upper Ure"
4718,3283,"Lower Swale"
4719,3507,"Upper Wharfe"
4720,3283,"Lower Swale"
4721,3507,"Upper Wharfe"
4722,3505,"Upper Ure"
4723,3541,"Wiske"
4724,3505,"Upper Ure"
4725,3309,"Middle and Lower Ure"
4726,3309,"Middle and Lower Ure"
4727,3541,"Wiske"
4728,3387,"Rye"
4729,3505,"Upper Ure"
4730,3387,"Rye"
4731,3489,"Upper Derwent Yorkshire"
4732,3489,"Upper Derwent Yorkshire"
4733,3505,"Upper Ure"
4734,3489,"Upper Derwent Yorkshire"
4735,3489,"Upper Derwent Yorkshire"
4736,3489,"Upper Derwent Yorkshire"
4737,3387,"Rye"
4738,3283,"Lower Swale"
4739,3489,"Upper Derwent Yorkshire"
4740,3489,"Upper Derwent Yorkshire"
4741,3309,"Middle and Lower Ure"
4742,3541,"Wiske"
4743,3505,"Upper Ure"
4744,3309,"Middle and Lower Ure"
4745,3489,"Upper Derwent Yorkshire"
4746,3507,"Upper Wharfe"
4747,3387,"Rye"
4748,3283,"Lower Swale"
4749,3387,"Rye"
4750,3489,"Upper Derwent Yorkshire"
4751,3507,"Upper Wharfe"
4752,3505,"Upper Ure"
4753,3309,"Middle and Lower Ure"
4754,3317,"Middle Swale"
4755,3505,"Upper Ure"
4756,3309,"Middle and Lower Ure"
4757,3505,"Upper Ure"
4758,3489,"Upper Derwent Yorkshire"
4759,3489,"Upper Derwent Yorkshire"
4760,3505,"Upper Ure"
4761,3309,"Middle and Lower Ure"
4762,3309,"Middle and Lower Ure"
4763,3283,"Lower Swale"
4764,3387,"Rye"
4765,3489,"Upper Derwent Yorkshire"
4766,3507,"Upper Wharfe"
4767,3489,"Upper Derwent Yorkshire"
4768,3387,"Rye"
4769,3317,"Middle Swale"
4770,3283,"Lower Swale"
4771,3387,"Rye"
4772,3309,"Middle and Lower Ure"
4773,3489,"Upper Derwent Yorkshire"
4774,3387,"Rye"
4775,3489,"Upper Derwent Yorkshire"
4776,3507,"Upper Wharfe"
4777,3317,"Middle Swale"
4778,3489,"Upper Derwent Yorkshire"
4779,3541,"Wiske"
4780,3283,"Lower Swale"
4781,3489,"Upper Derwent Yorkshire"
4782,3489,"Upper Derwent Yorkshire"
4783,3283,"Lower Swale"
4784,3489,"Upper Derwent Yorkshire"
4785,3283,"Lower Swale"
4786,3489,"Upper Derwent Yorkshire"
4787,3489,"Upper Derwent Yorkshire"
4788,3317,"Middle Swale"
4789,3283,"Lower Swale"
4790,3309,"Middle and Lower Ure"
4791,3489,"Upper Derwent Yorkshire"
4792,3309,"Middle and Lower Ure"
4793,3505,"Upper Ure"
4794,3387,"Rye"
4795,3283,"Lower Swale"
4796,3489,"Upper Derwent Yorkshire"
4797,3505,"Upper Ure"
4798,3309,"Middle and Lower Ure"
4799,3489,"Upper Derwent Yorkshire"
4800,3489,"Upper Derwent Yorkshire"
4801,3283,"Lower Swale"
4802,3505,"Upper Ure"
4803,3489,"Upper Derwent Yorkshire"
4804,3283,"Lower Swale"
4805,3309,"Middle and Lower Ure"
4806,3387,"Rye"
4807,3317,"Middle Swale"
4808,3541,"Wiske"
4809,3507,"Upper Wharfe"
4810,3309,"Middle and Lower Ure"
4811,3541,"Wiske"
4812,3489,"Upper Derwent Yorkshire"
4813,3505,"Upper Ure"
4814,3505,"Upper Ure"
4815,3309,"Middle and Lower Ure"
4816,3505,"Upper Ure"
4817,3317,"Middle Swale"
4818,3283,"Lower Swale"
4819,3309,"Middle and Lower Ure"
4820,3489,"Upper Derwent Yorkshire"
4821,3283,"Lower Swale"
4822,3489,"Upper Derwent Yorkshire"
4823,3317,"Middle Swale"
4824,3283,"Lower Swale"
4825,3489,"Upper Derwent Yorkshire"
4826,3387,"Rye"
4827,3387,"Rye"
4828,3489,"Upper Derwent Yorkshire"
4829,3507,"Upper Wharfe"
4830,3505,"Upper Ure"
4831,3387,"Rye"
4832,3489,"Upper Derwent Yorkshire"
4833,3489,"Upper Derwent Yorkshire"
4834,3283,"Lower Swale"
4835,3387,"Rye"
4836,3489,"Upper Derwent Yorkshire"
4837,3489,"Upper Derwent Yorkshire"
4838,3505,"Upper Ure"
4839,3387,"Rye"
4840,3309,"Middle and Lower Ure"
4841,3489,"Upper Derwent Yorkshire"
4842,3489,"Upper Derwent Yorkshire"
4843,3489,"Upper Derwent Yorkshire"
4844,3317,"Middle Swale"
4845,3489,"Upper Derwent Yorkshire"
4846,3489,"Upper Derwent Yorkshire"
4847,3387,"Rye"
4848,3541,"Wiske"
4849,3387,"Rye"
4850,3489,"Upper Derwent Yorkshire"
4851,3489,"Upper Derwent Yorkshire"
4852,3283,"Lower Swale"
4853,3489,"Upper Derwent Yorkshire"
4854,3489,"Upper Derwent Yorkshire"
4855,3387,"Rye"
4856,3489,"Upper Derwent Yorkshire"
4857,3489,"Upper Derwent Yorkshire"
4858,3387,"Rye"
4859,3283,"Lower Swale"
4860,3489,"Upper Derwent Yorkshire"
4861,3507,"Upper Wharfe"
4862,3317,"Middle Swale"
4863,3387,"Rye"
4864,3489,"Upper Derwent Yorkshire"
4865,3505,"Upper Ure"
4866,3541,"Wiske"
4867,3387,"Rye"
4868,3283,"Lower Swale"
4869,3489,"Upper Derwent Yorkshire"
4870,3489,"Upper Derwent Yorkshire"
4871,3387,"Rye"
4872,3283,"Lower Swale"
4873,3387,"Rye"
4874,3489,"Upper Derwent Yorkshire"
4875,3317,"Middle Swale"
4876,3505,"Upper Ure"
4877,3283,"Lower Swale"
4878,3387,"Rye"
4879,3309,"Middle and Lower Ure"
4880,3489,"Upper Derwent Yorkshire"
4881,3489,"Upper Derwent Yorkshire"
4882,3489,"Upper Derwent Yorkshire"
4883,3317,"Middle Swale"
4884,3309,"Middle and Lower Ure"
4885,3317,"Middle Swale"
4886,3505,"Upper Ure"
4887,3283,"Lower Swale"
4888,3387,"Rye"
4889,3309,"Middle and Lower Ure"
4890,3387,"Rye"
4891,3489,"Upper Derwent Yorkshire"
4892,3283,"Lower Swale"
4893,3489,"Upper Derwent Yorkshire"
4894,3489,"Upper Derwent Yorkshire"
4895,3317,"Middle Swale"
4896,3489,"Upper Derwent Yorkshire"
4897,3507,"Upper Wharfe"
4898,3387,"Rye"
4899,3505,"Upper Ure"
4900,3283,"Lower Swale"
4901,3387,"Rye"
4902,3489,"Upper Derwent Yorkshire"
4903,3283,"Lower Swale"
4904,3283,"Lower Swale"
4905,3309,"Middle and Lower Ure"
4906,3309,"Middle and Lower Ure"
4907,3541,"Wiske"
4908,3387,"Rye"
4909,3507,"Upper Wharfe"
4910,3489,"Upper Derwent Yorkshire"
4911,3489,"Upper Derwent Yorkshire"
4912,3489,"Upper Derwent Yorkshire"
4913,3489,"Upper Derwent Yorkshire"
4914,3387,"Rye"
4915,3283,"Lower Swale"
4916,3505,"Upper Ure"
4917,3283,"Lower Swale"
4918,3505,"Upper Ure"
4919,3317,"Middle Swale"
4920,3309,"Middle and Lower Ure"
4921,3505,"Upper Ure"
4922,3489,"Upper Derwent Yorkshire"
4923,3505,"Upper Ure"
4924,3387,"Rye"
4925,3489,"Upper Derwent Yorkshire"
4926,3283,"Lower Swale"
4927,3309,"Middle and Lower Ure"
4928,3309,"Middle and Lower Ure"
4929,3283,"Lower Swale"
4930,3489,"Upper Derwent Yorkshire"
4931,3317,"Middle Swale"
4932,3317,"Middle Swale"
4933,3387,"Rye"
4934,3489,"Upper Derwent Yorkshire"
4935,3489,"Upper Derwent Yorkshire"
4936,3309,"Middle and Lower Ure"
4937,3489,"Upper Derwent Yorkshire"
4938,3507,"Upper Wharfe"
4939,3309,"Middle and Lower Ure"
4940,3283,"Lower Swale"
4941,3309,"Middle and Lower Ure"
4942,3283,"Lower Swale"
4943,3507,"Upper Wharfe"
4944,3387,"Rye"
4945,3283,"Lower Swale"
4946,3317,"Middle Swale"
4947,3541,"Wiske"
4948,3387,"Rye"
4949,3387,"Rye"
4950,3387,"Rye"
4951,3283,"Lower Swale"
4952,3489,"Upper Derwent Yorkshire"
4953,3387,"Rye"
4954,3309,"Middle and Lower Ure"
4955,3317,"Middle Swale"
4956,3489,"Upper Derwent Yorkshire"
4957,3309,"Middle and Lower Ure"
4958,3489,"Upper Derwent Yorkshire"
4959,3505,"Upper Ure"
4960,3505,"Upper Ure"
4961,3505,"Upper Ure"
4962,3317,"Middle Swale"
4963,3387,"Rye"
4964,3489,"Upper Derwent Yorkshire"
4965,3387,"Rye"
4966,3505,"Upper Ure"
4967,3505,"Upper Ure"
4968,3489,"Upper Derwent Yorkshire"
4969,3489,"Upper Derwent Yorkshire"
4970,3309,"Middle and Lower Ure"
4971,3489,"Upper Derwent Yorkshire"
4972,3309,"Middle and Lower Ure"
4973,3387,"Rye"
4974,3505,"Upper Ure"
4975,3387,"Rye"
4976,3387,"Rye"
4977,3489,"Upper Derwent Yorkshire"
4978,3489,"Upper Derwent Yorkshire"
4979,3283,"Lower Swale"
4980,3387,"Rye"
4981,3317,"Middle Swale"
4982,3387,"Rye"
4983,3489,"Upper Derwent Yorkshire"
4984,3387,"Rye"
4985,3505,"Upper Ure"
4986,3505,"Upper Ure"
4987,3387,"Rye"
4988,3507,"Upper Wharfe"
4989,3309,"Middle and Lower Ure"
4990,3489,"Upper Derwent Yorkshire"
4991,3489,"Upper Derwent Yorkshire"
4992,3309,"Middle and Lower Ure"
4993,3387,"Rye"
4994,3489,"Upper Derwent Yorkshire"
4995,3317,"Middle Swale"
4996,3489,"Upper Derwent Yorkshire"
4997,3283,"Lower Swale"
4998,3387,"Rye"
4999,3505,"Upper Ure"
5000,3387,"Rye"
5001,3283,"Lower Swale"
5002,3283,"Lower Swale"
5003,3489,"Upper Derwent Yorkshire"
5004,3309,"Middle and Lower Ure"
5005,3309,"Middle and Lower Ure"
5006,3309,"Middle and Lower Ure"
5007,3317,"Middle Swale"
5008,3387,"Rye"
5009,3309,"Middle and Lower Ure"
5010,3283,"Lower Swale"
5011,3489,"Upper Derwent Yorkshire"
5012,3505,"Upper Ure"
5013,3387,"Rye"
5014,3387,"Rye"
5015,3309,"Middle and Lower Ure"
5016,3387,"Rye"
5017,3489,"Upper Derwent Yorkshire"
5018,3317,"Middle Swale"
5019,3317,"Middle Swale"
5020,3317,"Middle Swale"
5021,3489,"Upper Derwent Yorkshire"
5022,3489,"Upper Derwent Yorkshire"
5023,3283,"Lower Swale"
5024,3489,"Upper Derwent Yorkshire"
5025,3489,"Upper Derwent Yorkshire"
5026,3505,"Upper Ure"
5027,3387,"Rye"
5028,3489,"Upper Derwent Yorkshire"
5029,3387,"Rye"
5030,3283,"Lower Swale"
5031,3283,"Lower Swale"
5032,3489,"Upper Derwent Yorkshire"
5033,3317,"Middle Swale"
5034,3283,"Lower Swale"
5035,3387,"Rye"
5036,3489,"Upper Derwent Yorkshire"
5037,3489,"Upper Derwent Yorkshire"
5038,3283,"Lower Swale"
5039,3507,"Upper Wharfe"
5040,3489,"Upper Derwent Yorkshire"
5041,3489,"Upper Derwent Yorkshire"
5042,3489,"Upper Derwent Yorkshire"
5043,3387,"Rye"
5044,3489,"Upper Derwent Yorkshire"
5045,3489,"Upper Derwent Yorkshire"
5046,3489,"Upper Derwent Yorkshire"
5047,3489,"Upper Derwent Yorkshire"
5048,3309,"Middle and Lower Ure"
5049,3489,"Upper Derwent Yorkshire"
5050,3283,"Lower Swale"
5051,3283,"Lower Swale"
5052,3283,"Lower Swale"
5053,3489,"Upper Derwent Yorkshire"
5054,3507,"Upper Wharfe"
5055,3387,"Rye"
5056,3505,"Upper Ure"
5057,3489,"Upper Derwent Yorkshire"
5058,3489,"Upper Derwent Yorkshire"
5059,3505,"Upper Ure"
5060,3489,"Upper Derwent Yorkshire"
5061,3309,"Middle and Lower Ure"
5062,3309,"Middle and Lower Ure"
5063,3283,"Lower Swale"
5064,3489,"Upper Derwent Yorkshire"
5065,3387,"Rye"
5066,3387,"Rye"
5067,3489,"Upper Derwent Yorkshire"
5068,3489,"Upper Derwent Yorkshire"
5069,3387,"Rye"
5070,3387,"Rye"
5071,3387,"Rye"
5072,3489,"Upper Derwent Yorkshire"
5073,3309,"Middle and Lower Ure"
5074,3283,"Lower Swale"
5075,3489,"Upper Derwent Yorkshire"
5076,3309,"Middle and Lower Ure"
5077,3387,"Rye"
5078,3387,"Rye"
5079,3489,"Upper Derwent Yorkshire"
5080,3489,"Upper Derwent Yorkshire"
5081,3489,"Upper Derwent Yorkshire"
5082,3309,"Middle and Lower Ure"
5083,3283,"Lower Swale"
5084,3309,"Middle and Lower Ure"
5085,3283,"Lower Swale"
5086,3489,"Upper Derwent Yorkshire"
5087,3387,"Rye"
5088,3309,"Middle and Lower Ure"
5089,3317,"Middle Swale"
5090,3505,"Upper Ure"
5091,3507,"Upper Wharfe"
5092,3387,"Rye"
5093,3317,"Middle Swale"
5094,3283,"Lower Swale"
5095,3505,"Upper Ure"
5096,3489,"Upper Derwent Yorkshire"
5097,3283,"Lower Swale"
5098,3505,"Upper Ure"
5099,3387,"Rye"
5100,3489,"Upper Derwent Yorkshire"
5101,3489,"Upper Derwent Yorkshire"
5102,3309,"Middle and Lower Ure"
5103,3489,"Upper Derwent Yorkshire"
5104,3507,"Upper Wharfe"
5105,3309,"Middle and Lower Ure"
5106,3387,"Rye"
5107,3489,"Upper Derwent Yorkshire"
5108,3309,"Middle and Lower Ure"
5109,3489,"Upper Derwent Yorkshire"
5110,3505,"Upper Ure"
5111,3309,"Middle and Lower Ure"
5112,3317,"Middle Swale"
5113,3283,"Lower Swale"
5114,3387,"Rye"
5115,3387,"Rye"
5116,3507,"Upper Wharfe"
5117,3283,"Lower Swale"
5118,3283,"Lower Swale"
5119,3387,"Rye"
5120,3387,"Rye"
5121,3489,"Upper Derwent Yorkshire"
5122,3309,"Middle and Lower Ure"
5123,3387,"Rye"
5124,3317,"Middle Swale"
5125,3317,"Middle Swale"
5126,3283,"Lower Swale"
5127,3489,"Upper Derwent Yorkshire"
5128,3309,"Middle and Lower Ure"
5129,3309,"Middle and Lower Ure"
5130,3387,"Rye"
5131,3489,"Upper Derwent Yorkshire"
5132,3309,"Middle and Lower Ure"
5133,3309,"Middle and Lower Ure"
5134,3489,"Upper Derwent Yorkshire"
5135,3489,"Upper Derwent Yorkshire"
5136,3489,"Upper Derwent Yorkshire"
5137,3489,"Upper Derwent Yorkshire"
5138,3387,"Rye"
5139,3489,"Upper Derwent Yorkshire"
5140,3505,"Upper Ure"
5141,3309,"Middle and Lower Ure"
5142,3489,"Upper Derwent Yorkshire"
5143,3489,"Upper Derwent Yorkshire"
5144,3309,"Middle and Lower Ure"
5145,3507,"Upper Wharfe"
5146,3489,"Upper Derwent Yorkshire"
5147,3309,"Middle and Lower Ure"
5148,3507,"Upper Wharfe"
5149,3309,"Middle and Lower Ure"
5150,3505,"Upper Ure"
5151,3489,"Upper Derwent Yorkshire"
5152,3387,"Rye"
5153,3309,"Middle and Lower Ure"
5154,3387,"Rye"
5155,3283,"Lower Swale"
5156,3387,"Rye"
5157,3387,"Rye"
5158,3507,"Upper Wharfe"
5159,3507,"Upper Wharfe"
5160,3489,"Upper Derwent Yorkshire"
5161,3507,"Upper Wharfe"
5162,3507,"Upper Wharfe"
5163,3505,"Upper Ure"
5164,3309,"Middle and Lower Ure"
5165,3387,"Rye"
5166,3283,"Lower Swale"
5167,3489,"Upper Derwent Yorkshire"
5168,3489,"Upper Derwent Yorkshire"
5169,3507,"Upper Wharfe"
5170,3489,"Upper Derwent Yorkshire"
5171,3505,"Upper Ure"
5172,3309,"Middle and Lower Ure"
5173,3309,"Middle and Lower Ure"
5174,3507,"Upper Wharfe"
5175,3309,"Middle and Lower Ure"
5176,3283,"Lower Swale"
5177,3505,"Upper Ure"
5178,3309,"Middle and Lower Ure"
5179,3507,"Upper Wharfe"
5180,3309,"Middle and Lower Ure"
5181,3387,"Rye"
5182,3507,"Upper Wharfe"
5183,3489,"Upper Derwent Yorkshire"
5184,3387,"Rye"
5185,3507,"Upper Wharfe"
5186,3309,"Middle and Lower Ure"
5187,3387,"Rye"
5188,3507,"Upper Wharfe"
5189,3507,"Upper Wharfe"
5190,3283,"Lower Swale"
5191,3283,"Lower Swale"
5192,3283,"Lower Swale"
5193,3283,"Lower Swale"
5194,3387,"Rye"
5195,3387,"Rye"
5196,3283,"Lower Swale"
5197,3387,"Rye"
5198,3309,"Middle and Lower Ure"
5199,3507,"Upper Wharfe"
5200,3507,"Upper Wharfe"
5201,3283,"Lower Swale"
5202,3489,"Upper Derwent Yorkshire"
5203,3489,"Upper Derwent Yorkshire"
5204,3387,"Rye"
5205,3387,"Rye"
5206,3489,"Upper Derwent Yorkshire"
5207,3489,"Upper Derwent Yorkshire"
5208,3309,"Middle and Lower Ure"
5209,3387,"Rye"
5210,3309,"Middle and Lower Ure"
5211,3283,"Lower Swale"
5212,3387,"Rye"
5213,3387,"Rye"
5214,3387,"Rye"
5215,3309,"Middle and Lower Ure"
5216,3283,"Lower Swale"
5217,3387,"Rye"
5218,3507,"Upper Wharfe"
5219,3387,"Rye"
5220,3507,"Upper Wharfe"
5221,3283,"Lower Swale"
5222,3387,"Rye"
5223,3283,"Lower Swale"
5224,3489,"Upper Derwent Yorkshire"
5225,3507,"Upper Wharfe"
5226,3309,"Middle and Lower Ure"
5227,3309,"Middle and Lower Ure"
5228,3387,"Rye"
5229,3507,"Upper Wharfe"
5230,3283,"Lower Swale"
5231,3507,"Upper Wharfe"
5232,3283,"Lower Swale"
5233,3489,"Upper Derwent Yorkshire"
5234,3489,"Upper Derwent Yorkshire"
5235,3387,"Rye"
5236,3387,"Rye"
5237,3507,"Upper Wharfe"
5238,3309,"Middle and Lower Ure"
5239,3309,"Middle and Lower Ure"
5240,3489,"Upper Derwent Yorkshire"
5241,3507,"Upper Wharfe"
5242,3505,"Upper Ure"
5243,3489,"Upper Derwent Yorkshire"
5244,3387,"Rye"
5245,3489,"Upper Derwent Yorkshire"
5246,3309,"Middle and Lower Ure"
5247,3489,"Upper Derwent Yorkshire"
5248,3489,"Upper Derwent Yorkshire"
5249,3505,"Upper Ure"
5250,3283,"Lower Swale"
5251,3283,"Lower Swale"
5252,3309,"Middle and Lower Ure"
5253,3309,"Middle and Lower Ure"
5254,3489,"Upper Derwent Yorkshire"
5255,3489,"Upper Derwent Yorkshire"
5256,3507,"Upper Wharfe"
5257,3507,"Upper Wharfe"
5258,3283,"Lower Swale"
5259,3387,"Rye"
5260,3387,"Rye"
5261,3309,"Middle and Lower Ure"
5262,3283,"Lower Swale"
5263,3387,"Rye"
5264,3309,"Middle and Lower Ure"
5265,3489,"Upper Derwent Yorkshire"
5266,3489,"Upper Derwent Yorkshire"
5267,3309,"Middle and Lower Ure"
5268,3505,"Upper Ure"
5269,3309,"Middle and Lower Ure"
5270,3309,"Middle and Lower Ure"
5271,3387,"Rye"
5272,3489,"Upper Derwent Yorkshire"
5273,3507,"Upper Wharfe"
5274,3387,"Rye"
5275,3309,"Middle and Lower Ure"
5276,3283,"Lower Swale"
5277,3505,"Upper Ure"
5278,3309,"Middle and Lower Ure"
5279,3507,"Upper Wharfe"
5280,3283,"Lower Swale"
5281,3507,"Upper Wharfe"
5282,3505,"Upper Ure"
5283,3489,"Upper Derwent Yorkshire"
5284,3505,"Upper Ure"
5285,3489,"Upper Derwent Yorkshire"
5286,3317,"Middle Swale"
5287,3283,"Lower Swale"
5288,3505,"Upper Ure"
5289,3489,"Upper Derwent Yorkshire"
5290,3283,"Lower Swale"
5291,3387,"Rye"
5292,3489,"Upper Derwent Yorkshire"
5293,3489,"Upper Derwent Yorkshire"
5294,3309,"Middle and Lower Ure"
5295,3489,"Upper Derwent Yorkshire"
5296,3489,"Upper Derwent Yorkshire"
5297,3283,"Lower Swale"
5298,3489,"Upper Derwent Yorkshire"
5299,3283,"Lower Swale"
5300,3507,"Upper Wharfe"
5301,3309,"Middle and Lower Ure"
5302,3505,"Upper Ure"
5303,3387,"Rye"
5304,3505,"Upper Ure"
5305,3507,"Upper Wharfe"
5306,3387,"Rye"
5307,3283,"Lower Swale"
5308,3489,"Upper Derwent Yorkshire"
5309,3489,"Upper Derwent Yorkshire"
5310,3507,"Upper Wharfe"
5311,3505,"Upper Ure"
5312,3309,"Middle and Lower Ure"
5313,3489,"Upper Derwent Yorkshire"
5314,3387,"Rye"
5315,3489,"Upper Derwent Yorkshire"
5316,3387,"Rye"
5317,3387,"Rye"
5318,3309,"Middle and Lower Ure"
5319,3489,"Upper Derwent Yorkshire"
5320,3489,"Upper Derwent Yorkshire"
5321,3387,"Rye"
5322,3489,"Upper Derwent Yorkshire"
5323,3489,"Upper Derwent Yorkshire"
5324,3283,"Lower Swale"
5325,3283,"Lower Swale"
5326,3387,"Rye"
5327,3309,"Middle and Lower Ure"
5328,3309,"Middle and Lower Ure"
5329,3489,"Upper Derwent Yorkshire"
5330,3507,"Upper Wharfe"
5331,3283,"Lower Swale"
5332,3309,"Middle and Lower Ure"
5333,3489,"Upper Derwent Yorkshire"
5334,3489,"Upper Derwent Yorkshire"
5335,3505,"Upper Ure"
5336,3283,"Lower Swale"
5337,3505,"Upper Ure"
5338,3507,"Upper Wharfe"
5339,3387,"Rye"
5340,3309,"Middle and Lower Ure"
5341,3283,"Lower Swale"
5342,3489,"Upper Derwent Yorkshire"
5343,3489,"Upper Derwent Yorkshire"
5344,3489,"Upper Derwent Yorkshire"
5345,3507,"Upper Wharfe"
5346,3507,"Upper Wharfe"
5347,3387,"Rye"
5348,3489,"Upper Derwent Yorkshire"
5349,3387,"Rye"
5350,3489,"Upper Derwent Yorkshire"
5351,3507,"Upper Wharfe"
5352,3505,"Upper Ure"
5353,3309,"Middle and Lower Ure"
5354,3283,"Lower Swale"
5355,3489,"Upper Derwent Yorkshire"
5356,3489,"Upper Derwent Yorkshire"
5357,3507,"Upper Wharfe"
5358,3309,"Middle and Lower Ure"
5359,3387,"Rye"
5360,3489,"Upper Derwent Yorkshire"
5361,3309,"Middle and Lower Ure"
5362,3283,"Lower Swale"
5363,3489,"Upper Derwent Yorkshire"
5364,3283,"Lower Swale"
5365,3387,"Rye"
5366,3507,"Upper Wharfe"
5367,3309,"Middle and Lower Ure"
5368,3387,"Rye"
5369,3387,"Rye"
5370,3489,"Upper Derwent Yorkshire"
5371,3489,"Upper Derwent Yorkshire"
5372,3387,"Rye"
5373,3283,"Lower Swale"
5374,3507,"Upper Wharfe"
5375,3505,"Upper Ure"
5376,3507,"Upper Wharfe"
5377,3309,"Middle and Lower Ure"
5378,3283,"Lower Swale"
5379,3387,"Rye"
5380,3489,"Upper Derwent Yorkshire"
5381,3283,"Lower Swale"
5382,3507,"Upper Wharfe"
5383,3505,"Upper Ure"
5384,3505,"Upper Ure"
5385,3283,"Lower Swale"
5386,3489,"Upper Derwent Yorkshire"
5387,3387,"Rye"
5388,3489,"Upper Derwent Yorkshire"
5389,3309,"Middle and Lower Ure"
5390,3387,"Rye"
5391,3507,"Upper Wharfe"
5392,3283,"Lower Swale"
5393,3309,"Middle and Lower Ure"
5394,3489,"Upper Derwent Yorkshire"
5395,3505,"Upper Ure"
5396,3283,"Lower Swale"
5397,3489,"Upper Derwent Yorkshire"
5398,3309,"Middle and Lower Ure"
5399,3387,"Rye"
5400,3387,"Rye"
5401,3309,"Middle and Lower Ure"
5402,3489,"Upper Derwent Yorkshire"
5403,3507,"Upper Wharfe"
5404,3283,"Lower Swale"
5405,3387,"Rye"
5406,3283,"Lower Swale"
5407,3283,"Lower Swale"
5408,3505,"Upper Ure"
5409,3309,"Middle and Lower Ure"
5410,3489,"Upper Derwent Yorkshire"
5411,3309,"Middle and Lower Ure"
5412,3489,"Upper Derwent Yorkshire"
5413,3505,"Upper Ure"
5414,3505,"Upper Ure"
5415,3309,"Middle and Lower Ure"
5416,3387,"Rye"
5417,3283,"Lower Swale"
5418,3489,"Upper Derwent Yorkshire"
5419,3489,"Upper Derwent Yorkshire"
5420,3489,"Upper Derwent Yorkshire"
5421,3489,"Upper Derwent Yorkshire"
5422,3309,"Middle and Lower Ure"
5423,3507,"Upper Wharfe"
5424,3489,"Upper Derwent Yorkshire"
5425,3489,"Upper Derwent Yorkshire"
5426,3387,"Rye"
5427,3387,"Rye"
5428,3489,"Upper Derwent Yorkshire"
5429,3489,"Upper Derwent Yorkshire"
5430,3309,"Middle and Lower Ure"
5431,3309,"Middle and Lower Ure"
5432,3309,"Middle and Lower Ure"
5433,3489,"Upper Derwent Yorkshire"
5434,3489,"Upper Derwent Yorkshire"
5435,3505,"Upper Ure"
5436,3505,"Upper Ure"
5437,3505,"Upper Ure"
5438,3309,"Middle and Lower Ure"
5439,3309,"Middle and Lower Ure"
5440,3283,"Lower Swale"
5441,3283,"Lower Swale"
5442,3507,"Upper Wharfe"
5443,3505,"Upper Ure"
5444,3283,"Lower Swale"
5445,3489,"Upper Derwent Yorkshire"
5446,3309,"Middle and Lower Ure"
5447,3489,"Upper Derwent Yorkshire"
5448,3507,"Upper Wharfe"
5449,3283,"Lower Swale"
5450,3283,"Lower Swale"
5451,3309,"Middle and Lower Ure"
5452,3387,"Rye"
5453,3283,"Lower Swale"
5454,3489,"Upper Derwent Yorkshire"
5455,3505,"Upper Ure"
5456,3283,"Lower Swale"
5457,3387,"Rye"
5458,3489,"Upper Derwent Yorkshire"
5459,3309,"Middle and Lower Ure"
5460,3309,"Middle and Lower Ure"
5461,3283,"Lower Swale"
5462,3505,"Upper Ure"
5463,3489,"Upper Derwent Yorkshire"
5464,3283,"Lower Swale"
5465,3309,"Middle and Lower Ure"
5466,3387,"Rye"
5467,3283,"Lower Swale"
5468,3507,"Upper Wharfe"
5469,3505,"Upper Ure"
5470,3283,"Lower Swale"
5471,3507,"Upper Wharfe"
5472,3309,"Middle and Lower Ure"
5473,3283,"Lower Swale"
5474,3283,"Lower Swale"
5475,3283,"Lower Swale"
5476,3283,"Lower Swale"
5477,3489,"Upper Derwent Yorkshire"
5478,3317,"Middle Swale"
5479,3283,"Lower Swale"
5480,3507,"Upper Wharfe"
5481,3309,"Middle and Lower Ure"
5482,3309,"Middle and Lower Ure"
5483,3489,"Upper Derwent Yorkshire"
5484,3489,"Upper Derwent Yorkshire"
5485,3283,"Lower Swale"
5486,3489,"Upper Derwent Yorkshire"
5487,3507,"Upper Wharfe"
5488,3387,"Rye"
5489,3489,"Upper Derwent Yorkshire"
5490,3283,"Lower Swale"
5491,3283,"Lower Swale"
5492,3489,"Upper Derwent Yorkshire"
5493,3283,"Lower Swale"
5494,3507,"Upper Wharfe"
5495,3309,"Middle and Lower Ure"
5496,3309,"Middle and Lower Ure"
5497,3497,"Upper Nidd"
5498,3309,"Middle and Lower Ure"
5499,3489,"Upper Derwent Yorkshire"
5500,3505,"Upper Ure"
5501,3283,"Lower Swale"
5502,3309,"Middle and Lower Ure"
5503,3507,"Upper Wharfe"
5504,3309,"Middle and Lower Ure"
5505,3387,"Rye"
5506,3309,"Middle and Lower Ure"
5507,3489,"Upper Derwent Yorkshire"
5508,3309,"Middle and Lower Ure"
5509,3387,"Rye"
5510,3489,"Upper Derwent Yorkshire"
5511,3309,"Middle and Lower Ure"
5512,3507,"Upper Wharfe"
5513,3387,"Rye"
5514,3489,"Upper Derwent Yorkshire"
5515,3309,"Middle and Lower Ure"
5516,3505,"Upper Ure"
5517,3489,"Upper Derwent Yorkshire"
5518,3283,"Lower Swale"
5519,3489,"Upper Derwent Yorkshire"
5520,3387,"Rye"
5521,3387,"Rye"
5522,3489,"Upper Derwent Yorkshire"
5523,3505,"Upper Ure"
5524,3505,"Upper Ure"
5525,3387,"Rye"
5526,3309,"Middle and Lower Ure"
5527,3387,"Rye"
5528,3489,"Upper Derwent Yorkshire"
5529,3489,"Upper Derwent Yorkshire"
5530,3309,"Middle and Lower Ure"
5531,3309,"Middle and Lower Ure"
5532,3489,"Upper Derwent Yorkshire"
5533,3507,"Upper Wharfe"
5534,3283,"Lower Swale"
5535,3497,"Upper Nidd"
5536,3309,"Middle and Lower Ure"
5537,3387,"Rye"
5538,3283,"Lower Swale"
5539,3489,"Upper Derwent Yorkshire"
5540,3489,"Upper Derwent Yorkshire"
5541,3387,"Rye"
5542,3309,"Middle and Lower Ure"
5543,3387,"Rye"
5544,3489,"Upper Derwent Yorkshire"
5545,3489,"Upper Derwent Yorkshire"
5546,3489,"Upper Derwent Yorkshire"
5547,3309,"Middle and Lower Ure"
5548,3283,"Lower Swale"
5549,3387,"Rye"
5550,3489,"Upper Derwent Yorkshire"
5551,3489,"Upper Derwent Yorkshire"
5552,3309,"Middle and Lower Ure"
5553,3387,"Rye"
5554,3309,"Middle and Lower Ure"
5555,3283,"Lower Swale"
5556,3309,"Middle and Lower Ure"
5557,3387,"Rye"
5558,3505,"Upper Ure"
5559,3387,"Rye"
5560,3283,"Lower Swale"
5561,3387,"Rye"
5562,3387,"Rye"
5563,3489,"Upper Derwent Yorkshire"
5564,3283,"Lower Swale"
5565,3489,"Upper Derwent Yorkshire"
5566,3507,"Upper Wharfe"
5567,3309,"Middle and Lower Ure"
5568,3507,"Upper Wharfe"
5569,3309,"Middle and Lower Ure"
5570,3283,"Lower Swale"
5571,3387,"Rye"
5572,3283,"Lower Swale"
5573,3489,"Upper Derwent Yorkshire"
5574,3507,"Upper Wharfe"
5575,3507,"Upper Wharfe"
5576,3489,"Upper Derwent Yorkshire"
5577,3489,"Upper Derwent Yorkshire"
5578,3387,"Rye"
5579,3283,"Lower Swale"
5580,3505,"Upper Ure"
5581,3497,"Upper Nidd"
5582,3309,"Middle and Lower Ure"
5583,3507,"Upper Wharfe"
5584,3387,"Rye"
5585,3507,"Upper Wharfe"
5586,3505,"Upper Ure"
5587,3283,"Lower Swale"
5588,3387,"Rye"
5589,3309,"Middle and Lower Ure"
5590,3309,"Middle and Lower Ure"
5591,3507,"Upper Wharfe"
5592,3283,"Lower Swale"
5593,3489,"Upper Derwent Yorkshire"
5594,3309,"Middle and Lower Ure"
5595,3309,"Middle and Lower Ure"
5596,3387,"Rye"
5597,3489,"Upper Derwent Yorkshire"
5598,3507,"Upper Wharfe"
5599,3309,"Middle and Lower Ure"
5600,3505,"Upper Ure"
5601,3489,"Upper Derwent Yorkshire"
5602,3489,"Upper Derwent Yorkshire"
5603,3309,"Middle and Lower Ure"
5604,3283,"Lower Swale"
5605,3283,"Lower Swale"
5606,3387,"Rye"
5607,3489,"Upper Derwent Yorkshire"
5608,3309,"Middle and Lower Ure"
5609,3387,"Rye"
5610,3387,"Rye"
5611,3387,"Rye"
5612,3489,"Upper Derwent Yorkshire"
5613,3507,"Upper Wharfe"
5614,3489,"Upper Derwent Yorkshire"
5615,3309,"Middle and Lower Ure"
5616,3387,"Rye"
5617,3489,"Upper Derwent Yorkshire"
5618,3283,"Lower Swale"
5619,3489,"Upper Derwent Yorkshire"
5620,3387,"Rye"
5621,3387,"Rye"
5622,3309,"Middle and Lower Ure"
5623,3283,"Lower Swale"
5624,3387,"Rye"
5625,3489,"Upper Derwent Yorkshire"
5626,3283,"Lower Swale"
5627,3283,"Lower Swale"
5628,3505,"Upper Ure"
5629,3387,"Rye"
5630,3309,"Middle and Lower Ure"
5631,3489,"Upper Derwent Yorkshire"
5632,3309,"Middle and Lower Ure"
5633,3387,"Rye"
5634,3387,"Rye"
5635,3505,"Upper Ure"
5636,3505,"Upper Ure"
5637,3283,"Lower Swale"
5638,3489,"Upper Derwent Yorkshire"
5639,3507,"Upper Wharfe"
5640,3507,"Upper Wharfe"
5641,3283,"Lower Swale"
5642,3283,"Lower Swale"
5643,3497,"Upper Nidd"
5644,3489,"Upper Derwent Yorkshire"
5645,3283,"Lower Swale"
5646,3387,"Rye"
5647,3387,"Rye"
5648,3387,"Rye"
5649,3489,"Upper Derwent Yorkshire"
5650,3309,"Middle and Lower Ure"
5651,3283,"Lower Swale"
5652,3283,"Lower Swale"
5653,3387,"Rye"
5654,3309,"Middle and Lower Ure"
5655,3309,"Middle and Lower Ure"
5656,3387,"Rye"
5657,3507,"Upper Wharfe"
5658,3497,"Upper Nidd"
5659,3489,"Upper Derwent Yorkshire"
5660,3507,"Upper Wharfe"
5661,3283,"Lower Swale"
5662,3387,"Rye"
5663,3507,"Upper Wharfe"
5664,3283,"Lower Swale"
5665,3387,"Rye"
5666,3507,"Upper Wharfe"
5667,3387,"Rye"
5668,3489,"Upper Derwent Yorkshire"
5669,3387,"Rye"
5670,3489,"Upper Derwent Yorkshire"
5671,3283,"Lower Swale"
5672,3489,"Upper Derwent Yorkshire"
5673,3387,"Rye"
5674,3283,"Lower Swale"
5675,3507,"Upper Wharfe"
5676,3507,"Upper Wharfe"
5677,3505,"Upper Ure"
5678,3283,"Lower Swale"
5679,3507,"Upper Wharfe"
5680,3507,"Upper Wharfe"
5681,3387,"Rye"
5682,3507,"Upper Wharfe"
5683,3309,"Middle and Lower Ure"
5684,3283,"Lower Swale"
5685,3387,"Rye"
5686,3309,"Middle and Lower Ure"
5687,3387,"Rye"
5688,3387,"Rye"
5689,3489,"Upper Derwent Yorkshire"
5690,3309,"Middle and Lower Ure"
5691,3309,"Middle and Lower Ure"
5692,3309,"Middle and Lower Ure"
5693,3309,"Middle and Lower Ure"
5694,3309,"Middle and Lower Ure"
5695,3283,"Lower Swale"
5696,3387,"Rye"
5697,3507,"Upper Wharfe"
5698,3309,"Middle and Lower Ure"
5699,3387,"Rye"
5700,3489,"Upper Derwent Yorkshire"
5701,3489,"Upper Derwent Yorkshire"
5702,3283,"Lower Swale"
5703,3489,"Upper Derwent Yorkshire"
5704,3489,"Upper Derwent Yorkshire"
5705,3489,"Upper Derwent Yorkshire"
5706,3309,"Middle and Lower Ure"
5707,3387,"Rye"
5708,3489,"Upper Derwent Yorkshire"
5709,3489,"Upper Derwent Yorkshire"
5710,3507,"Upper Wharfe"
5711,3507,"Upper Wharfe"
5712,3387,"Rye"
5713,3309,"Middle and Lower Ure"
5714,3489,"Upper Derwent Yorkshire"
5715,3387,"Rye"
5716,3489,"Upper Derwent Yorkshire"
5717,3489,"Upper Derwent Yorkshire"
5718,3497,"Upper Nidd"
5719,3387,"Rye"
5720,3505,"Upper Ure"
5721,3489,"Upper Derwent Yorkshire"
5722,3489,"Upper Derwent Yorkshire"
5723,3387,"Rye"
5724,3387,"Rye"
5725,3387,"Rye"
5726,3387,"Rye"
5727,3387,"Rye"
5728,3489,"Upper Derwent Yorkshire"
5729,3489,"Upper Derwent Yorkshire"
5730,3489,"Upper Derwent Yorkshire"
5731,3387,"Rye"
5732,3387,"Rye"
5733,3387,"Rye"
5734,3387,"Rye"
5735,3309,"Middle and Lower Ure"
5736,3283,"Lower Swale"
5737,3309,"Middle and Lower Ure"
5738,3387,"Rye"
5739,3489,"Upper Derwent Yorkshire"
5740,3507,"Upper Wharfe"
5741,3309,"Middle and Lower Ure"
5742,3387,"Rye"
5743,3283,"Lower Swale"
5744,3309,"Middle and Lower Ure"
5745,3309,"Middle and Lower Ure"
5746,3309,"Middle and Lower Ure"
5747,3283,"Lower Swale"
5748,3507,"Upper Wharfe"
5749,3309,"Middle and Lower Ure"
5750,3309,"Middle and Lower Ure"
5751,3387,"Rye"
5752,3309,"Middle and Lower Ure"
5753,3387,"Rye"
5754,3283,"Lower Swale"
5755,3283,"Lower Swale"
5756,3387,"Rye"
5757,3505,"Upper Ure"
5758,3283,"Lower Swale"
5759,3489,"Upper Derwent Yorkshire"
5760,3489,"Upper Derwent Yorkshire"
5761,3283,"Lower Swale"
5762,3489,"Upper Derwent Yorkshire"
5763,3489,"Upper Derwent Yorkshire"
5764,3387,"Rye"
5765,3283,"Lower Swale"
5766,3283,"Lower Swale"
5767,3387,"Rye"
5768,3507,"Upper Wharfe"
5769,3283,"Lower Swale"
5770,3387,"Rye"
5771,3387,"Rye"
5772,3497,"Upper Nidd"
5773,3489,"Upper Derwent Yorkshire"
5774,3489,"Upper Derwent Yorkshire"
5775,3283,"Lower Swale"
5776,3489,"Upper Derwent Yorkshire"
5777,3283,"Lower Swale"
5778,3489,"Upper Derwent Yorkshire"
5779,3309,"Middle and Lower Ure"
5780,3309,"Middle and Lower Ure"
5781,3309,"Middle and Lower Ure"
5782,3283,"Lower Swale"
5783,3489,"Upper Derwent Yorkshire"
5784,3283,"Lower Swale"
5785,3507,"Upper Wharfe"
5786,3507,"Upper Wharfe"
5787,3497,"Upper Nidd"
5788,3283,"Lower Swale"
5789,3387,"Rye"
5790,3387,"Rye"
5791,3505,"Upper Ure"
5792,3309,"Middle and Lower Ure"
5793,3387,"Rye"
5794,3489,"Upper Derwent Yorkshire"
5795,3505,"Upper Ure"
5796,3489,"Upper Derwent Yorkshire"
5797,3283,"Lower Swale"
5798,3387,"Rye"
5799,3283,"Lower Swale"
5800,3507,"Upper Wharfe"
5801,3283,"Lower Swale"
5802,3283,"Lower Swale"
5803,3309,"Middle and Lower Ure"
5804,3283,"Lower Swale"
5805,3387,"Rye"
5806,3309,"Middle and Lower Ure"
5807,3489,"Upper Derwent Yorkshire"
5808,3309,"Middle and Lower Ure"
5809,3283,"Lower Swale"
5810,3283,"Lower Swale"
5811,3489,"Upper Derwent Yorkshire"
5812,3283,"Lower Swale"
5813,3489,"Upper Derwent Yorkshire"
5814,3489,"Upper Derwent Yorkshire"
5815,3387,"Rye"
5816,3489,"Upper Derwent Yorkshire"
5817,3309,"Middle and Lower Ure"
5818,3387,"Rye"
5819,3497,"Upper Nidd"
5820,3387,"Rye"
5821,3387,"Rye"
5822,3505,"Upper Ure"
5823,3283,"Lower Swale"
5824,3283,"Lower Swale"
5825,3507,"Upper Wharfe"
5826,3489,"Upper Derwent Yorkshire"
5827,3387,"Rye"
5828,3489,"Upper Derwent Yorkshire"
5829,3387,"Rye"
5830,3283,"Lower Swale"
5831,3309,"Middle and Lower Ure"
5832,3309,"Middle and Lower Ure"
5833,3283,"Lower Swale"
5834,3283,"Lower Swale"
5835,3387,"Rye"
5836,3309,"Middle and Lower Ure"
5837,3387,"Rye"
5838,3309,"Middle and Lower Ure"
5839,3387,"Rye"
5840,3283,"Lower Swale"
5841,3507,"Upper Wharfe"
5842,3507,"Upper Wharfe"
5843,3283,"Lower Swale"
5844,3387,"Rye"
5845,3387,"Rye"
5846,3309,"Middle and Lower Ure"
5847,3387,"Rye"
5848,3387,"Rye"
5849,3283,"Lower Swale"
5850,3489,"Upper Derwent Yorkshire"
5851,3507,"Upper Wharfe"
5852,3283,"Lower Swale"
5853,3283,"Lower Swale"
5854,3489,"Upper Derwent Yorkshire"
5855,3283,"Lower Swale"
5856,3497,"Upper Nidd"
5857,3505,"Upper Ure"
5858,3283,"Lower Swale"
5859,3489,"Upper Derwent Yorkshire"
5860,3309,"Middle and Lower Ure"
5861,3387,"Rye"
5862,3489,"Upper Derwent Yorkshire"
5863,3505,"Upper Ure"
5864,3309,"Middle and Lower Ure"
5865,3283,"Lower Swale"
5866,3309,"Middle and Lower Ure"
5867,3489,"Upper Derwent Yorkshire"
5868,3387,"Rye"
5869,3387,"Rye"
5870,3497,"Upper Nidd"
5871,3309,"Middle and Lower Ure"
5872,3309,"Middle and Lower Ure"
5873,3489,"Upper Derwent Yorkshire"
5874,3387,"Rye"
5875,3505,"Upper Ure"
5876,3387,"Rye"
5877,3489,"Upper Derwent Yorkshire"
5878,3505,"Upper Ure"
5879,3387,"Rye"
5880,3489,"Upper Derwent Yorkshire"
5881,3497,"Upper Nidd"
5882,3387,"Rye"
5883,3489,"Upper Derwent Yorkshire"
5884,3489,"Upper Derwent Yorkshire"
5885,3507,"Upper Wharfe"
5886,3489,"Upper Derwent Yorkshire"
5887,3489,"Upper Derwent Yorkshire"
5888,3309,"Middle and Lower Ure"
5889,3497,"Upper Nidd"
5890,3283,"Lower Swale"
5891,3489,"Upper Derwent Yorkshire"
5892,3309,"Middle and Lower Ure"
5893,3497,"Upper Nidd"
5894,3489,"Upper Derwent Yorkshire"
5895,3489,"Upper Derwent Yorkshire"
5896,3489,"Upper Derwent Yorkshire"
5897,3507,"Upper Wharfe"
5898,3497,"Upper Nidd"
5899,3283,"Lower Swale"
5900,3387,"Rye"
5901,3507,"Upper Wharfe"
5902,3387,"Rye"
5903,3497,"Upper Nidd"
5904,3497,"Upper Nidd"
5905,3489,"Upper Derwent Yorkshire"
5906,3387,"Rye"
5907,3489,"Upper Derwent Yorkshire"
5908,3387,"Rye"
5909,3309,"Middle and Lower Ure"
5910,3387,"Rye"
5911,3309,"Middle and Lower Ure"
5912,3283,"Lower Swale"
5913,3387,"Rye"
5914,3489,"Upper Derwent Yorkshire"
5915,3497,"Upper Nidd"
5916,3489,"Upper Derwent Yorkshire"
5917,3497,"Upper Nidd"
5918,3497,"Upper Nidd"
5919,3387,"Rye"
5920,3309,"Middle and Lower Ure"
5921,3489,"Upper Derwent Yorkshire"
5922,3387,"Rye"
5923,3489,"Upper Derwent Yorkshire"
5924,3387,"Rye"
5925,3387,"Rye"
5926,3283,"Lower Swale"
5927,3387,"Rye"
5928,3507,"Upper Wharfe"
5929,3309,"Middle and Lower Ure"
5930,3309,"Middle and Lower Ure"
5931,3283,"Lower Swale"
5932,3387,"Rye"
5933,3489,"Upper Derwent Yorkshire"
5934,3283,"Lower Swale"
5935,3387,"Rye"
5936,3507,"Upper Wharfe"
5937,3387,"Rye"
5938,3387,"Rye"
5939,3497,"Upper Nidd"
5940,3507,"Upper Wharfe"
5941,3309,"Middle and Lower Ure"
5942,3497,"Upper Nidd"
5943,3489,"Upper Derwent Yorkshire"
5944,3283,"Lower Swale"
5945,3387,"Rye"
5946,3387,"Rye"
5947,3489,"Upper Derwent Yorkshire"
5948,3309,"Middle and Lower Ure"
5949,3309,"Middle and Lower Ure"
5950,3309,"Middle and Lower Ure"
5951,3283,"Lower Swale"
5952,3283,"Lower Swale"
5953,3387,"Rye"
5954,3505,"Upper Ure"
5955,3497,"Upper Nidd"
5956,3507,"Upper Wharfe"
5957,3283,"Lower Swale"
5958,3505,"Upper Ure"
5959,3387,"Rye"
5960,3497,"Upper Nidd"
5961,3283,"Lower Swale"
5962,3507,"Upper Wharfe"
5963,3507,"Upper Wharfe"
5964,3283,"Lower Swale"
5965,3283,"Lower Swale"
5966,3387,"Rye"
5967,3497,"Upper Nidd"
5968,3507,"Upper Wharfe"
5969,3283,"Lower Swale"
5970,3283,"Lower Swale"
5971,3507,"Upper Wharfe"
5972,3387,"Rye"
5973,3507,"Upper Wharfe"
5974,3283,"Lower Swale"
5975,3387,"Rye"
5976,3387,"Rye"
5977,3505,"Upper Ure"
5978,3387,"Rye"
5979,3507,"Upper Wharfe"
5980,3283,"Lower Swale"
5981,3283,"Lower Swale"
5982,3387,"Rye"
5983,3309,"Middle and Lower Ure"
5984,3497,"Upper Nidd"
5985,3489,"Upper Derwent Yorkshire"
5986,3507,"Upper Wharfe"
5987,3283,"Lower Swale"
5988,3507,"Upper Wharfe"
5989,3283,"Lower Swale"
5990,3387,"Rye"
5991,3387,"Rye"
5992,3283,"Lower Swale"
5993,3283,"Lower Swale"
5994,3387,"Rye"
5995,3309,"Middle and Lower Ure"
5996,3309,"Middle and Lower Ure"
5997,3387,"Rye"
5998,3507,"Upper Wharfe"
5999,3387,"Rye"
6000,3387,"Rye"
6001,3387,"Rye"
6002,3309,"Middle and Lower Ure"
6003,3489,"Upper Derwent Yorkshire"
6004,3507,"Upper Wharfe"
6005,3283,"Lower Swale"
6006,3387,"Rye"
6007,3507,"Upper Wharfe"
6008,3309,"Middle and Lower Ure"
6009,3507,"Upper Wharfe"
6010,3283,"Lower Swale"
6011,3507,"Upper Wharfe"
6012,3387,"Rye"
6013,3387,"Rye"
6014,3309,"Middle and Lower Ure"
6015,3507,"Upper Wharfe"
6016,3309,"Middle and Lower Ure"
6017,3497,"Upper Nidd"
6018,3489,"Upper Derwent Yorkshire"
6019,3309,"Middle and Lower Ure"
6020,3283,"Lower Swale"
6021,3387,"Rye"
6022,3309,"Middle and Lower Ure"
6023,3387,"Rye"
6024,3309,"Middle and Lower Ure"
6025,3309,"Middle and Lower Ure"
6026,3507,"Upper Wharfe"
6027,3387,"Rye"
6028,3387,"Rye"
6029,3309,"Middle and Lower Ure"
6030,3309,"Middle and Lower Ure"
6031,3387,"Rye"
6032,3387,"Rye"
6033,3283,"Lower Swale"
6034,3387,"Rye"
6035,3387,"Rye"
6036,3387,"Rye"
6037,3489,"Upper Derwent Yorkshire"
6038,3489,"Upper Derwent Yorkshire"
6039,3283,"Lower Swale"
6040,3489,"Upper Derwent Yorkshire"
6041,3387,"Rye"
6042,3309,"Middle and Lower Ure"
6043,3489,"Upper Derwent Yorkshire"
6044,3309,"Middle and Lower Ure"
6045,3387,"Rye"
6046,3507,"Upper Wharfe"
6047,3309,"Middle and Lower Ure"
6048,3283,"Lower Swale"
6049,3309,"Middle and Lower Ure"
6050,3507,"Upper Wharfe"
6051,3309,"Middle and Lower Ure"
6052,3283,"Lower Swale"
6053,3309,"Middle and Lower Ure"
6054,3283,"Lower Swale"
6055,3309,"Middle and Lower Ure"
6056,3507,"Upper Wharfe"
6057,3283,"Lower Swale"
6058,3387,"Rye"
6059,3489,"Upper Derwent Yorkshire"
6060,3489,"Upper Derwent Yorkshire"
6061,3489,"Upper Derwent Yorkshire"
6062,3387,"Rye"
6063,3309,"Middle and Lower Ure"
6064,3309,"Middle and Lower Ure"
6065,3309,"Middle and Lower Ure"
6066,3283,"Lower Swale"
6067,3283,"Lower Swale"
6068,3507,"Upper Wharfe"
6069,3505,"Upper Ure"
6070,3283,"Lower Swale"
6071,3309,"Middle and Lower Ure"
6072,3283,"Lower Swale"
6073,3283,"Lower Swale"
6074,3387,"Rye"
6075,3387,"Rye"
6076,3387,"Rye"
6077,3489,"Upper Derwent Yorkshire"
6078,3283,"Lower Swale"
6079,3489,"Upper Derwent Yorkshire"
6080,3489,"Upper Derwent Yorkshire"
6081,3387,"Rye"
6082,3507,"Upper Wharfe"
6083,3309,"Middle and Lower Ure"
6084,3497,"Upper Nidd"
6085,3497,"Upper Nidd"
6086,3309,"Middle and Lower Ure"
6087,3387,"Rye"
6088,3387,"Rye"
6089,3489,"Upper Derwent Yorkshire"
6090,3283,"Lower Swale"
6091,3309,"Middle and Lower Ure"
6092,3283,"Lower Swale"
6093,3387,"Rye"
6094,3387,"Rye"
6095,3387,"Rye"
6096,3387,"Rye"
6097,3489,"Upper Derwent Yorkshire"
6098,3311,"Middle Derwent Yorkshire"
6099,3283,"Lower Swale"
6100,3497,"Upper Nidd"
6101,3283,"Lower Swale"
6102,3283,"Lower Swale"
6103,3387,"Rye"
6104,3497,"Upper Nidd"
6105,3497,"Upper Nidd"
6106,3497,"Upper Nidd"
6107,3387,"Rye"
6108,3489,"Upper Derwent Yorkshire"
6109,3387,"Rye"
6110,3387,"Rye"
6111,3507,"Upper Wharfe"
6112,3507,"Upper Wharfe"
6113,3387,"Rye"
6114,3387,"Rye"
6115,3283,"Lower Swale"
6116,3309,"Middle and Lower Ure"
6117,3497,"Upper Nidd"
6118,3387,"Rye"
6119,3309,"Middle and Lower Ure"
6120,3309,"Middle and Lower Ure"
6121,3489,"Upper Derwent Yorkshire"
6122,3387,"Rye"
6123,3387,"Rye"
6124,3497,"Upper Nidd"
6125,3283,"Lower Swale"
6126,3283,"Lower Swale"
6127,3311,"Middle Derwent Yorkshire"
6128,3283,"Lower Swale"
6129,3507,"Upper Wharfe"
6130,3309,"Middle and Lower Ure"
6131,3309,"Middle and Lower Ure"
6132,3309,"Middle and Lower Ure"
6133,3489,"Upper Derwent Yorkshire"
6134,3507,"Upper Wharfe"
6135,3283,"Lower Swale"
6136,3387,"Rye"
6137,3387,"Rye"
6138,3489,"Upper Derwent Yorkshire"
6139,3489,"Upper Derwent Yorkshire"
6140,3309,"Middle and Lower Ure"
6141,3507,"Upper Wharfe"
6142,3387,"Rye"
6143,3309,"Middle and Lower Ure"
6144,3309,"Middle and Lower Ure"
6145,3309,"Middle and Lower Ure"
6146,3507,"Upper Wharfe"
6147,3309,"Middle and Lower Ure"
6148,3387,"Rye"
6149,3387,"Rye"
6150,3489,"Upper Derwent Yorkshire"
6151,3309,"Middle and Lower Ure"
6152,3497,"Upper Nidd"
6153,3283,"Lower Swale"
6154,3387,"Rye"
6155,3387,"Rye"
6156,3283,"Lower Swale"
6157,3283,"Lower Swale"
6158,3387,"Rye"
6159,3283,"Lower Swale"
6160,3387,"Rye"
6161,3309,"Middle and Lower Ure"
6162,3283,"Lower Swale"
6163,3311,"Middle Derwent Yorkshire"
6164,3283,"Lower Swale"
6165,3387,"Rye"
6166,3309,"Middle and Lower Ure"
6167,3387,"Rye"
6168,3387,"Rye"
6169,3507,"Upper Wharfe"
6170,3497,"Upper Nidd"
6171,3283,"Lower Swale"
6172,3309,"Middle and Lower Ure"
6173,3507,"Upper Wharfe"
6174,3489,"Upper Derwent Yorkshire"
6175,3507,"Upper Wharfe"
6176,3387,"Rye"
6177,3283,"Lower Swale"
6178,3489,"Upper Derwent Yorkshire"
6179,3507,"Upper Wharfe"
6180,3309,"Middle and Lower Ure"
6181,3387,"Rye"
6182,3283,"Lower Swale"
6183,3387,"Rye"
6184,3497,"Upper Nidd"
6185,3309,"Middle and Lower Ure"
6186,3283,"Lower Swale"
6187,3309,"Middle and Lower Ure"
6188,3283,"Lower Swale"
6189,3387,"Rye"
6190,3507,"Upper Wharfe"
6191,3497,"Upper Nidd"
6192,3283,"Lower Swale"
6193,3387,"Rye"
6194,3387,"Rye"
6195,3489,"Upper Derwent Yorkshire"
6196,3283,"Lower Swale"
6197,3507,"Upper Wharfe"
6198,3507,"Upper Wharfe"
6199,3507,"Upper Wharfe"
6200,3507,"Upper Wharfe"
6201,3387,"Rye"
6202,3387,"Rye"
6203,3387,"Rye"
6204,3497,"Upper Nidd"
6205,3309,"Middle and Lower Ure"
6206,3309,"Middle and Lower Ure"
6207,3387,"Rye"
6208,3387,"Rye"
6209,3309,"Middle and Lower Ure"
6210,3283,"Lower Swale"
6211,3309,"Middle and Lower Ure"
6212,3489,"Upper Derwent Yorkshire"
6213,3309,"Middle and Lower Ure"
6214,3497,"Upper Nidd"
6215,3497,"Upper Nidd"
6216,3309,"Middle and Lower Ure"
6217,3507,"Upper Wharfe"
6218,3387,"Rye"
6219,3283,"Lower Swale"
6220,3283,"Lower Swale"
6221,3387,"Rye"
6222,3283,"Lower Swale"
6223,3283,"Lower Swale"
6224,3497,"Upper Nidd"
6225,3387,"Rye"
6226,3507,"Upper Wharfe"
6227,3309,"Middle and Lower Ure"
6228,3507,"Upper Wharfe"
6229,3309,"Middle and Lower Ure"
6230,3309,"Middle and Lower Ure"
6231,3309,"Middle and Lower Ure"
6232,3489,"Upper Derwent Yorkshire"
6233,3387,"Rye"
6234,3387,"Rye"
6235,3283,"Lower Swale"
6236,3497,"Upper Nidd"
6237,3497,"Upper Nidd"
6238,3309,"Middle and Lower Ure"
6239,3387,"Rye"
6240,3507,"Upper Wharfe"
6241,3489,"Upper Derwent Yorkshire"
6242,3309,"Middle and Lower Ure"
6243,3489,"Upper Derwent Yorkshire"
6244,3507,"Upper Wharfe"
6245,3283,"Lower Swale"
6246,3387,"Rye"
6247,3387,"Rye"
6248,3507,"Upper Wharfe"
6249,3387,"Rye"
6250,3507,"Upper Wharfe"
6251,3507,"Upper Wharfe"
6252,3387,"Rye"
6253,3387,"Rye"
6254,3309,"Middle and Lower Ure"
6255,3283,"Lower Swale"
6256,3387,"Rye"
6257,3387,"Rye"
6258,3507,"Upper Wharfe"
6259,3497,"Upper Nidd"
6260,3387,"Rye"
6261,3309,"Middle and Lower Ure"
6262,3387,"Rye"
6263,3309,"Middle and Lower Ure"
6264,3497,"Upper Nidd"
6265,3309,"Middle and Lower Ure"
6266,3387,"Rye"
6267,3309,"Middle and Lower Ure"
6268,3387,"Rye"
6269,3283,"Lower Swale"
6270,3387,"Rye"
6271,3387,"Rye"
6272,3283,"Lower Swale"
6273,3497,"Upper Nidd"
6274,3507,"Upper Wharfe"
6275,3387,"Rye"
6276,3387,"Rye"
6277,3497,"Upper Nidd"
6278,3283,"Lower Swale"
6279,3387,"Rye"
6280,3309,"Middle and Lower Ure"
6281,3309,"Middle and Lower Ure"
6282,3507,"Upper Wharfe"
6283,3309,"Middle and Lower Ure"
6284,3283,"Lower Swale"
6285,3387,"Rye"
6286,3507,"Upper Wharfe"
6287,3309,"Middle and Lower Ure"
6288,3283,"Lower Swale"
6289,3311,"Middle Derwent Yorkshire"
6290,3387,"Rye"
6291,3309,"Middle and Lower Ure"
6292,3387,"Rye"
6293,3497,"Upper Nidd"
6294,3283,"Lower Swale"
6295,3489,"Upper Derwent Yorkshire"
6296,3507,"Upper Wharfe"
6297,3309,"Middle and Lower Ure"
6298,3497,"Upper Nidd"
6299,3489,"Upper Derwent Yorkshire"
6300,3387,"Rye"
6301,3309,"Middle and Lower Ure"
6302,3283,"Lower Swale"
6303,3283,"Lower Swale"
6304,3283,"Lower Swale"
6305,3497,"Upper Nidd"
6306,3309,"Middle and Lower Ure"
6307,3309,"Middle and Lower Ure"
6308,3309,"Middle and Lower Ure"
6309,3387,"Rye"
6310,3497,"Upper Nidd"
6311,3309,"Middle and Lower Ure"
6312,3387,"Rye"
6313,3309,"Middle and Lower Ure"
6314,3309,"Middle and Lower Ure"
6315,3283,"Lower Swale"
6316,3507,"Upper Wharfe"
6317,3497,"Upper Nidd"
6318,3499,"Upper Ouse Yorkshire"
6319,3507,"Upper Wharfe"
6320,3497,"Upper Nidd"
6321,3283,"Lower Swale"
6322,3309,"Middle and Lower Ure"
6323,3283,"Lower Swale"
6324,3283,"Lower Swale"
6325,3283,"Lower Swale"
6326,3387,"Rye"
6327,3309,"Middle and Lower Ure"
6328,3497,"Upper Nidd"
6329,3309,"Middle and Lower Ure"
6330,3507,"Upper Wharfe"
6331,3311,"Middle Derwent Yorkshire"
6332,3309,"Middle and Lower Ure"
6333,3283,"Lower Swale"
6334,3283,"Lower Swale"
6335,3309,"Middle and Lower Ure"
6336,3387,"Rye"
6337,3387,"Rye"
6338,3387,"Rye"
6339,3507,"Upper Wharfe"
6340,3497,"Upper Nidd"
6341,3497,"Upper Nidd"
6342,3309,"Middle and Lower Ure"
6343,3309,"Middle and Lower Ure"
6344,3283,"Lower Swale"
6345,3387,"Rye"
6346,3387,"Rye"
6347,3387,"Rye"
6348,3309,"Middle and Lower Ure"
6349,3309,"Middle and Lower Ure"
6350,3507,"Upper Wharfe"
6351,3283,"Lower Swale"
6352,3283,"Lower Swale"
6353,3507,"Upper Wharfe"
6354,3507,"Upper Wharfe"
6355,3309,"Middle and Lower Ure"
6356,3507,"Upper Wharfe"
6357,3387,"Rye"
6358,3309,"Middle and Lower Ure"
6359,3309,"Middle and Lower Ure"
6360,3507,"Upper Wharfe"
6361,3309,"Middle and Lower Ure"
6362,3387,"Rye"
6363,3387,"Rye"
6364,3309,"Middle and Lower Ure"
6365,3387,"Rye"
6366,3309,"Middle and Lower Ure"
6367,3309,"Middle and Lower Ure"
6368,3507,"Upper Wharfe"
6369,3507,"Upper Wharfe"
6370,3497,"Upper Nidd"
6371,3309,"Middle and Lower Ure"
6372,3311,"Middle Derwent Yorkshire"
6373,3309,"Middle and Lower Ure"
6374,3311,"Middle Derwent Yorkshire"
6375,3311,"Middle Derwent Yorkshire"
6376,3190,"Foss"
6377,3283,"Lower Swale"
6378,3387,"Rye"
6379,3309,"Middle and Lower Ure"
6380,3387,"Rye"
6381,3497,"Upper Nidd"
6382,3497,"Upper Nidd"
6383,3190,"Foss"
6384,3311,"Middle Derwent Yorkshire"
6385,3283,"Lower Swale"
6386,3309,"Middle and Lower Ure"
6387,3387,"Rye"
6388,3507,"Upper Wharfe"
6389,3387,"Rye"
6390,3190,"Foss"
6391,3387,"Rye"
6392,3387,"Rye"
6393,3309,"Middle and Lower Ure"
6394,3497,"Upper Nidd"
6395,3497,"Upper Nidd"
6396,3489,"Upper Derwent Yorkshire"
6397,3309,"Middle and Lower Ure"
6398,3190,"Foss"
6399,3309,"Middle and Lower Ure"
6400,3507,"Upper Wharfe"
6401,3507,"Upper Wharfe"
6402,3309,"Middle and Lower Ure"
6403,3507,"Upper Wharfe"
6404,3507,"Upper Wharfe"
6405,3499,"Upper Ouse Yorkshire"
6406,3387,"Rye"
6407,3387,"Rye"
6408,3507,"Upper Wharfe"
6409,3499,"Upper Ouse Yorkshire"
6410,3311,"Middle Derwent Yorkshire"
6411,3283,"Lower Swale"
6412,3387,"Rye"
6413,3507,"Upper Wharfe"
6414,3507,"Upper Wharfe"
6415,3497,"Upper Nidd"
6416,3507,"Upper Wharfe"
6417,3190,"Foss"
6418,3387,"Rye"
6419,3497,"Upper Nidd"
6420,3387,"Rye"
6421,3507,"Upper Wharfe"
6422,3309,"Middle and Lower Ure"
6423,3387,"Rye"
6424,3387,"Rye"
6425,3507,"Upper Wharfe"
6426,3507,"Upper Wharfe"
6427,3309,"Middle and Lower Ure"
6428,3499,"Upper Ouse Yorkshire"
6429,3497,"Upper Nidd"
6430,3387,"Rye"
6431,3309,"Middle and Lower Ure"
6432,3507,"Upper Wharfe"
6433,3507,"Upper Wharfe"
6434,3497,"Upper Nidd"
6435,3507,"Upper Wharfe"
6436,3497,"Upper Nidd"
6437,3499,"Upper Ouse Yorkshire"
6438,3497,"Upper Nidd"
6439,3497,"Upper Nidd"
6440,3507,"Upper Wharfe"
6441,3387,"Rye"
6442,3497,"Upper Nidd"
6443,3387,"Rye"
6444,3309,"Middle and Lower Ure"
6445,3387,"Rye"
6446,3497,"Upper Nidd"
6447,3387,"Rye"
6448,3497,"Upper Nidd"
6449,3309,"Middle and Lower Ure"
6450,3497,"Upper Nidd"
6451,3309,"Middle and Lower Ure"
6452,3309,"Middle and Lower Ure"
6453,3387,"Rye"
6454,3497,"Upper Nidd"
6455,3309,"Middle and Lower Ure"
6456,3283,"Lower Swale"
6457,3309,"Middle and Lower Ure"
6458,3499,"Upper Ouse Yorkshire"
6459,3499,"Upper Ouse Yorkshire"
6460,3283,"Lower Swale"
6461,3507,"Upper Wharfe"
6462,3497,"Upper Nidd"
6463,3507,"Upper Wharfe"
6464,3309,"Middle and Lower Ure"
6465,3499,"Upper Ouse Yorkshire"
6466,3507,"Upper Wharfe"
6467,3387,"Rye"
6468,3507,"Upper Wharfe"
6469,3283,"Lower Swale"
6470,3387,"Rye"
6471,3507,"Upper Wharfe"
6472,3387,"Rye"
6473,3489,"Upper Derwent Yorkshire"
6474,3497,"Upper Nidd"
6475,3309,"Middle and Lower Ure"
6476,3489,"Upper Derwent Yorkshire"
6477,3309,"Middle and Lower Ure"
6478,3497,"Upper Nidd"
6479,3283,"Lower Swale"
6480,3507,"Upper Wharfe"
6481,3387,"Rye"
6482,3309,"Middle and Lower Ure"
6483,3283,"Lower Swale"
6484,3283,"Lower Swale"
6485,3387,"Rye"
6486,3283,"Lower Swale"
6487,3507,"Upper Wharfe"
6488,3387,"Rye"
6489,3283,"Lower Swale"
6490,3499,"Upper Ouse Yorkshire"
6491,3507,"Upper Wharfe"
6492,3507,"Upper Wharfe"
6493,3499,"Upper Ouse Yorkshire"
6494,3387,"Rye"
6495,3387,"Rye"
6496,3311,"Middle Derwent Yorkshire"
6497,3499,"Upper Ouse Yorkshire"
6498,3387,"Rye"
6499,3311,"Middle Derwent Yorkshire"
6500,3387,"Rye"
6501,3309,"Middle and Lower Ure"
6502,3497,"Upper Nidd"
6503,3507,"Upper Wharfe"
6504,3311,"Middle Derwent Yorkshire"
6505,3283,"Lower Swale"
6506,3387,"Rye"
6507,3499,"Upper Ouse Yorkshire"
6508,3387,"Rye"
6509,3387,"Rye"
6510,3497,"Upper Nidd"
6511,3309,"Middle and Lower Ure"
6512,3283,"Lower Swale"
6513,3387,"Rye"
6514,3309,"Middle and Lower Ure"
6515,3497,"Upper Nidd"
6516,3309,"Middle and Lower Ure"
6517,3190,"Foss"
6518,3497,"Upper Nidd"
6519,3497,"Upper Nidd"
6520,3190,"Foss"
6521,3283,"Lower Swale"
6522,3387,"Rye"
6523,3507,"Upper Wharfe"
6524,3309,"Middle and Lower Ure"
6525,3309,"Middle and Lower Ure"
6526,3309,"Middle and Lower Ure"
6527,3283,"Lower Swale"
6528,3497,"Upper Nidd"
6529,3499,"Upper Ouse Yorkshire"
6530,3190,"Foss"
6531,3309,"Middle and Lower Ure"
6532,3489,"Upper Derwent Yorkshire"
6533,3497,"Upper Nidd"
6534,3311,"Middle Derwent Yorkshire"
6535,3283,"Lower Swale"
6536,3507,"Upper Wharfe"
6537,3309,"Middle and Lower Ure"
6538,3507,"Upper Wharfe"
6539,3283,"Lower Swale"
6540,3387,"Rye"
6541,3489,"Upper Derwent Yorkshire"
6542,3499,"Upper Ouse Yorkshire"
6543,3507,"Upper Wharfe"
6544,3507,"Upper Wharfe"
6545,3507,"Upper Wharfe"
6546,3283,"Lower Swale"
6547,3283,"Lower Swale"
6548,3499,"Upper Ouse Yorkshire"
6549,3190,"Foss"
6550,3499,"Upper Ouse Yorkshire"
6551,3311,"Middle Derwent Yorkshire"
6552,3283,"Lower Swale"
6553,3507,"Upper Wharfe"
6554,3497,"Upper Nidd"
6555,3387,"Rye"
6556,3507,"Upper Wharfe"
6557,3311,"Middle Derwent Yorkshire"
6558,3507,"Upper Wharfe"
6559,3309,"Middle and Lower Ure"
6560,3311,"Middle Derwent Yorkshire"
6561,3497,"Upper Nidd"
6562,3507,"Upper Wharfe"
6563,3309,"Middle and Lower Ure"
6564,3387,"Rye"
6565,3497,"Upper Nidd"
6566,3309,"Middle and Lower Ure"
6567,3283,"Lower Swale"
6568,3387,"Rye"
6569,3387,"Rye"
6570,3387,"Rye"
6571,3507,"Upper Wharfe"
6572,3497,"Upper Nidd"
6573,3309,"Middle and Lower Ure"
6574,3497,"Upper Nidd"
6575,3387,"Rye"
6576,3387,"Rye"
6577,3190,"Foss"
6578,3499,"Upper Ouse Yorkshire"
6579,3497,"Upper Nidd"
6580,3499,"Upper Ouse Yorkshire"
6581,3309,"Middle and Lower Ure"
6582,3387,"Rye"
6583,3489,"Upper Derwent Yorkshire"
6584,3507,"Upper Wharfe"
6585,3507,"Upper Wharfe"
6586,3283,"Lower Swale"
6587,3283,"Lower Swale"
6588,3309,"Middle and Lower Ure"
6589,3309,"Middle and Lower Ure"
6590,3309,"Middle and Lower Ure"
6591,3497,"Upper Nidd"
6592,3309,"Middle and Lower Ure"
6593,3507,"Upper Wharfe"
6594,3387,"Rye"
6595,3283,"Lower Swale"
6596,3507,"Upper Wharfe"
6597,3309,"Middle and Lower Ure"
6598,3497,"Upper Nidd"
6599,3309,"Middle and Lower Ure"
6600,3283,"Lower Swale"
6601,3507,"Upper Wharfe"
6602,3190,"Foss"
6603,3387,"Rye"
6604,3497,"Upper Nidd"
6605,3497,"Upper Nidd"
6606,3309,"Middle and Lower Ure"
6607,3387,"Rye"
6608,3309,"Middle and Lower Ure"
6609,3309,"Middle and Lower Ure"
6610,3309,"Middle and Lower Ure"
6611,3309,"Middle and Lower Ure"
6612,3489,"Upper Derwent Yorkshire"
6613,3387,"Rye"
6614,3309,"Middle and Lower Ure"
6615,3489,"Upper Derwent Yorkshire"
6616,3507,"Upper Wharfe"
6617,3497,"Upper Nidd"
6618,3387,"Rye"
6619,3190,"Foss"
6620,3497,"Upper Nidd"
6621,3387,"Rye"
6622,3309,"Middle and Lower Ure"
6623,3283,"Lower Swale"
6624,3311,"Middle Derwent Yorkshire"
6625,3309,"Middle and Lower Ure"
6626,3507,"Upper Wharfe"
6627,3309,"Middle and Lower Ure"
6628,3283,"Lower Swale"
6629,3499,"Upper Ouse Yorkshire"
6630,3507,"Upper Wharfe"
6631,3499,"Upper Ouse Yorkshire"
6632,3489,"Upper Derwent Yorkshire"
6633,3309,"Middle and Lower Ure"
6634,3283,"Lower Swale"
6635,3311,"Middle Derwent Yorkshire"
6636,3309,"Middle and Lower Ure"
6637,3283,"Lower Swale"
6638,3311,"Middle Derwent Yorkshire"
6639,3387,"Rye"
6640,3497,"Upper Nidd"
6641,3387,"Rye"
6642,3283,"Lower Swale"
6643,3309,"Middle and Lower Ure"
6644,3499,"Upper Ouse Yorkshire"
6645,3507,"Upper Wharfe"
6646,3507,"Upper Wharfe"
6647,3507,"Upper Wharfe"
6648,3387,"Rye"
6649,3387,"Rye"
6650,3387,"Rye"
6651,3311,"Middle Derwent Yorkshire"
6652,3507,"Upper Wharfe"
6653,3497,"Upper Nidd"
6654,3309,"Middle and Lower Ure"
6655,3497,"Upper Nidd"
6656,3311,"Middle Derwent Yorkshire"
6657,3489,"Upper Derwent Yorkshire"
6658,3311,"Middle Derwent Yorkshire"
6659,3499,"Upper Ouse Yorkshire"
6660,3497,"Upper Nidd"
6661,3497,"Upper Nidd"
6662,3497,"Upper Nidd"
6663,3283,"Lower Swale"
6664,3507,"Upper Wharfe"
6665,3497,"Upper Nidd"
6666,3507,"Upper Wharfe"
6667,3507,"Upper Wharfe"
6668,3507,"Upper Wharfe"
6669,3489,"Upper Derwent Yorkshire"
6670,3309,"Middle and Lower Ure"
6671,3489,"Upper Derwent Yorkshire"
6672,3309,"Middle and Lower Ure"
6673,3309,"Middle and Lower Ure"
6674,3190,"Foss"
6675,3387,"Rye"
6676,3283,"Lower Swale"
6677,3309,"Middle and Lower Ure"
6678,3387,"Rye"
6679,3499,"Upper Ouse Yorkshire"
6680,3387,"Rye"
6681,3309,"Middle and Lower Ure"
6682,3507,"Upper Wharfe"
6683,3507,"Upper Wharfe"
6684,3283,"Lower Swale"
6685,3499,"Upper Ouse Yorkshire"
6686,3309,"Middle and Lower Ure"
6687,3309,"Middle and Lower Ure"
6688,3497,"Upper Nidd"
6689,3283,"Lower Swale"
6690,3507,"Upper Wharfe"
6691,3387,"Rye"
6692,3309,"Middle and Lower Ure"
6693,3507,"Upper Wharfe"
6694,3507,"Upper Wharfe"
6695,3387,"Rye"
6696,3499,"Upper Ouse Yorkshire"
6697,3507,"Upper Wharfe"
6698,3387,"Rye"
6699,3499,"Upper Ouse Yorkshire"
6700,3499,"Upper Ouse Yorkshire"
6701,3497,"Upper Nidd"
6702,3311,"Middle Derwent Yorkshire"
6703,3190,"Foss"
6704,3190,"Foss"
6705,3507,"Upper Wharfe"
6706,3497,"Upper Nidd"
6707,3309,"Middle and Lower Ure"
6708,3190,"Foss"
6709,3387,"Rye"
6710,3387,"Rye"
6711,3311,"Middle Derwent Yorkshire"
6712,3489,"Upper Derwent Yorkshire"
6713,3497,"Upper Nidd"
6714,3309,"Middle and Lower Ure"
6715,3311,"Middle Derwent Yorkshire"
6716,3311,"Middle Derwent Yorkshire"
6717,3387,"Rye"
6718,3507,"Upper Wharfe"
6719,3497,"Upper Nidd"
6720,3387,"Rye"
6721,3499,"Upper Ouse Yorkshire"
6722,3507,"Upper Wharfe"
6723,3309,"Middle and Lower Ure"
6724,3507,"Upper Wharfe"
6725,3507,"Upper Wharfe"
6726,3387,"Rye"
6727,3309,"Middle and Lower Ure"
6728,3309,"Middle and Lower Ure"
6729,3311,"Middle Derwent Yorkshire"
6730,3311,"Middle Derwent Yorkshire"
6731,3283,"Lower Swale"
6732,3507,"Upper Wharfe"
6733,3497,"Upper Nidd"
6734,3387,"Rye"
6735,3311,"Middle Derwent Yorkshire"
6736,3309,"Middle and Lower Ure"
6737,3387,"Rye"
6738,3497,"Upper Nidd"
6739,3507,"Upper Wharfe"
6740,3497,"Upper Nidd"
6741,3309,"Middle and Lower Ure"
6742,3283,"Lower Swale"
6743,3489,"Upper Derwent Yorkshire"
6744,3309,"Middle and Lower Ure"
6745,3499,"Upper Ouse Yorkshire"
6746,3311,"Middle Derwent Yorkshire"
6747,3507,"Upper Wharfe"
6748,3499,"Upper Ouse Yorkshire"
6749,3309,"Middle and Lower Ure"
6750,3387,"Rye"
6751,3387,"Rye"
6752,3489,"Upper Derwent Yorkshire"
6753,3507,"Upper Wharfe"
6754,3497,"Upper Nidd"
6755,3499,"Upper Ouse Yorkshire"
6756,3497,"Upper Nidd"
6757,3497,"Upper Nidd"
6758,3499,"Upper Ouse Yorkshire"
6759,3507,"Upper Wharfe"
6760,3497,"Upper Nidd"
6761,3489,"Upper Derwent Yorkshire"
6762,3489,"Upper Derwent Yorkshire"
6763,3497,"Upper Nidd"
6764,3190,"Foss"
6765,3309,"Middle and Lower Ure"
6766,3283,"Lower Swale"
6767,3283,"Lower Swale"
6768,3190,"Foss"
6769,3507,"Upper Wharfe"
6770,3387,"Rye"
6771,3489,"Upper Derwent Yorkshire"
6772,3497,"Upper Nidd"
6773,3309,"Middle and Lower Ure"
6774,3311,"Middle Derwent Yorkshire"
6775,3309,"Middle and Lower Ure"
6776,3507,"Upper Wharfe"
6777,3507,"Upper Wharfe"
6778,3309,"Middle and Lower Ure"
6779,3283,"Lower Swale"
6780,3499,"Upper Ouse Yorkshire"
6781,3507,"Upper Wharfe"
6782,3499,"Upper Ouse Yorkshire"
6783,3283,"Lower Swale"
6784,3489,"Upper Derwent Yorkshire"
6785,3309,"Middle and Lower Ure"
6786,3497,"Upper Nidd"
6787,3283,"Lower Swale"
6788,3507,"Upper Wharfe"
6789,3507,"Upper Wharfe"
6790,3507,"Upper Wharfe"
6791,3309,"Middle and Lower Ure"
6792,3387,"Rye"
6793,3309,"Middle and Lower Ure"
6794,3497,"Upper Nidd"
6795,3507,"Upper Wharfe"
6796,3309,"Middle and Lower Ure"
6797,3190,"Foss"
6798,3489,"Upper Derwent Yorkshire"
6799,3387,"Rye"
6800,3309,"Middle and Lower Ure"
6801,3507,"Upper Wharfe"
6802,3497,"Upper Nidd"
6803,3311,"Middle Derwent Yorkshire"
6804,3387,"Rye"
6805,3387,"Rye"
6806,3311,"Middle Derwent Yorkshire"
6807,3497,"Upper Nidd"
6808,3309,"Middle and Lower Ure"
6809,3309,"Middle and Lower Ure"
6810,3507,"Upper Wharfe"
6811,3309,"Middle and Lower Ure"
6812,3309,"Middle and Lower Ure"
6813,3489,"Upper Derwent Yorkshire"
6814,3497,"Upper Nidd"
6815,3507,"Upper Wharfe"
6816,3309,"Middle and Lower Ure"
6817,3497,"Upper Nidd"
6818,3499,"Upper Ouse Yorkshire"
6819,3311,"Middle Derwent Yorkshire"
6820,3283,"Lower Swale"
6821,3499,"Upper Ouse Yorkshire"
6822,3311,"Middle Derwent Yorkshire"
6823,3309,"Middle and Lower Ure"
6824,3283,"Lower Swale"
6825,3489,"Upper Derwent Yorkshire"
6826,3507,"Upper Wharfe"
6827,3499,"Upper Ouse Yorkshire"
6828,3499,"Upper Ouse Yorkshire"
6829,3489,"Upper Derwent Yorkshire"
6830,3309,"Middle and Lower Ure"
6831,3507,"Upper Wharfe"
6832,3489,"Upper Derwent Yorkshire"
6833,3507,"Upper Wharfe"
6834,3311,"Middle Derwent Yorkshire"
6835,3309,"Middle and Lower Ure"
6836,3507,"Upper Wharfe"
6837,3309,"Middle and Lower Ure"
6838,3507,"Upper Wharfe"
6839,3497,"Upper Nidd"
6840,3309,"Middle and Lower Ure"
6841,3499,"Upper Ouse Yorkshire"
6842,3311,"Middle Derwent Yorkshire"
6843,3497,"Upper Nidd"
6844,3499,"Upper Ouse Yorkshire"
6845,3499,"Upper Ouse Yorkshire"
6846,3499,"Upper Ouse Yorkshire"
6847,3311,"Middle Derwent Yorkshire"
6848,3489,"Upper Derwent Yorkshire"
6849,3507,"Upper Wharfe"
6850,3309,"Middle and Lower Ure"
6851,3309,"Middle and Lower Ure"
6852,3309,"Middle and Lower Ure"
6853,3497,"Upper Nidd"
6854,3309,"Middle and Lower Ure"
6855,3309,"Middle and Lower Ure"
6856,3507,"Upper Wharfe"
6857,3497,"Upper Nidd"
6858,3507,"Upper Wharfe"
6859,3309,"Middle and Lower Ure"
6860,3311,"Middle Derwent Yorkshire"
6861,3309,"Middle and Lower Ure"
6862,3499,"Upper Ouse Yorkshire"
6863,3507,"Upper Wharfe"
6864,3309,"Middle and Lower Ure"
6865,3507,"Upper Wharfe"
6866,3283,"Lower Swale"
6867,3499,"Upper Ouse Yorkshire"
6868,3387,"Rye"
6869,3387,"Rye"
6870,3499,"Upper Ouse Yorkshire"
6871,3499,"Upper Ouse Yorkshire"
6872,3190,"Foss"
6873,3497,"Upper Nidd"
6874,3311,"Middle Derwent Yorkshire"
6875,3309,"Middle and Lower Ure"
6876,3190,"Foss"
6877,3311,"Middle Derwent Yorkshire"
6878,3309,"Middle and Lower Ure"
6879,3387,"Rye"
6880,3311,"Middle Derwent Yorkshire"
6881,3311,"Middle Derwent Yorkshire"
6882,3499,"Upper Ouse Yorkshire"
6883,3309,"Middle and Lower Ure"
6884,3311,"Middle Derwent Yorkshire"
6885,3190,"Foss"
6886,3311,"Middle Derwent Yorkshire"
6887,3489,"Upper Derwent Yorkshire"
6888,3489,"Upper Derwent Yorkshire"
6889,3283,"Lower Swale"
6890,3499,"Upper Ouse Yorkshire"
6891,3311,"Middle Derwent Yorkshire"
6892,3311,"Middle Derwent Yorkshire"
6893,3311,"Middle Derwent Yorkshire"
6894,3309,"Middle and Lower Ure"
6895,3507,"Upper Wharfe"
6896,3311,"Middle Derwent Yorkshire"
6897,3499,"Upper Ouse Yorkshire"
6898,3387,"Rye"
6899,3499,"Upper Ouse Yorkshire"
6900,3311,"Middle Derwent Yorkshire"
6901,3489,"Upper Derwent Yorkshire"
6902,3497,"Upper Nidd"
6903,3309,"Middle and Lower Ure"
6904,3311,"Middle Derwent Yorkshire"
6905,3507,"Upper Wharfe"
6906,3311,"Middle Derwent Yorkshire"
6907,3311,"Middle Derwent Yorkshire"
6908,3309,"Middle and Lower Ure"
6909,3190,"Foss"
6910,3507,"Upper Wharfe"
6911,3309,"Middle and Lower Ure"
6912,3387,"Rye"
6913,3497,"Upper Nidd"
6914,3309,"Middle and Lower Ure"
6915,3311,"Middle Derwent Yorkshire"
6916,3489,"Upper Derwent Yorkshire"
6917,3497,"Upper Nidd"
6918,3309,"Middle and Lower Ure"
6919,3283,"Lower Swale"
6920,3387,"Rye"
6921,3497,"Upper Nidd"
6922,3311,"Middle Derwent Yorkshire"
6923,3499,"Upper Ouse Yorkshire"
6924,3311,"Middle Derwent Yorkshire"
6925,3489,"Upper Derwent Yorkshire"
6926,3507,"Upper Wharfe"
6927,3507,"Upper Wharfe"
6928,3283,"Lower Swale"
6929,3497,"Upper Nidd"
6930,3387,"Rye"
6931,3507,"Upper Wharfe"
6932,3283,"Lower Swale"
6933,3497,"Upper Nidd"
6934,3311,"Middle Derwent Yorkshire"
6935,3507,"Upper Wharfe"
6936,3283,"Lower Swale"
6937,3190,"Foss"
6938,3497,"Upper Nidd"
6939,3499,"Upper Ouse Yorkshire"
6940,3309,"Middle and Lower Ure"
6941,3283,"Lower Swale"
6942,3309,"Middle and Lower Ure"
6943,3311,"Middle Derwent Yorkshire"
6944,3309,"Middle and Lower Ure"
6945,3507,"Upper Wharfe"
6946,3309,"Middle and Lower Ure"
6947,3309,"Middle and Lower Ure"
6948,3499,"Upper Ouse Yorkshire"
6949,3489,"Upper Derwent Yorkshire"
6950,3497,"Upper Nidd"
6951,3283,"Lower Swale"
6952,3190,"Foss"
6953,3497,"Upper Nidd"
6954,3387,"Rye"
6955,3311,"Middle Derwent Yorkshire"
6956,3507,"Upper Wharfe"
6957,3309,"Middle and Lower Ure"
6958,3309,"Middle and Lower Ure"
6959,3311,"Middle Derwent Yorkshire"
6960,3311,"Middle Derwent Yorkshire"
6961,3499,"Upper Ouse Yorkshire"
6962,3283,"Lower Swale"
6963,3190,"Foss"
6964,3499,"Upper Ouse Yorkshire"
6965,3497,"Upper Nidd"
6966,3283,"Lower Swale"
6967,3311,"Middle Derwent Yorkshire"
6968,3311,"Middle Derwent Yorkshire"
6969,3507,"Upper Wharfe"
6970,3190,"Foss"
6971,3309,"Middle and Lower Ure"
6972,3497,"Upper Nidd"
6973,3497,"Upper Nidd"
6974,3499,"Upper Ouse Yorkshire"
6975,3507,"Upper Wharfe"
6976,3309,"Middle and Lower Ure"
6977,3283,"Lower Swale"
6978,3497,"Upper Nidd"
6979,3309,"Middle and Lower Ure"
6980,3499,"Upper Ouse Yorkshire"
6981,3507,"Upper Wharfe"
6982,3497,"Upper Nidd"
6983,3387,"Rye"
6984,3507,"Upper Wharfe"
6985,3309,"Middle and Lower Ure"
6986,3497,"Upper Nidd"
6987,3311,"Middle Derwent Yorkshire"
6988,3311,"Middle Derwent Yorkshire"
6989,3283,"Lower Swale"
6990,3497,"Upper Nidd"
6991,3309,"Middle and Lower Ure"
6992,3309,"Middle and Lower Ure"
6993,3499,"Upper Ouse Yorkshire"
6994,3309,"Middle and Lower Ure"
6995,3311,"Middle Derwent Yorkshire"
6996,3497,"Upper Nidd"
6997,3497,"Upper Nidd"
6998,3190,"Foss"
6999,3489,"Upper Derwent Yorkshire"
7000,3497,"Upper Nidd"
7001,3499,"Upper Ouse Yorkshire"
7002,3283,"Lower Swale"
7003,3507,"Upper Wharfe"
7004,3190,"Foss"
7005,3311,"Middle Derwent Yorkshire"
7006,3507,"Upper Wharfe"
7007,3507,"Upper Wharfe"
7008,3507,"Upper Wharfe"
7009,3309,"Middle and Lower Ure"
7010,3309,"Middle and Lower Ure"
7011,3507,"Upper Wharfe"
7012,3283,"Lower Swale"
7013,3499,"Upper Ouse Yorkshire"
7014,3190,"Foss"
7015,3507,"Upper Wharfe"
7016,3309,"Middle and Lower Ure"
7017,3309,"Middle and Lower Ure"
7018,3283,"Lower Swale"
7019,3283,"Lower Swale"
7020,3283,"Lower Swale"
7021,3309,"Middle and Lower Ure"
7022,3311,"Middle Derwent Yorkshire"
7023,3311,"Middle Derwent Yorkshire"
7024,3507,"Upper Wharfe"
7025,3309,"Middle and Lower Ure"
7026,3497,"Upper Nidd"
7027,3309,"Middle and Lower Ure"
7028,3311,"Middle Derwent Yorkshire"
7029,3497,"Upper Nidd"
7030,3507,"Upper Wharfe"
7031,3311,"Middle Derwent Yorkshire"
7032,3499,"Upper Ouse Yorkshire"
7033,3499,"Upper Ouse Yorkshire"
7034,3309,"Middle and Lower Ure"
7035,3499,"Upper Ouse Yorkshire"
7036,3507,"Upper Wharfe"
7037,3497,"Upper Nidd"
7038,3497,"Upper Nidd"
7039,3309,"Middle and Lower Ure"
7040,3499,"Upper Ouse Yorkshire"
7041,3311,"Middle Derwent Yorkshire"
7042,3309,"Middle and Lower Ure"
7043,3499,"Upper Ouse Yorkshire"
7044,3311,"Middle Derwent Yorkshire"
7045,3309,"Middle and Lower Ure"
7046,3190,"Foss"
7047,3387,"Rye"
7048,3497,"Upper Nidd"
7049,3497,"Upper Nidd"
7050,3311,"Middle Derwent Yorkshire"
7051,3311,"Middle Derwent Yorkshire"
7052,3489,"Upper Derwent Yorkshire"
7053,3309,"Middle and Lower Ure"
7054,3489,"Upper Derwent Yorkshire"
7055,3311,"Middle Derwent Yorkshire"
7056,3311,"Middle Derwent Yorkshire"
7057,3497,"Upper Nidd"
7058,3507,"Upper Wharfe"
7059,3499,"Upper Ouse Yorkshire"
7060,3311,"Middle Derwent Yorkshire"
7061,3497,"Upper Nidd"
7062,3309,"Middle and Lower Ure"
7063,3190,"Foss"
7064,3311,"Middle Derwent Yorkshire"
7065,3309,"Middle and Lower Ure"
7066,3311,"Middle Derwent Yorkshire"
7067,3507,"Upper Wharfe"
7068,3311,"Middle Derwent Yorkshire"
7069,3507,"Upper Wharfe"
7070,3309,"Middle and Lower Ure"
7071,3309,"Middle and Lower Ure"
7072,3309,"Middle and Lower Ure"
7073,3309,"Middle and Lower Ure"
7074,3309,"Middle and Lower Ure"
7075,3309,"Middle and Lower Ure"
7076,3507,"Upper Wharfe"
7077,3507,"Upper Wharfe"
7078,3309,"Middle and Lower Ure"
7079,3309,"Middle and Lower Ure"
7080,3507,"Upper Wharfe"
7081,3497,"Upper Nidd"
7082,3489,"Upper Derwent Yorkshire"
7083,3507,"Upper Wharfe"
7084,3190,"Foss"
7085,3387,"Rye"
7086,3507,"Upper Wharfe"
7087,3309,"Middle and Lower Ure"
7088,3507,"Upper Wharfe"
7089,3309,"Middle and Lower Ure"
7090,3489,"Upper Derwent Yorkshire"
7091,3309,"Middle and Lower Ure"
7092,3489,"Upper Derwent Yorkshire"
7093,3309,"Middle and Lower Ure"
7094,3497,"Upper Nidd"
7095,3309,"Middle and Lower Ure"
7096,3311,"Middle Derwent Yorkshire"
7097,3190,"Foss"
7098,3309,"Middle and Lower Ure"
7099,3309,"Middle and Lower Ure"
7100,3190,"Foss"
7101,3311,"Middle Derwent Yorkshire"
7102,3497,"Upper Nidd"
7103,3507,"Upper Wharfe"
7104,3283,"Lower Swale"
7105,3309,"Middle and Lower Ure"
7106,3309,"Middle and Lower Ure"
7107,3309,"Middle and Lower Ure"
7108,3507,"Upper Wharfe"
7109,3497,"Upper Nidd"
7110,3309,"Middle and Lower Ure"
7111,3507,"Upper Wharfe"
7112,3499,"Upper Ouse Yorkshire"
7113,3499,"Upper Ouse Yorkshire"
7114,3311,"Middle Derwent Yorkshire"
7115,3499,"Upper Ouse Yorkshire"
7116,3489,"Upper Derwent Yorkshire"
7117,3309,"Middle and Lower Ure"
7118,3309,"Middle and Lower Ure"
7119,3499,"Upper Ouse Yorkshire"
7120,3499,"Upper Ouse Yorkshire"
7121,3311,"Middle Derwent Yorkshire"
7122,3497,"Upper Nidd"
7123,3499,"Upper Ouse Yorkshire"
7124,3311,"Middle Derwent Yorkshire"
7125,3507,"Upper Wharfe"
7126,3311,"Middle Derwent Yorkshire"
7127,3311,"Middle Derwent Yorkshire"
7128,3499,"Upper Ouse Yorkshire"
7129,3507,"Upper Wharfe"
7130,3497,"Upper Nidd"
7131,3311,"Middle Derwent Yorkshire"
7132,3507,"Upper Wharfe"
7133,3499,"Upper Ouse Yorkshire"
7134,3311,"Middle Derwent Yorkshire"
7135,3507,"Upper Wharfe"
7136,3309,"Middle and Lower Ure"
7137,3309,"Middle and Lower Ure"
7138,3309,"Middle and Lower Ure"
7139,3499,"Upper Ouse Yorkshire"
7140,3309,"Middle and Lower Ure"
7141,3311,"Middle Derwent Yorkshire"
7142,3311,"Middle Derwent Yorkshire"
7143,3497,"Upper Nidd"
7144,3309,"Middle and Lower Ure"
7145,3507,"Upper Wharfe"
7146,3311,"Middle Derwent Yorkshire"
7147,3311,"Middle Derwent Yorkshire"
7148,3311,"Middle Derwent Yorkshire"
7149,3311,"Middle Derwent Yorkshire"
7150,3190,"Foss"
7151,3309,"Middle and Lower Ure"
7152,3309,"Middle and Lower Ure"
7153,3311,"Middle Derwent Yorkshire"
7154,3507,"Upper Wharfe"
7155,3499,"Upper Ouse Yorkshire"
7156,3497,"Upper Nidd"
7157,3507,"Upper Wharfe"
7158,3507,"Upper Wharfe"
7159,3309,"Middle and Lower Ure"
7160,3311,"Middle Derwent Yorkshire"
7161,3309,"Middle and Lower Ure"
7162,3309,"Middle and Lower Ure"
7163,3311,"Middle Derwent Yorkshire"
7164,3283,"Lower Swale"
7165,3309,"Middle and Lower Ure"
7166,3283,"Lower Swale"
7167,3311,"Middle Derwent Yorkshire"
7168,3499,"Upper Ouse Yorkshire"
7169,3507,"Upper Wharfe"
7170,3497,"Upper Nidd"
7171,3507,"Upper Wharfe"
7172,3190,"Foss"
7173,3507,"Upper Wharfe"
7174,3499,"Upper Ouse Yorkshire"
7175,3499,"Upper Ouse Yorkshire"
7176,3309,"Middle and Lower Ure"
7177,3311,"Middle Derwent Yorkshire"
7178,3311,"Middle Derwent Yorkshire"
7179,3311,"Middle Derwent Yorkshire"
7180,3309,"Middle and Lower Ure"
7181,3309,"Middle and Lower Ure"
7182,3311,"Middle Derwent Yorkshire"
7183,3507,"Upper Wharfe"
7184,3309,"Middle and Lower Ure"
7185,3311,"Middle Derwent Yorkshire"
7186,3311,"Middle Derwent Yorkshire"
7187,3507,"Upper Wharfe"
7188,3497,"Upper Nidd"
7189,3309,"Middle and Lower Ure"
7190,3499,"Upper Ouse Yorkshire"
7191,3190,"Foss"
7192,3311,"Middle Derwent Yorkshire"
7193,3507,"Upper Wharfe"
7194,3311,"Middle Derwent Yorkshire"
7195,3190,"Foss"
7196,3507,"Upper Wharfe"
7197,3507,"Upper Wharfe"
7198,3309,"Middle and Lower Ure"
7199,3311,"Middle Derwent Yorkshire"
7200,3311,"Middle Derwent Yorkshire"
7201,3507,"Upper Wharfe"
7202,3309,"Middle and Lower Ure"
7203,3190,"Foss"
7204,3507,"Upper Wharfe"
7205,3499,"Upper Ouse Yorkshire"
7206,3309,"Middle and Lower Ure"
7207,3499,"Upper Ouse Yorkshire"
7208,3309,"Middle and Lower Ure"
7209,3309,"Middle and Lower Ure"
7210,3507,"Upper Wharfe"
7211,3497,"Upper Nidd"
7212,3309,"Middle and Lower Ure"
7213,3507,"Upper Wharfe"
7214,3507,"Upper Wharfe"
7215,3190,"Foss"
7216,3190,"Foss"
7217,3311,"Middle Derwent Yorkshire"
7218,3507,"Upper Wharfe"
7219,3507,"Upper Wharfe"
7220,3507,"Upper Wharfe"
7221,3311,"Middle Derwent Yorkshire"
7222,3497,"Upper Nidd"
7223,3311,"Middle Derwent Yorkshire"
7224,3311,"Middle Derwent Yorkshire"
7225,3507,"Upper Wharfe"
7226,3309,"Middle and Lower Ure"
7227,3311,"Middle Derwent Yorkshire"
7228,3190,"Foss"
7229,3499,"Upper Ouse Yorkshire"
7230,3507,"Upper Wharfe"
7231,3309,"Middle and Lower Ure"
7232,3507,"Upper Wharfe"
7233,3507,"Upper Wharfe"
7234,3497,"Upper Nidd"
7235,3497,"Upper Nidd"
7236,3311,"Middle Derwent Yorkshire"
7237,3309,"Middle and Lower Ure"
7238,3499,"Upper Ouse Yorkshire"
7239,3311,"Middle Derwent Yorkshire"
7240,3311,"Middle Derwent Yorkshire"
7241,3311,"Middle Derwent Yorkshire"
7242,3499,"Upper Ouse Yorkshire"
7243,3311,"Middle Derwent Yorkshire"
7244,3309,"Middle and Lower Ure"
7245,3311,"Middle Derwent Yorkshire"
7246,3309,"Middle and Lower Ure"
7247,3507,"Upper Wharfe"
7248,3499,"Upper Ouse Yorkshire"
7249,3499,"Upper Ouse Yorkshire"
7250,3283,"Lower Swale"
7251,3497,"Upper Nidd"
7252,3311,"Middle Derwent Yorkshire"
7253,3507,"Upper Wharfe"
7254,3497,"Upper Nidd"
7255,3190,"Foss"
7256,3507,"Upper Wharfe"
7257,3499,"Upper Ouse Yorkshire"
7258,3311,"Middle Derwent Yorkshire"
7259,3499,"Upper Ouse Yorkshire"
7260,3283,"Lower Swale"
7261,3499,"Upper Ouse Yorkshire"
7262,3497,"Upper Nidd"
7263,3311,"Middle Derwent Yorkshire"
7264,3507,"Upper Wharfe"
7265,3499,"Upper Ouse Yorkshire"
7266,3311,"Middle Derwent Yorkshire"
7267,3311,"Middle Derwent Yorkshire"
7268,3507,"Upper Wharfe"
7269,3309,"Middle and Lower Ure"
7270,3309,"Middle and Lower Ure"
7271,3190,"Foss"
7272,3309,"Middle and Lower Ure"
7273,3499,"Upper Ouse Yorkshire"
7274,3311,"Middle Derwent Yorkshire"
7275,3507,"Upper Wharfe"
7276,3497,"Upper Nidd"
7277,3311,"Middle Derwent Yorkshire"
7278,3507,"Upper Wharfe"
7279,3497,"Upper Nidd"
7280,3311,"Middle Derwent Yorkshire"
7281,3311,"Middle Derwent Yorkshire"
7282,3311,"Middle Derwent Yorkshire"
7283,3190,"Foss"
7284,3311,"Middle Derwent Yorkshire"
7285,3497,"Upper Nidd"
7286,3507,"Upper Wharfe"
7287,3311,"Middle Derwent Yorkshire"
7288,3309,"Middle and Lower Ure"
7289,3311,"Middle Derwent Yorkshire"
7290,3311,"Middle Derwent Yorkshire"
7291,3309,"Middle and Lower Ure"
7292,3309,"Middle and Lower Ure"
7293,3309,"Middle and Lower Ure"
7294,3283,"Lower Swale"
7295,3499,"Upper Ouse Yorkshire"
7296,3283,"Lower Swale"
7297,3311,"Middle Derwent Yorkshire"
7298,3497,"Upper Nidd"
7299,3507,"Upper Wharfe"
7300,3309,"Middle and Lower Ure"
7301,3311,"Middle Derwent Yorkshire"
7302,3309,"Middle and Lower Ure"
7303,3309,"Middle and Lower Ure"
7304,3507,"Upper Wharfe"
7305,3507,"Upper Wharfe"
7306,3190,"Foss"
7307,3311,"Middle Derwent Yorkshire"
7308,3311,"Middle Derwent Yorkshire"
7309,3507,"Upper Wharfe"
7310,3497,"Upper Nidd"
7311,3311,"Middle Derwent Yorkshire"
7312,3507,"Upper Wharfe"
7313,3309,"Middle and Lower Ure"
7314,3311,"Middle Derwent Yorkshire"
7315,3309,"Middle and Lower Ure"
7316,3190,"Foss"
7317,3311,"Middle Derwent Yorkshire"
7318,3309,"Middle and Lower Ure"
7319,3309,"Middle and Lower Ure"
7320,3499,"Upper Ouse Yorkshire"
7321,3499,"Upper Ouse Yorkshire"
7322,3497,"Upper Nidd"
7323,3499,"Upper Ouse Yorkshire"
7324,3311,"Middle Derwent Yorkshire"
7325,3309,"Middle and Lower Ure"
7326,3507,"Upper Wharfe"
7327,3507,"Upper Wharfe"
7328,3497,"Upper Nidd"
7329,3499,"Upper Ouse Yorkshire"
7330,3311,"Middle Derwent Yorkshire"
7331,3190,"Foss"
7332,3507,"Upper Wharfe"
7333,3507,"Upper Wharfe"
7334,3311,"Middle Derwent Yorkshire"
7335,3311,"Middle Derwent Yorkshire"
7336,3309,"Middle and Lower Ure"
7337,3507,"Upper Wharfe"
7338,3309,"Middle and Lower Ure"
7339,3311,"Middle Derwent Yorkshire"
7340,3190,"Foss"
7341,3309,"Middle and Lower Ure"
7342,3499,"Upper Ouse Yorkshire"
7343,3507,"Upper Wharfe"
7344,3507,"Upper Wharfe"
7345,3311,"Middle Derwent Yorkshire"
7346,3311,"Middle Derwent Yorkshire"
7347,3309,"Middle and Lower Ure"
7348,3311,"Middle Derwent Yorkshire"
7349,3311,"Middle Derwent Yorkshire"
7350,3309,"Middle and Lower Ure"
7351,3507,"Upper Wharfe"
7352,3311,"Middle Derwent Yorkshire"
7353,3497,"Upper Nidd"
7354,3311,"Middle Derwent Yorkshire"
7355,3507,"Upper Wharfe"
7356,3309,"Middle and Lower Ure"
7357,3311,"Middle Derwent Yorkshire"
7358,3190,"Foss"
7359,3507,"Upper Wharfe"
7360,3309,"Middle and Lower Ure"
7361,3309,"Middle and Lower Ure"
7362,3499,"Upper Ouse Yorkshire"
7363,3311,"Middle Derwent Yorkshire"
7364,3309,"Middle and Lower Ure"
7365,3309,"Middle and Lower Ure"
7366,3499,"Upper Ouse Yorkshire"
7367,3499,"Upper Ouse Yorkshire"
7368,3309,"Middle and Lower Ure"
7369,3507,"Upper Wharfe"
7370,3309,"Middle and Lower Ure"
7371,3309,"Middle and Lower Ure"
7372,3507,"Upper Wharfe"
7373,3309,"Middle and Lower Ure"
7374,3309,"Middle and Lower Ure"
7375,3309,"Middle and Lower Ure"
7376,3499,"Upper Ouse Yorkshire"
7377,3309,"Middle and Lower Ure"
7378,3309,"Middle and Lower Ure"
7379,3309,"Middle and Lower Ure"
7380,3499,"Upper Ouse Yorkshire"
7381,3309,"Middle and Lower Ure"
7382,3309,"Middle and Lower Ure"
7383,3499,"Upper Ouse Yorkshire"
7384,3497,"Upper Nidd"
7385,3309,"Middle and Lower Ure"
7386,3309,"Middle and Lower Ure"
7387,3507,"Upper Wharfe"
7388,3311,"Middle Derwent Yorkshire"
7389,3311,"Middle Derwent Yorkshire"
7390,3309,"Middle and Lower Ure"
7391,3309,"Middle and Lower Ure"
7392,3190,"Foss"
7393,3190,"Foss"
7394,3499,"Upper Ouse Yorkshire"
7395,3311,"Middle Derwent Yorkshire"
7396,3311,"Middle Derwent Yorkshire"
7397,3497,"Upper Nidd"
7398,3283,"Lower Swale"
7399,3499,"Upper Ouse Yorkshire"
7400,3309,"Middle and Lower Ure"
7401,3309,"Middle and Lower Ure"
7402,3309,"Middle and Lower Ure"
7403,3507,"Upper Wharfe"
7404,3311,"Middle Derwent Yorkshire"
7405,3311,"Middle Derwent Yorkshire"
7406,3507,"Upper Wharfe"
7407,3309,"Middle and Lower Ure"
7408,3309,"Middle and Lower Ure"
7409,3309,"Middle and Lower Ure"
7410,3311,"Middle Derwent Yorkshire"
7411,3309,"Middle and Lower Ure"
7412,3309,"Middle and Lower Ure"
7413,3283,"Lower Swale"
7414,3507,"Upper Wharfe"
7415,3507,"Upper Wharfe"
7416,3507,"Upper Wharfe"
7417,3499,"Upper Ouse Yorkshire"
7418,3309,"Middle and Lower Ure"
7419,3499,"Upper Ouse Yorkshire"
7420,3311,"Middle Derwent Yorkshire"
7421,3311,"Middle Derwent Yorkshire"
7422,3190,"Foss"
7423,3190,"Foss"
7424,3507,"Upper Wharfe"
7425,3311,"Middle Derwent Yorkshire"
7426,3499,"Upper Ouse Yorkshire"
7427,3507,"Upper Wharfe"
7428,3309,"Middle and Lower Ure"
7429,3309,"Middle and Lower Ure"
7430,3309,"Middle and Lower Ure"
7431,3309,"Middle and Lower Ure"
7432,3311,"Middle Derwent Yorkshire"
7433,3309,"Middle and Lower Ure"
7434,3507,"Upper Wharfe"
7435,3309,"Middle and Lower Ure"
7436,3311,"Middle Derwent Yorkshire"
7437,3499,"Upper Ouse Yorkshire"
7438,3190,"Foss"
7439,3311,"Middle Derwent Yorkshire"
7440,3507,"Upper Wharfe"
7441,3497,"Upper Nidd"
7442,3309,"Middle and Lower Ure"
7443,3311,"Middle Derwent Yorkshire"
7444,3507,"Upper Wharfe"
7445,3309,"Middle and Lower Ure"
7446,3309,"Middle and Lower Ure"
7447,3311,"Middle Derwent Yorkshire"
7448,3499,"Upper Ouse Yorkshire"
7449,3499,"Upper Ouse Yorkshire"
7450,3311,"Middle Derwent Yorkshire"
7451,3309,"Middle and Lower Ure"
7452,3507,"Upper Wharfe"
7453,3499,"Upper Ouse Yorkshire"
7454,3507,"Upper Wharfe"
7455,3497,"Upper Nidd"
7456,3309,"Middle and Lower Ure"
7457,3283,"Lower Swale"
7458,3507,"Upper Wharfe"
7459,3190,"Foss"
7460,3507,"Upper Wharfe"
7461,3311,"Middle Derwent Yorkshire"
7462,3311,"Middle Derwent Yorkshire"
7463,3499,"Upper Ouse Yorkshire"
7464,3311,"Middle Derwent Yorkshire"
7465,3507,"Upper Wharfe"
7466,3507,"Upper Wharfe"
7467,3309,"Middle and Lower Ure"
7468,3311,"Middle Derwent Yorkshire"
7469,3311,"Middle Derwent Yorkshire"
7470,3190,"Foss"
7471,3499,"Upper Ouse Yorkshire"
7472,3311,"Middle Derwent Yorkshire"
7473,3190,"Foss"
7474,3190,"Foss"
7475,3309,"Middle and Lower Ure"
7476,3309,"Middle and Lower Ure"
7477,3311,"Middle Derwent Yorkshire"
7478,3499,"Upper Ouse Yorkshire"
7479,3311,"Middle Derwent Yorkshire"
7480,3499,"Upper Ouse Yorkshire"
7481,3497,"Upper Nidd"
7482,3190,"Foss"
7483,3311,"Middle Derwent Yorkshire"
7484,3309,"Middle and Lower Ure"
7485,3507,"Upper Wharfe"
7486,3507,"Upper Wharfe"
7487,3311,"Middle Derwent Yorkshire"
7488,3283,"Lower Swale"
7489,3311,"Middle Derwent Yorkshire"
7490,3311,"Middle Derwent Yorkshire"
7491,3507,"Upper Wharfe"
7492,3190,"Foss"
7493,3499,"Upper Ouse Yorkshire"
7494,3497,"Upper Nidd"
7495,3190,"Foss"
7496,3311,"Middle Derwent Yorkshire"
7497,3499,"Upper Ouse Yorkshire"
7498,3311,"Middle Derwent Yorkshire"
7499,3190,"Foss"
7500,3309,"Middle and Lower Ure"
7501,3309,"Middle and Lower Ure"
7502,3309,"Middle and Lower Ure"
7503,3507,"Upper Wharfe"
7504,3283,"Lower Swale"
7505,3311,"Middle Derwent Yorkshire"
7506,3507,"Upper Wharfe"
7507,3309,"Middle and Lower Ure"
7508,3499,"Upper Ouse Yorkshire"
7509,3499,"Upper Ouse Yorkshire"
7510,3311,"Middle Derwent Yorkshire"
7511,3497,"Upper Nidd"
7512,3309,"Middle and Lower Ure"
7513,3283,"Lower Swale"
7514,3311,"Middle Derwent Yorkshire"
7515,3499,"Upper Ouse Yorkshire"
7516,3311,"Middle Derwent Yorkshire"
7517,3497,"Upper Nidd"
7518,3309,"Middle and Lower Ure"
7519,3190,"Foss"
7520,3497,"Upper Nidd"
7521,3311,"Middle Derwent Yorkshire"
7522,3309,"Middle and Lower Ure"
7523,3309,"Middle and Lower Ure"
7524,3311,"Middle Derwent Yorkshire"
7525,3497,"Upper Nidd"
7526,3309,"Middle and Lower Ure"
7527,3311,"Middle Derwent Yorkshire"
7528,3507,"Upper Wharfe"
7529,3507,"Upper Wharfe"
7530,3309,"Middle and Lower Ure"
7531,3499,"Upper Ouse Yorkshire"
7532,3283,"Lower Swale"
7533,3311,"Middle Derwent Yorkshire"
7534,3499,"Upper Ouse Yorkshire"
7535,3309,"Middle and Lower Ure"
7536,3499,"Upper Ouse Yorkshire"
7537,3499,"Upper Ouse Yorkshire"
7538,3309,"Middle and Lower Ure"
7539,3499,"Upper Ouse Yorkshire"
7540,3311,"Middle Derwent Yorkshire"
7541,3497,"Upper Nidd"
7542,3499,"Upper Ouse Yorkshire"
7543,3497,"Upper Nidd"
7544,3309,"Middle and Lower Ure"
7545,3507,"Upper Wharfe"
7546,3311,"Middle Derwent Yorkshire"
7547,3507,"Upper Wharfe"
7548,3507,"Upper Wharfe"
7549,3309,"Middle and Lower Ure"
7550,3497,"Upper Nidd"
7551,3309,"Middle and Lower Ure"
7552,3507,"Upper Wharfe"
7553,3497,"Upper Nidd"
7554,3309,"Middle and Lower Ure"
7555,3311,"Middle Derwent Yorkshire"
7556,3499,"Upper Ouse Yorkshire"
7557,3311,"Middle Derwent Yorkshire"
7558,3311,"Middle Derwent Yorkshire"
7559,3497,"Upper Nidd"
7560,3309,"Middle and Lower Ure"
7561,3497,"Upper Nidd"
7562,3497,"Upper Nidd"
7563,3311,"Middle Derwent Yorkshire"
7564,3497,"Upper Nidd"
7565,3507,"Upper Wharfe"
7566,3309,"Middle and Lower Ure"
7567,3497,"Upper Nidd"
7568,3311,"Middle Derwent Yorkshire"
7569,3309,"Middle and Lower Ure"
7570,3283,"Lower Swale"
7571,3311,"Middle Derwent Yorkshire"
7572,3311,"Middle Derwent Yorkshire"
7573,3311,"Middle Derwent Yorkshire"
7574,3507,"Upper Wharfe"
7575,3309,"Middle and Lower Ure"
7576,3309,"Middle and Lower Ure"
7577,3499,"Upper Ouse Yorkshire"
7578,3309,"Middle and Lower Ure"
7579,3283,"Lower Swale"
7580,3311,"Middle Derwent Yorkshire"
7581,3311,"Middle Derwent Yorkshire"
7582,3499,"Upper Ouse Yorkshire"
7583,3309,"Middle and Lower Ure"
7584,3507,"Upper Wharfe"
7585,3309,"Middle and Lower Ure"
7586,3309,"Middle and Lower Ure"
7587,3309,"Middle and Lower Ure"
7588,3190,"Foss"
7589,3311,"Middle Derwent Yorkshire"
7590,3311,"Middle Derwent Yorkshire"
7591,3311,"Middle Derwent Yorkshire"
7592,3507,"Upper Wharfe"
7593,3497,"Upper Nidd"
7594,3311,"Middle Derwent Yorkshire"
7595,3311,"Middle Derwent Yorkshire"
7596,3507,"Upper Wharfe"
7597,3309,"Middle and Lower Ure"
7598,3499,"Upper Ouse Yorkshire"
7599,3507,"Upper Wharfe"
7600,3499,"Upper Ouse Yorkshire"
7601,3311,"Middle Derwent Yorkshire"
7602,3311,"Middle Derwent Yorkshire"
7603,3309,"Middle and Lower Ure"
7604,3283,"Lower Swale"
7605,3484,"Upper Aire"
7606,3484,"Upper Aire"
7607,3309,"Middle and Lower Ure"
7608,3499,"Upper Ouse Yorkshire"
7609,3497,"Upper Nidd"
7610,3190,"Foss"
7611,3507,"Upper Wharfe"
7612,3309,"Middle and Lower Ure"
7613,3309,"Middle and Lower Ure"
7614,3497,"Upper Nidd"
7615,3309,"Middle and Lower Ure"
7616,3283,"Lower Swale"
7617,3497,"Upper Nidd"
7618,3497,"Upper Nidd"
7619,3499,"Upper Ouse Yorkshire"
7620,3190,"Foss"
7621,3311,"Middle Derwent Yorkshire"
7622,3311,"Middle Derwent Yorkshire"
7623,3309,"Middle and Lower Ure"
7624,3507,"Upper Wharfe"
7625,3309,"Middle and Lower Ure"
7626,3311,"Middle Derwent Yorkshire"
7627,3497,"Upper Nidd"
7628,3190,"Foss"
7629,3311,"Middle Derwent Yorkshire"
7630,3499,"Upper Ouse Yorkshire"
7631,3311,"Middle Derwent Yorkshire"
7632,3499,"Upper Ouse Yorkshire"
7633,3311,"Middle Derwent Yorkshire"
7634,3311,"Middle Derwent Yorkshire"
7635,3309,"Middle and Lower Ure"
7636,3311,"Middle Derwent Yorkshire"
7637,3497,"Upper Nidd"
7638,3499,"Upper Ouse Yorkshire"
7639,3311,"Middle Derwent Yorkshire"
7640,3499,"Upper Ouse Yorkshire"
7641,3311,"Middle Derwent Yorkshire"
7642,3507,"Upper Wharfe"
7643,3484,"Upper Aire"
7644,3311,"Middle Derwent Yorkshire"
7645,3190,"Foss"
7646,3309,"Middle and Lower Ure"
7647,3309,"Middle and Lower Ure"
7648,3499,"Upper Ouse Yorkshire"
7649,3499,"Upper Ouse Yorkshire"
7650,3507,"Upper Wharfe"
7651,3499,"Upper Ouse Yorkshire"
7652,3311,"Middle Derwent Yorkshire"
7653,3497,"Upper Nidd"
7654,3283,"Lower Swale"
7655,3311,"Middle Derwent Yorkshire"
7656,3309,"Middle and Lower Ure"
7657,3499,"Upper Ouse Yorkshire"
7658,3507,"Upper Wharfe"
7659,3309,"Middle and Lower Ure"
7660,3499,"Upper Ouse Yorkshire"
7661,3507,"Upper Wharfe"
7662,3507,"Upper Wharfe"
7663,3311,"Middle Derwent Yorkshire"
7664,3311,"Middle Derwent Yorkshire"
7665,3311,"Middle Derwent Yorkshire"
7666,3309,"Middle and Lower Ure"
7667,3499,"Upper Ouse Yorkshire"
7668,3309,"Middle and Lower Ure"
7669,3309,"Middle and Lower Ure"
7670,3309,"Middle and Lower Ure"
7671,3497,"Upper Nidd"
7672,3311,"Middle Derwent Yorkshire"
7673,3311,"Middle Derwent Yorkshire"
7674,3484,"Upper Aire"
7675,3507,"Upper Wharfe"
7676,3484,"Upper Aire"
7677,3507,"Upper Wharfe"
7678,3507,"Upper Wharfe"
7679,3507,"Upper Wharfe"
7680,3309,"Middle and Lower Ure"
7681,3497,"Upper Nidd"
7682,3309,"Middle and Lower Ure"
7683,3309,"Middle and Lower Ure"
7684,3190,"Foss"
7685,3507,"Upper Wharfe"
7686,3507,"Upper Wharfe"
7687,3283,"Lower Swale"
7688,3309,"Middle and Lower Ure"
7689,3311,"Middle Derwent Yorkshire"
7690,3309,"Middle and Lower Ure"
7691,3499,"Upper Ouse Yorkshire"
7692,3309,"Middle and Lower Ure"
7693,3311,"Middle Derwent Yorkshire"
7694,3311,"Middle Derwent Yorkshire"
7695,3311,"Middle Derwent Yorkshire"
7696,3311,"Middle Derwent Yorkshire"
7697,3497,"Upper Nidd"
7698,3309,"Middle and Lower Ure"
7699,3484,"Upper Aire"
7700,3311,"Middle Derwent Yorkshire"
7701,3311,"Middle Derwent Yorkshire"
7702,3499,"Upper Ouse Yorkshire"
7703,3309,"Middle and Lower Ure"
7704,3484,"Upper Aire"
7705,3484,"Upper Aire"
7706,3499,"Upper Ouse Yorkshire"
7707,3311,"Middle Derwent Yorkshire"
7708,3309,"Middle and Lower Ure"
7709,3309,"Middle and Lower Ure"
7710,3499,"Upper Ouse Yorkshire"
7711,3309,"Middle and Lower Ure"
7712,3309,"Middle and Lower Ure"
7713,3499,"Upper Ouse Yorkshire"
7714,3190,"Foss"
7715,3507,"Upper Wharfe"
7716,3497,"Upper Nidd"
7717,3497,"Upper Nidd"
7718,3309,"Middle and Lower Ure"
7719,3190,"Foss"
7720,3507,"Upper Wharfe"
7721,3190,"Foss"
7722,3309,"Middle and Lower Ure"
7723,3499,"Upper Ouse Yorkshire"
7724,3309,"Middle and Lower Ure"
7725,3311,"Middle Derwent Yorkshire"
7726,3311,"Middle Derwent Yorkshire"
7727,3499,"Upper Ouse Yorkshire"
7728,3309,"Middle and Lower Ure"
7729,3507,"Upper Wharfe"
7730,3309,"Middle and Lower Ure"
7731,3507,"Upper Wharfe"
7732,3283,"Lower Swale"
7733,3311,"Middle Derwent Yorkshire"
7734,3484,"Upper Aire"
7735,3309,"Middle and Lower Ure"
7736,3499,"Upper Ouse Yorkshire"
7737,3311,"Middle Derwent Yorkshire"
7738,3497,"Upper Nidd"
7739,3309,"Middle and Lower Ure"
7740,3507,"Upper Wharfe"
7741,3311,"Middle Derwent Yorkshire"
7742,3499,"Upper Ouse Yorkshire"
7743,3499,"Upper Ouse Yorkshire"
7744,3311,"Middle Derwent Yorkshire"
7745,3507,"Upper Wharfe"
7746,3309,"Middle and Lower Ure"
7747,3484,"Upper Aire"
7748,3309,"Middle and Lower Ure"
7749,3311,"Middle Derwent Yorkshire"
7750,3484,"Upper Aire"
7751,3311,"Middle Derwent Yorkshire"
7752,3507,"Upper Wharfe"
7753,3499,"Upper Ouse Yorkshire"
7754,3309,"Middle and Lower Ure"
7755,3309,"Middle and Lower Ure"
7756,3311,"Middle Derwent Yorkshire"
7757,3311,"Middle Derwent Yorkshire"
7758,3309,"Middle and Lower Ure"
7759,3507,"Upper Wharfe"
7760,3309,"Middle and Lower Ure"
7761,3484,"Upper Aire"
7762,3484,"Upper Aire"
7763,3497,"Upper Nidd"
7764,3497,"Upper Nidd"
7765,3497,"Upper Nidd"
7766,3311,"Middle Derwent Yorkshire"
7767,3311,"Middle Derwent Yorkshire"
7768,3497,"Upper Nidd"
7769,3499,"Upper Ouse Yorkshire"
7770,3190,"Foss"
7771,3309,"Middle and Lower Ure"
7772,3499,"Upper Ouse Yorkshire"
7773,3311,"Middle Derwent Yorkshire"
7774,3507,"Upper Wharfe"
7775,3497,"Upper Nidd"
7776,3309,"Middle and Lower Ure"
7777,3311,"Middle Derwent Yorkshire"
7778,3484,"Upper Aire"
7779,3507,"Upper Wharfe"
7780,3507,"Upper Wharfe"
7781,3309,"Middle and Lower Ure"
7782,3311,"Middle Derwent Yorkshire"
7783,3311,"Middle Derwent Yorkshire"
7784,3499,"Upper Ouse Yorkshire"
7785,3311,"Middle Derwent Yorkshire"
7786,3311,"Middle Derwent Yorkshire"
7787,3309,"Middle and Lower Ure"
7788,3309,"Middle and Lower Ure"
7789,3311,"Middle Derwent Yorkshire"
7790,3507,"Upper Wharfe"
7791,3311,"Middle Derwent Yorkshire"
7792,3190,"Foss"
7793,3311,"Middle Derwent Yorkshire"
7794,3311,"Middle Derwent Yorkshire"
7795,3311,"Middle Derwent Yorkshire"
7796,3311,"Middle Derwent Yorkshire"
7797,3190,"Foss"
7798,3497,"Upper Nidd"
7799,3309,"Middle and Lower Ure"
7800,3283,"Lower Swale"
7801,3507,"Upper Wharfe"
7802,3283,"Lower Swale"
7803,3484,"Upper Aire"
7804,3484,"Upper Aire"
7805,3484,"Upper Aire"
7806,3507,"Upper Wharfe"
7807,3497,"Upper Nidd"
7808,3283,"Lower Swale"
7809,3499,"Upper Ouse Yorkshire"
7810,3311,"Middle Derwent Yorkshire"
7811,3311,"Middle Derwent Yorkshire"
7812,3507,"Upper Wharfe"
7813,3311,"Middle Derwent Yorkshire"
7814,3507,"Upper Wharfe"
7815,3309,"Middle and Lower Ure"
7816,3484,"Upper Aire"
7817,3309,"Middle and Lower Ure"
7818,3497,"Upper Nidd"
7819,3499,"Upper Ouse Yorkshire"
7820,3497,"Upper Nidd"
7821,3484,"Upper Aire"
7822,3311,"Middle Derwent Yorkshire"
7823,3497,"Upper Nidd"
7824,3309,"Middle and Lower Ure"
7825,3484,"Upper Aire"
7826,3507,"Upper Wharfe"
7827,3507,"Upper Wharfe"
7828,3497,"Upper Nidd"
7829,3499,"Upper Ouse Yorkshire"
7830,3309,"Middle and Lower Ure"
7831,3311,"Middle Derwent Yorkshire"
7832,3309,"Middle and Lower Ure"
7833,3190,"Foss"
7834,3311,"Middle Derwent Yorkshire"
7835,3499,"Upper Ouse Yorkshire"
7836,3309,"Middle and Lower Ure"
7837,3497,"Upper Nidd"
7838,3309,"Middle and Lower Ure"
7839,3311,"Middle Derwent Yorkshire"
7840,3497,"Upper Nidd"
7841,3309,"Middle and Lower Ure"
7842,3311,"Middle Derwent Yorkshire"
7843,3309,"Middle and Lower Ure"
7844,3484,"Upper Aire"
7845,3309,"Middle and Lower Ure"
7846,3311,"Middle Derwent Yorkshire"
7847,3309,"Middle and Lower Ure"
7848,3190,"Foss"
7849,3507,"Upper Wharfe"
7850,3309,"Middle and Lower Ure"
7851,3499,"Upper Ouse Yorkshire"
7852,3309,"Middle and Lower Ure"
7853,3309,"Middle and Lower Ure"
7854,3309,"Middle and Lower Ure"
7855,3311,"Middle Derwent Yorkshire"
7856,3497,"Upper Nidd"
7857,3309,"Middle and Lower Ure"
7858,3311,"Middle Derwent Yorkshire"
7859,3497,"Upper Nidd"
7860,3497,"Upper Nidd"
7861,3484,"Upper Aire"
7862,3499,"Upper Ouse Yorkshire"
7863,3507,"Upper Wharfe"
7864,3507,"Upper Wharfe"
7865,3309,"Middle and Lower Ure"
7866,3309,"Middle and Lower Ure"
7867,3311,"Middle Derwent Yorkshire"
7868,3309,"Middle and Lower Ure"
7869,3309,"Middle and Lower Ure"
7870,3497,"Upper Nidd"
7871,3499,"Upper Ouse Yorkshire"
7872,3311,"Middle Derwent Yorkshire"
7873,3507,"Upper Wharfe"
7874,3497,"Upper Nidd"
7875,3497,"Upper Nidd"
7876,3190,"Foss"
7877,3311,"Middle Derwent Yorkshire"
7878,3507,"Upper Wharfe"
7879,3311,"Middle Derwent Yorkshire"
7880,3499,"Upper Ouse Yorkshire"
7881,3507,"Upper Wharfe"
7882,3497,"Upper Nidd"
7883,3497,"Upper Nidd"
7884,3497,"Upper Nidd"
7885,3190,"Foss"
7886,3484,"Upper Aire"
7887,3190,"Foss"
7888,3309,"Middle and Lower Ure"
7889,3484,"Upper Aire"
7890,3311,"Middle Derwent Yorkshire"
7891,3309,"Middle and Lower Ure"
7892,3497,"Upper Nidd"
7893,3497,"Upper Nidd"
7894,3309,"Middle and Lower Ure"
7895,3484,"Upper Aire"
7896,3484,"Upper Aire"
7897,3311,"Middle Derwent Yorkshire"
7898,3484,"Upper Aire"
7899,3507,"Upper Wharfe"
7900,3309,"Middle and Lower Ure"
7901,3311,"Middle Derwent Yorkshire"
7902,3309,"Middle and Lower Ure"
7903,3311,"Middle Derwent Yorkshire"
7904,3499,"Upper Ouse Yorkshire"
7905,3499,"Upper Ouse Yorkshire"
7906,3309,"Middle and Lower Ure"
7907,3497,"Upper Nidd"
7908,3499,"Upper Ouse Yorkshire"
7909,3507,"Upper Wharfe"
7910,3309,"Middle and Lower Ure"
7911,3311,"Middle Derwent Yorkshire"
7912,3309,"Middle and Lower Ure"
7913,3497,"Upper Nidd"
7914,3507,"Upper Wharfe"
7915,3507,"Upper Wharfe"
7916,3507,"Upper Wharfe"
7917,3311,"Middle Derwent Yorkshire"
7918,3309,"Middle and Lower Ure"
7919,3311,"Middle Derwent Yorkshire"
7920,3497,"Upper Nidd"
7921,3497,"Upper Nidd"
7922,3499,"Upper Ouse Yorkshire"
7923,3309,"Middle and Lower Ure"
7924,3190,"Foss"
7925,3311,"Middle Derwent Yorkshire"
7926,3507,"Upper Wharfe"
7927,3311,"Middle Derwent Yorkshire"
7928,3311,"Middle Derwent Yorkshire"
7929,3499,"Upper Ouse Yorkshire"
7930,3311,"Middle Derwent Yorkshire"
7931,3309,"Middle and Lower Ure"
7932,3309,"Middle and Lower Ure"
7933,3507,"Upper Wharfe"
7934,3190,"Foss"
7935,3497,"Upper Nidd"
7936,3309,"Middle and Lower Ure"
7937,3309,"Middle and Lower Ure"
7938,3311,"Middle Derwent Yorkshire"
7939,3484,"Upper Aire"
7940,3190,"Foss"
7941,3190,"Foss"
7942,3309,"Middle and Lower Ure"
7943,3190,"Foss"
7944,3497,"Upper Nidd"
7945,3507,"Upper Wharfe"
7946,3309,"Middle and Lower Ure"
7947,3311,"Middle Derwent Yorkshire"
7948,3484,"Upper Aire"
7949,3309,"Middle and Lower Ure"
7950,3484,"Upper Aire"
7951,3309,"Middle and Lower Ure"
7952,3499,"Upper Ouse Yorkshire"
7953,3309,"Middle and Lower Ure"
7954,3190,"Foss"
7955,3311,"Middle Derwent Yorkshire"
7956,3190,"Foss"
7957,3499,"Upper Ouse Yorkshire"
7958,3311,"Middle Derwent Yorkshire"
7959,3484,"Upper Aire"
7960,3311,"Middle Derwent Yorkshire"
7961,3497,"Upper Nidd"
7962,3507,"Upper Wharfe"
7963,3309,"Middle and Lower Ure"
7964,3311,"Middle Derwent Yorkshire"
7965,3311,"Middle Derwent Yorkshire"
7966,3497,"Upper Nidd"
7967,3283,"Lower Swale"
7968,3497,"Upper Nidd"
7969,3499,"Upper Ouse Yorkshire"
7970,3309,"Middle and Lower Ure"
7971,3507,"Upper Wharfe"
7972,3499,"Upper Ouse Yorkshire"
7973,3309,"Middle and Lower Ure"
7974,3309,"Middle and Lower Ure"
7975,3311,"Middle Derwent Yorkshire"
7976,3497,"Upper Nidd"
7977,3309,"Middle and Lower Ure"
7978,3507,"Upper Wharfe"
7979,3311,"Middle Derwent Yorkshire"
7980,3309,"Middle and Lower Ure"
7981,3309,"Middle and Lower Ure"
7982,3499,"Upper Ouse Yorkshire"
7983,3311,"Middle Derwent Yorkshire"
7984,3309,"Middle and Lower Ure"
7985,3311,"Middle Derwent Yorkshire"
7986,3190,"Foss"
7987,3484,"Upper Aire"
7988,3311,"Middle Derwent Yorkshire"
7989,3484,"Upper Aire"
7990,3484,"Upper Aire"
7991,3309,"Middle and Lower Ure"
7992,3484,"Upper Aire"
7993,3507,"Upper Wharfe"
7994,3311,"Middle Derwent Yorkshire"
7995,3497,"Upper Nidd"
7996,3497,"Upper Nidd"
7997,3309,"Middle and Lower Ure"
7998,3499,"Upper Ouse Yorkshire"
7999,3190,"Foss"
8000,3497,"Upper Nidd"
8001,3507,"Upper Wharfe"
8002,3311,"Middle Derwent Yorkshire"
8003,3507,"Upper Wharfe"
8004,3309,"Middle and Lower Ure"
8005,3497,"Upper Nidd"
8006,3499,"Upper Ouse Yorkshire"
8007,3309,"Middle and Lower Ure"
8008,3497,"Upper Nidd"
8009,3190,"Foss"
8010,3311,"Middle Derwent Yorkshire"
8011,3309,"Middle and Lower Ure"
8012,3484,"Upper Aire"
8013,3309,"Middle and Lower Ure"
8014,3309,"Middle and Lower Ure"
8015,3309,"Middle and Lower Ure"
8016,3311,"Middle Derwent Yorkshire"
8017,3190,"Foss"
8018,3311,"Middle Derwent Yorkshire"
8019,3484,"Upper Aire"
8020,3309,"Middle and Lower Ure"
8021,3311,"Middle Derwent Yorkshire"
8022,3499,"Upper Ouse Yorkshire"
8023,3484,"Upper Aire"
8024,3507,"Upper Wharfe"
8025,3497,"Upper Nidd"
8026,3499,"Upper Ouse Yorkshire"
8027,3190,"Foss"
8028,3311,"Middle Derwent Yorkshire"
8029,3190,"Foss"
8030,3484,"Upper Aire"
8031,3484,"Upper Aire"
8032,3309,"Middle and Lower Ure"
8033,3311,"Middle Derwent Yorkshire"
8034,3190,"Foss"
8035,3507,"Upper Wharfe"
8036,3190,"Foss"
8037,3497,"Upper Nidd"
8038,3499,"Upper Ouse Yorkshire"
8039,3497,"Upper Nidd"
8040,3309,"Middle and Lower Ure"
8041,3309,"Middle and Lower Ure"
8042,3507,"Upper Wharfe"
8043,3507,"Upper Wharfe"
8044,3311,"Middle Derwent Yorkshire"
8045,3497,"Upper Nidd"
8046,3507,"Upper Wharfe"
8047,3507,"Upper Wharfe"
8048,3309,"Middle and Lower Ure"
8049,3311,"Middle Derwent Yorkshire"
8050,3309,"Middle and Lower Ure"
8051,3309,"Middle and Lower Ure"
8052,3499,"Upper Ouse Yorkshire"
8053,3311,"Middle Derwent Yorkshire"
8054,3309,"Middle and Lower Ure"
8055,3309,"Middle and Lower Ure"
8056,3499,"Upper Ouse Yorkshire"
8057,3311,"Middle Derwent Yorkshire"
8058,3311,"Middle Derwent Yorkshire"
8059,3507,"Upper Wharfe"
8060,3497,"Upper Nidd"
8061,3309,"Middle and Lower Ure"
8062,3311,"Middle Derwent Yorkshire"
8063,3497,"Upper Nidd"
8064,3499,"Upper Ouse Yorkshire"
8065,3190,"Foss"
8066,3499,"Upper Ouse Yorkshire"
8067,3499,"Upper Ouse Yorkshire"
8068,3309,"Middle and Lower Ure"
8069,3190,"Foss"
8070,3311,"Middle Derwent Yorkshire"
8071,3309,"Middle and Lower Ure"
8072,3309,"Middle and Lower Ure"
8073,3309,"Middle and Lower Ure"
8074,3499,"Upper Ouse Yorkshire"
8075,3311,"Middle Derwent Yorkshire"
8076,3497,"Upper Nidd"
8077,3499,"Upper Ouse Yorkshire"
8078,3311,"Middle Derwent Yorkshire"
8079,3309,"Middle and Lower Ure"
8080,3497,"Upper Nidd"
8081,3311,"Middle Derwent Yorkshire"
8082,3507,"Upper Wharfe"
8083,3309,"Middle and Lower Ure"
8084,3507,"Upper Wharfe"
8085,3507,"Upper Wharfe"
8086,3311,"Middle Derwent Yorkshire"
8087,3190,"Foss"
8088,3309,"Middle and Lower Ure"
8089,3311,"Middle Derwent Yorkshire"
8090,3311,"Middle Derwent Yorkshire"
8091,3311,"Middle Derwent Yorkshire"
8092,3309,"Middle and Lower Ure"
8093,3507,"Upper Wharfe"
8094,3308,"Middle and Lower Nidd"
8095,3309,"Middle and Lower Ure"
8096,3507,"Upper Wharfe"
8097,3507,"Upper Wharfe"
8098,3497,"Upper Nidd"
8099,3190,"Foss"
8100,3309,"Middle and Lower Ure"
8101,3308,"Middle and Lower Nidd"
8102,3497,"Upper Nidd"
8103,3309,"Middle and Lower Ure"
8104,3309,"Middle and Lower Ure"
8105,3497,"Upper Nidd"
8106,3309,"Middle and Lower Ure"
8107,3309,"Middle and Lower Ure"
8108,3484,"Upper Aire"
8109,3309,"Middle and Lower Ure"
8110,3484,"Upper Aire"
8111,3497,"Upper Nidd"
8112,3499,"Upper Ouse Yorkshire"
8113,3497,"Upper Nidd"
8114,3311,"Middle Derwent Yorkshire"
8115,3497,"Upper Nidd"
8116,3499,"Upper Ouse Yorkshire"
8117,3484,"Upper Aire"
8118,3484,"Upper Aire"
8119,3507,"Upper Wharfe"
8120,3309,"Middle and Lower Ure"
8121,3190,"Foss"
8122,3507,"Upper Wharfe"
8123,3497,"Upper Nidd"
8124,3484,"Upper Aire"
8125,3190,"Foss"
8126,3484,"Upper Aire"
8127,3497,"Upper Nidd"
8128,3499,"Upper Ouse Yorkshire"
8129,3499,"Upper Ouse Yorkshire"
8130,3309,"Middle and Lower Ure"
8131,3309,"Middle and Lower Ure"
8132,3309,"Middle and Lower Ure"
8133,3497,"Upper Nidd"
8134,3190,"Foss"
8135,3311,"Middle Derwent Yorkshire"
8136,3507,"Upper Wharfe"
8137,3507,"Upper Wharfe"
8138,3311,"Middle Derwent Yorkshire"
8139,3308,"Middle and Lower Nidd"
8140,3311,"Middle Derwent Yorkshire"
8141,3484,"Upper Aire"
8142,3311,"Middle Derwent Yorkshire"
8143,3507,"Upper Wharfe"
8144,3497,"Upper Nidd"
8145,3190,"Foss"
8146,3309,"Middle and Lower Ure"
8147,3190,"Foss"
8148,3311,"Middle Derwent Yorkshire"
8149,3497,"Upper Nidd"
8150,3190,"Foss"
8151,3497,"Upper Nidd"
8152,3309,"Middle and Lower Ure"
8153,3484,"Upper Aire"
8154,3499,"Upper Ouse Yorkshire"
8155,3507,"Upper Wharfe"
8156,3311,"Middle Derwent Yorkshire"
8157,3499,"Upper Ouse Yorkshire"
8158,3309,"Middle and Lower Ure"
8159,3311,"Middle Derwent Yorkshire"
8160,3484,"Upper Aire"
8161,3497,"Upper Nidd"
8162,3309,"Middle and Lower Ure"
8163,3309,"Middle and Lower Ure"
8164,3484,"Upper Aire"
8165,3309,"Middle and Lower Ure"
8166,3311,"Middle Derwent Yorkshire"
8167,3497,"Upper Nidd"
8168,3311,"Middle Derwent Yorkshire"
8169,3190,"Foss"
8170,3497,"Upper Nidd"
8171,3308,"Middle and Lower Nidd"
8172,3484,"Upper Aire"
8173,3311,"Middle Derwent Yorkshire"
8174,3309,"Middle and Lower Ure"
8175,3309,"Middle and Lower Ure"
8176,3311,"Middle Derwent Yorkshire"
8177,3507,"Upper Wharfe"
8178,3309,"Middle and Lower Ure"
8179,3311,"Middle Derwent Yorkshire"
8180,3190,"Foss"
8181,3309,"Middle and Lower Ure"
8182,3507,"Upper Wharfe"
8183,3190,"Foss"
8184,3308,"Middle and Lower Nidd"
8185,3309,"Middle and Lower Ure"
8186,3311,"Middle Derwent Yorkshire"
8187,3311,"Middle Derwent Yorkshire"
8188,3309,"Middle and Lower Ure"
8189,3190,"Foss"
8190,3308,"Middle and Lower Nidd"
8191,3507,"Upper Wharfe"
8192,3499,"Upper Ouse Yorkshire"
8193,3507,"Upper Wharfe"
8194,3308,"Middle and Lower Nidd"
8195,3497,"Upper Nidd"
8196,3311,"Middle Derwent Yorkshire"
8197,3309,"Middle and Lower Ure"
8198,3497,"Upper Nidd"
8199,3507,"Upper Wharfe"
8200,3308,"Middle and Lower Nidd"
8201,3507,"Upper Wharfe"
8202,3507,"Upper Wharfe"
8203,3311,"Middle Derwent Yorkshire"
8204,3309,"Middle and Lower Ure"
8205,3507,"Upper Wharfe"
8206,3309,"Middle and Lower Ure"
8207,3499,"Upper Ouse Yorkshire"
8208,3499,"Upper Ouse Yorkshire"
8209,3311,"Middle Derwent Yorkshire"
8210,3507,"Upper Wharfe"
8211,3507,"Upper Wharfe"
8212,3309,"Middle and Lower Ure"
8213,3311,"Middle Derwent Yorkshire"
8214,3497,"Upper Nidd"
8215,3311,"Middle Derwent Yorkshire"
8216,3311,"Middle Derwent Yorkshire"
8217,3309,"Middle and Lower Ure"
8218,3309,"Middle and Lower Ure"
8219,3308,"Middle and Lower Nidd"
8220,3190,"Foss"
8221,3497,"Upper Nidd"
8222,3309,"Middle and Lower Ure"
8223,3507,"Upper Wharfe"
8224,3499,"Upper Ouse Yorkshire"
8225,3499,"Upper Ouse Yorkshire"
8226,3190,"Foss"
8227,3507,"Upper Wharfe"
8228,3311,"Middle Derwent Yorkshire"
8229,3497,"Upper Nidd"
8230,3507,"Upper Wharfe"
8231,3311,"Middle Derwent Yorkshire"
8232,3507,"Upper Wharfe"
8233,3497,"Upper Nidd"
8234,3309,"Middle and Lower Ure"
8235,3190,"Foss"
8236,3311,"Middle Derwent Yorkshire"
8237,3484,"Upper Aire"
8238,3311,"Middle Derwent Yorkshire"
8239,3499,"Upper Ouse Yorkshire"
8240,3497,"Upper Nidd"
8241,3484,"Upper Aire"
8242,3190,"Foss"
8243,3497,"Upper Nidd"
8244,3309,"Middle and Lower Ure"
8245,3484,"Upper Aire"
8246,3497,"Upper Nidd"
8247,3311,"Middle Derwent Yorkshire"
8248,3311,"Middle Derwent Yorkshire"
8249,3309,"Middle and Lower Ure"
8250,3308,"Middle and Lower Nidd"
8251,3484,"Upper Aire"
8252,3311,"Middle Derwent Yorkshire"
8253,3309,"Middle and Lower Ure"
8254,3484,"Upper Aire"
8255,3507,"Upper Wharfe"
8256,3311,"Middle Derwent Yorkshire"
8257,3497,"Upper Nidd"
8258,3309,"Middle and Lower Ure"
8259,3499,"Upper Ouse Yorkshire"
8260,3497,"Upper Nidd"
8261,3507,"Upper Wharfe"
8262,3309,"Middle and Lower Ure"
8263,3309,"Middle and Lower Ure"
8264,3499,"Upper Ouse Yorkshire"
8265,3499,"Upper Ouse Yorkshire"
8266,3499,"Upper Ouse Yorkshire"
8267,3190,"Foss"
8268,3309,"Middle and Lower Ure"
8269,3309,"Middle and Lower Ure"
8270,3309,"Middle and Lower Ure"
8271,3311,"Middle Derwent Yorkshire"
8272,3311,"Middle Derwent Yorkshire"
8273,3497,"Upper Nidd"
8274,3309,"Middle and Lower Ure"
8275,3499,"Upper Ouse Yorkshire"
8276,3497,"Upper Nidd"
8277,3499,"Upper Ouse Yorkshire"
8278,3311,"Middle Derwent Yorkshire"
8279,3309,"Middle and Lower Ure"
8280,3497,"Upper Nidd"
8281,3309,"Middle and Lower Ure"
8282,3309,"Middle and Lower Ure"
8283,3484,"Upper Aire"
8284,3499,"Upper Ouse Yorkshire"
8285,3499,"Upper Ouse Yorkshire"
8286,3190,"Foss"
8287,3190,"Foss"
8288,3311,"Middle Derwent Yorkshire"
8289,3497,"Upper Nidd"
8290,3507,"Upper Wharfe"
8291,3499,"Upper Ouse Yorkshire"
8292,3311,"Middle Derwent Yorkshire"
8293,3507,"Upper Wharfe"
8294,3507,"Upper Wharfe"
8295,3308,"Middle and Lower Nidd"
8296,3484,"Upper Aire"
8297,3311,"Middle Derwent Yorkshire"
8298,3497,"Upper Nidd"
8299,3309,"Middle and Lower Ure"
8300,3311,"Middle Derwent Yorkshire"
8301,3309,"Middle and Lower Ure"
8302,3311,"Middle Derwent Yorkshire"
8303,3309,"Middle and Lower Ure"
8304,3484,"Upper Aire"
8305,3309,"Middle and Lower Ure"
8306,3484,"Upper Aire"
8307,3309,"Middle and Lower Ure"
8308,3499,"Upper Ouse Yorkshire"
8309,3497,"Upper Nidd"
8310,3311,"Middle Derwent Yorkshire"
8311,3309,"Middle and Lower Ure"
8312,3499,"Upper Ouse Yorkshire"
8313,3484,"Upper Aire"
8314,3309,"Middle and Lower Ure"
8315,3484,"Upper Aire"
8316,3507,"Upper Wharfe"
8317,3499,"Upper Ouse Yorkshire"
8318,3311,"Middle Derwent Yorkshire"
8319,3311,"Middle Derwent Yorkshire"
8320,3311,"Middle Derwent Yorkshire"
8321,3507,"Upper Wharfe"
8322,3497,"Upper Nidd"
8323,3311,"Middle Derwent Yorkshire"
8324,3499,"Upper Ouse Yorkshire"
8325,3311,"Middle Derwent Yorkshire"
8326,3507,"Upper Wharfe"
8327,3309,"Middle and Lower Ure"
8328,3311,"Middle Derwent Yorkshire"
8329,3311,"Middle Derwent Yorkshire"
8330,3497,"Upper Nidd"
8331,3308,"Middle and Lower Nidd"
8332,3499,"Upper Ouse Yorkshire"
8333,3497,"Upper Nidd"
8334,3507,"Upper Wharfe"
8335,3190,"Foss"
8336,3497,"Upper Nidd"
8337,3309,"Middle and Lower Ure"
8338,3190,"Foss"
8339,3190,"Foss"
8340,3497,"Upper Nidd"
8341,3499,"Upper Ouse Yorkshire"
8342,3311,"Middle Derwent Yorkshire"
8343,3309,"Middle and Lower Ure"
8344,3499,"Upper Ouse Yorkshire"
8345,3507,"Upper Wharfe"
8346,3507,"Upper Wharfe"
8347,3190,"Foss"
8348,3309,"Middle and Lower Ure"
8349,3507,"Upper Wharfe"
8350,3507,"Upper Wharfe"
8351,3484,"Upper Aire"
8352,3309,"Middle and Lower Ure"
8353,3311,"Middle Derwent Yorkshire"
8354,3308,"Middle and Lower Nidd"
8355,3309,"Middle and Lower Ure"
8356,3499,"Upper Ouse Yorkshire"
8357,3309,"Middle and Lower Ure"
8358,3309,"Middle and Lower Ure"
8359,3309,"Middle and Lower Ure"
8360,3507,"Upper Wharfe"
8361,3497,"Upper Nidd"
8362,3309,"Middle and Lower Ure"
8363,3499,"Upper Ouse Yorkshire"
8364,3497,"Upper Nidd"
8365,3309,"Middle and Lower Ure"
8366,3309,"Middle and Lower Ure"
8367,3308,"Middle and Lower Nidd"
8368,3311,"Middle Derwent Yorkshire"
8369,3190,"Foss"
8370,3499,"Upper Ouse Yorkshire"
8371,3507,"Upper Wharfe"
8372,3309,"Middle and Lower Ure"
8373,3311,"Middle Derwent Yorkshire"
8374,3311,"Middle Derwent Yorkshire"
8375,3484,"Upper Aire"
8376,3309,"Middle and Lower Ure"
8377,3309,"Middle and Lower Ure"
8378,3318,"Middle Wharfe and Washburn"
8379,3309,"Middle and Lower Ure"
8380,3309,"Middle and Lower Ure"
8381,3311,"Middle Derwent Yorkshire"
8382,3507,"Upper Wharfe"
8383,3484,"Upper Aire"
8384,3318,"Middle Wharfe and Washburn"
8385,3309,"Middle and Lower Ure"
8386,3190,"Foss"
8387,3190,"Foss"
8388,3311,"Middle Derwent Yorkshire"
8389,3309,"Middle and Lower Ure"
8390,3507,"Upper Wharfe"
8391,3484,"Upper Aire"
8392,3309,"Middle and Lower Ure"
8393,3190,"Foss"
8394,3484,"Upper Aire"
8395,3309,"Middle and Lower Ure"
8396,3507,"Upper Wharfe"
8397,3311,"Middle Derwent Yorkshire"
8398,3311,"Middle Derwent Yorkshire"
8399,3484,"Upper Aire"
8400,3484,"Upper Aire"
8401,3308,"Middle and Lower Nidd"
8402,3190,"Foss"
8403,3507,"Upper Wharfe"
8404,3190,"Foss"
8405,3499,"Upper Ouse Yorkshire"
8406,3507,"Upper Wharfe"
8407,3309,"Middle and Lower Ure"
8408,3308,"Middle and Lower Nidd"
8409,3309,"Middle and Lower Ure"
8410,3499,"Upper Ouse Yorkshire"
8411,3309,"Middle and Lower Ure"
8412,3309,"Middle and Lower Ure"
8413,3311,"Middle Derwent Yorkshire"
8414,3484,"Upper Aire"
8415,3499,"Upper Ouse Yorkshire"
8416,3484,"Upper Aire"
8417,3318,"Middle Wharfe and Washburn"
8418,3497,"Upper Nidd"
8419,3308,"Middle and Lower Nidd"
8420,3190,"Foss"
8421,3484,"Upper Aire"
8422,3308,"Middle and Lower Nidd"
8423,3497,"Upper Nidd"
8424,3499,"Upper Ouse Yorkshire"
8425,3507,"Upper Wharfe"
8426,3190,"Foss"
8427,3318,"Middle Wharfe and Washburn"
8428,3309,"Middle and Lower Ure"
8429,3499,"Upper Ouse Yorkshire"
8430,3308,"Middle and Lower Nidd"
8431,3190,"Foss"
8432,3507,"Upper Wharfe"
8433,3499,"Upper Ouse Yorkshire"
8434,3311,"Middle Derwent Yorkshire"
8435,3499,"Upper Ouse Yorkshire"
8436,3309,"Middle and Lower Ure"
8437,3499,"Upper Ouse Yorkshire"
8438,3311,"Middle Derwent Yorkshire"
8439,3507,"Upper Wharfe"
8440,3499,"Upper Ouse Yorkshire"
8441,3318,"Middle Wharfe and Washburn"
8442,3308,"Middle and Lower Nidd"
8443,3497,"Upper Nidd"
8444,3311,"Middle Derwent Yorkshire"
8445,3311,"Middle Derwent Yorkshire"
8446,3311,"Middle Derwent Yorkshire"
8447,3484,"Upper Aire"
8448,3311,"Middle Derwent Yorkshire"
8449,3311,"Middle Derwent Yorkshire"
8450,3318,"Middle Wharfe and Washburn"
8451,3497,"Upper Nidd"
8452,3309,"Middle and Lower Ure"
8453,3507,"Upper Wharfe"
8454,3507,"Upper Wharfe"
8455,3507,"Upper Wharfe"
8456,3309,"Middle and Lower Ure"
8457,3309,"Middle and Lower Ure"
8458,3499,"Upper Ouse Yorkshire"
8459,3497,"Upper Nidd"
8460,3497,"Upper Nidd"
8461,3309,"Middle and Lower Ure"
8462,3311,"Middle Derwent Yorkshire"
8463,3309,"Middle and Lower Ure"
8464,3309,"Middle and Lower Ure"
8465,3507,"Upper Wharfe"
8466,3190,"Foss"
8467,3318,"Middle Wharfe and Washburn"
8468,3190,"Foss"
8469,3484,"Upper Aire"
8470,3309,"Middle and Lower Ure"
8471,3311,"Middle Derwent Yorkshire"
8472,3308,"Middle and Lower Nidd"
8473,3311,"Middle Derwent Yorkshire"
8474,3311,"Middle Derwent Yorkshire"
8475,3308,"Middle and Lower Nidd"
8476,3311,"Middle Derwent Yorkshire"
8477,3507,"Upper Wharfe"
8478,3499,"Upper Ouse Yorkshire"
8479,3311,"Middle Derwent Yorkshire"
8480,3484,"Upper Aire"
8481,3308,"Middle and Lower Nidd"
8482,3507,"Upper Wharfe"
8483,3309,"Middle and Lower Ure"
8484,3311,"Middle Derwent Yorkshire"
8485,3309,"Middle and Lower Ure"
8486,3497,"Upper Nidd"
8487,3507,"Upper Wharfe"
8488,3507,"Upper Wharfe"
8489,3497,"Upper Nidd"
8490,3309,"Middle and Lower Ure"
8491,3309,"Middle and Lower Ure"
8492,3499,"Upper Ouse Yorkshire"
8493,3311,"Middle Derwent Yorkshire"
8494,3484,"Upper Aire"
8495,3309,"Middle and Lower Ure"
8496,3190,"Foss"
8497,3309,"Middle and Lower Ure"
8498,3499,"Upper Ouse Yorkshire"
8499,3497,"Upper Nidd"
8500,3499,"Upper Ouse Yorkshire"
8501,3190,"Foss"
8502,3499,"Upper Ouse Yorkshire"
8503,3484,"Upper Aire"
8504,3309,"Middle and Lower Ure"
8505,3507,"Upper Wharfe"
8506,3499,"Upper Ouse Yorkshire"
8507,3309,"Middle and Lower Ure"
8508,3309,"Middle and Lower Ure"
8509,3499,"Upper Ouse Yorkshire"
8510,3308,"Middle and Lower Nidd"
8511,3311,"Middle Derwent Yorkshire"
8512,3309,"Middle and Lower Ure"
8513,3190,"Foss"
8514,3484,"Upper Aire"
8515,3497,"Upper Nidd"
8516,3308,"Middle and Lower Nidd"
8517,3308,"Middle and Lower Nidd"
8518,3309,"Middle and Lower Ure"
8519,3309,"Middle and Lower Ure"
8520,3499,"Upper Ouse Yorkshire"
8521,3318,"Middle Wharfe and Washburn"
8522,3308,"Middle and Lower Nidd"
8523,3499,"Upper Ouse Yorkshire"
8524,3308,"Middle and Lower Nidd"
8525,3499,"Upper Ouse Yorkshire"
8526,3484,"Upper Aire"
8527,3507,"Upper Wharfe"
8528,3309,"Middle and Lower Ure"
8529,3499,"Upper Ouse Yorkshire"
8530,3309,"Middle and Lower Ure"
8531,3499,"Upper Ouse Yorkshire"
8532,3507,"Upper Wharfe"
8533,3497,"Upper Nidd"
8534,3318,"Middle Wharfe and Washburn"
8535,3484,"Upper Aire"
8536,3309,"Middle and Lower Ure"
8537,3497,"Upper Nidd"
8538,3309,"Middle and Lower Ure"
8539,3507,"Upper Wharfe"
8540,3190,"Foss"
8541,3507,"Upper Wharfe"
8542,3499,"Upper Ouse Yorkshire"
8543,3308,"Middle and Lower Nidd"
8544,3499,"Upper Ouse Yorkshire"
8545,3484,"Upper Aire"
8546,3190,"Foss"
8547,3507,"Upper Wharfe"
8548,3308,"Middle and Lower Nidd"
8549,3497,"Upper Nidd"
8550,3309,"Middle and Lower Ure"
8551,3497,"Upper Nidd"
8552,3497,"Upper Nidd"
8553,3309,"Middle and Lower Ure"
8554,3499,"Upper Ouse Yorkshire"
8555,3484,"Upper Aire"
8556,3499,"Upper Ouse Yorkshire"
8557,3318,"Middle Wharfe and Washburn"
8558,3308,"Middle and Lower Nidd"
8559,3318,"Middle Wharfe and Washburn"
8560,3507,"Upper Wharfe"
8561,3309,"Middle and Lower Ure"
8562,3499,"Upper Ouse Yorkshire"
8563,3311,"Middle Derwent Yorkshire"
8564,3311,"Middle Derwent Yorkshire"
8565,3507,"Upper Wharfe"
8566,3311,"Middle Derwent Yorkshire"
8567,3308,"Middle and Lower Nidd"
8568,3309,"Middle and Lower Ure"
8569,3308,"Middle and Lower Nidd"
8570,3499,"Upper Ouse Yorkshire"
8571,3311,"Middle Derwent Yorkshire"
8572,3311,"Middle Derwent Yorkshire"
8573,3507,"Upper Wharfe"
8574,3484,"Upper Aire"
8575,3308,"Middle and Lower Nidd"
8576,3497,"Upper Nidd"
8577,3484,"Upper Aire"
8578,3507,"Upper Wharfe"
8579,3308,"Middle and Lower Nidd"
8580,3484,"Upper Aire"
8581,3190,"Foss"
8582,3507,"Upper Wharfe"
8583,3497,"Upper Nidd"
8584,3499,"Upper Ouse Yorkshire"
8585,3311,"Middle Derwent Yorkshire"
8586,3499,"Upper Ouse Yorkshire"
8587,3190,"Foss"
8588,3309,"Middle and Lower Ure"
8589,3484,"Upper Aire"
8590,3507,"Upper Wharfe"
8591,3308,"Middle and Lower Nidd"
8592,3309,"Middle and Lower Ure"
8593,3497,"Upper Nidd"
8594,3499,"Upper Ouse Yorkshire"
8595,3318,"Middle Wharfe and Washburn"
8596,3190,"Foss"
8597,3499,"Upper Ouse Yorkshire"
8598,3499,"Upper Ouse Yorkshire"
8599,3499,"Upper Ouse Yorkshire"
8600,3308,"Middle and Lower Nidd"
8601,3309,"Middle and Lower Ure"
8602,3499,"Upper Ouse Yorkshire"
8603,3499,"Upper Ouse Yorkshire"
8604,3484,"Upper Aire"
8605,3507,"Upper Wharfe"
8606,3507,"Upper Wharfe"
8607,3309,"Middle and Lower Ure"
8608,3499,"Upper Ouse Yorkshire"
8609,3499,"Upper Ouse Yorkshire"
8610,3484,"Upper Aire"
8611,3497,"Upper Nidd"
8612,3309,"Middle and Lower Ure"
8613,3484,"Upper Aire"
8614,3497,"Upper Nidd"
8615,3484,"Upper Aire"
8616,3507,"Upper Wharfe"
8617,3308,"Middle and Lower Nidd"
8618,3309,"Middle and Lower Ure"
8619,3318,"Middle Wharfe and Washburn"
8620,3499,"Upper Ouse Yorkshire"
8621,3311,"Middle Derwent Yorkshire"
8622,3318,"Middle Wharfe and Washburn"
8623,3497,"Upper Nidd"
8624,3308,"Middle and Lower Nidd"
8625,3309,"Middle and Lower Ure"
8626,3499,"Upper Ouse Yorkshire"
8627,3190,"Foss"
8628,3190,"Foss"
8629,3309,"Middle and Lower Ure"
8630,3309,"Middle and Lower Ure"
8631,3499,"Upper Ouse Yorkshire"
8632,3311,"Middle Derwent Yorkshire"
8633,3318,"Middle Wharfe and Washburn"
8634,3507,"Upper Wharfe"
8635,3499,"Upper Ouse Yorkshire"
8636,3190,"Foss"
8637,3311,"Middle Derwent Yorkshire"
8638,3499,"Upper Ouse Yorkshire"
8639,3311,"Middle Derwent Yorkshire"
8640,3309,"Middle and Lower Ure"
8641,3484,"Upper Aire"
8642,3497,"Upper Nidd"
8643,3484,"Upper Aire"
8644,3499,"Upper Ouse Yorkshire"
8645,3507,"Upper Wharfe"
8646,3311,"Middle Derwent Yorkshire"
8647,3484,"Upper Aire"
8648,3497,"Upper Nidd"
8649,3190,"Foss"
8650,3309,"Middle and Lower Ure"
8651,3499,"Upper Ouse Yorkshire"
8652,3190,"Foss"
8653,3311,"Middle Derwent Yorkshire"
8654,3507,"Upper Wharfe"
8655,3308,"Middle and Lower Nidd"
8656,3190,"Foss"
8657,3311,"Middle Derwent Yorkshire"
8658,3497,"Upper Nidd"
8659,3499,"Upper Ouse Yorkshire"
8660,3507,"Upper Wharfe"
8661,3499,"Upper Ouse Yorkshire"
8662,3499,"Upper Ouse Yorkshire"
8663,3309,"Middle and Lower Ure"
8664,3497,"Upper Nidd"
8665,3484,"Upper Aire"
8666,3311,"Middle Derwent Yorkshire"
8667,3309,"Middle and Lower Ure"
8668,3308,"Middle and Lower Nidd"
8669,3309,"Middle and Lower Ure"
8670,3507,"Upper Wharfe"
8671,3311,"Middle Derwent Yorkshire"
8672,3308,"Middle and Lower Nidd"
8673,3507,"Upper Wharfe"
8674,3497,"Upper Nidd"
8675,3190,"Foss"
8676,3190,"Foss"
8677,3499,"Upper Ouse Yorkshire"
8678,3499,"Upper Ouse Yorkshire"
8679,3309,"Middle and Lower Ure"
8680,3507,"Upper Wharfe"
8681,3309,"Middle and Lower Ure"
8682,3499,"Upper Ouse Yorkshire"
8683,3311,"Middle Derwent Yorkshire"
8684,3497,"Upper Nidd"
8685,3318,"Middle Wharfe and Washburn"
8686,3484,"Upper Aire"
8687,3311,"Middle Derwent Yorkshire"
8688,3311,"Middle Derwent Yorkshire"
8689,3190,"Foss"
8690,3190,"Foss"
8691,3499,"Upper Ouse Yorkshire"
8692,3499,"Upper Ouse Yorkshire"
8693,3190,"Foss"
8694,3318,"Middle Wharfe and Washburn"
8695,3507,"Upper Wharfe"
8696,3318,"Middle Wharfe and Washburn"
8697,3318,"Middle Wharfe and Washburn"
8698,3309,"Middle and Lower Ure"
8699,3499,"Upper Ouse Yorkshire"
8700,3499,"Upper Ouse Yorkshire"
8701,3499,"Upper Ouse Yorkshire"
8702,3499,"Upper Ouse Yorkshire"
8703,3499,"Upper Ouse Yorkshire"
8704,3190,"Foss"
8705,3507,"Upper Wharfe"
8706,3311,"Middle Derwent Yorkshire"
8707,3308,"Middle and Lower Nidd"
8708,3190,"Foss"
8709,3311,"Middle Derwent Yorkshire"
8710,3507,"Upper Wharfe"
8711,3309,"Middle and Lower Ure"
8712,3484,"Upper Aire"
8713,3309,"Middle and Lower Ure"
8714,3484,"Upper Aire"
8715,3497,"Upper Nidd"
8716,3507,"Upper Wharfe"
8717,3484,"Upper Aire"
8718,3318,"Middle Wharfe and Washburn"
8719,3308,"Middle and Lower Nidd"
8720,3507,"Upper Wharfe"
8721,3318,"Middle Wharfe and Washburn"
8722,3499,"Upper Ouse Yorkshire"
8723,3311,"Middle Derwent Yorkshire"
8724,3507,"Upper Wharfe"
8725,3311,"Middle Derwent Yorkshire"
8726,3318,"Middle Wharfe and Washburn"
8727,3190,"Foss"
8728,3484,"Upper Aire"
8729,3507,"Upper Wharfe"
8730,3190,"Foss"
8731,3484,"Upper Aire"
8732,3318,"Middle Wharfe and Washburn"
8733,3309,"Middle and Lower Ure"
8734,3309,"Middle and Lower Ure"
8735,3309,"Middle and Lower Ure"
8736,3311,"Middle Derwent Yorkshire"
8737,3309,"Middle and Lower Ure"
8738,3507,"Upper Wharfe"
8739,3190,"Foss"
8740,3507,"Upper Wharfe"
8741,3507,"Upper Wharfe"
8742,3499,"Upper Ouse Yorkshire"
8743,3309,"Middle and Lower Ure"
8744,3499,"Upper Ouse Yorkshire"
8745,3311,"Middle Derwent Yorkshire"
8746,3309,"Middle and Lower Ure"
8747,3318,"Middle Wharfe and Washburn"
8748,3318,"Middle Wharfe and Washburn"
8749,3497,"Upper Nidd"
8750,3311,"Middle Derwent Yorkshire"
8751,3499,"Upper Ouse Yorkshire"
8752,3484,"Upper Aire"
8753,3507,"Upper Wharfe"
8754,3311,"Middle Derwent Yorkshire"
8755,3311,"Middle Derwent Yorkshire"
8756,3190,"Foss"
8757,3309,"Middle and Lower Ure"
8758,3318,"Middle Wharfe and Washburn"
8759,3318,"Middle Wharfe and Washburn"
8760,3309,"Middle and Lower Ure"
8761,3499,"Upper Ouse Yorkshire"
8762,3484,"Upper Aire"
8763,3309,"Middle and Lower Ure"
8764,3311,"Middle Derwent Yorkshire"
8765,3309,"Middle and Lower Ure"
8766,3311,"Middle Derwent Yorkshire"
8767,3311,"Middle Derwent Yorkshire"
8768,3499,"Upper Ouse Yorkshire"
8769,3499,"Upper Ouse Yorkshire"
8770,3484,"Upper Aire"
8771,3507,"Upper Wharfe"
8772,3497,"Upper Nidd"
8773,3497,"Upper Nidd"
8774,3318,"Middle Wharfe and Washburn"
8775,3309,"Middle and Lower Ure"
8776,3309,"Middle and Lower Ure"
8777,3309,"Middle and Lower Ure"
8778,3499,"Upper Ouse Yorkshire"
8779,3190,"Foss"
8780,3311,"Middle Derwent Yorkshire"
8781,3497,"Upper Nidd"
8782,3309,"Middle and Lower Ure"
8783,3309,"Middle and Lower Ure"
8784,3311,"Middle Derwent Yorkshire"
8785,3318,"Middle Wharfe and Washburn"
8786,3318,"Middle Wharfe and Washburn"
8787,3484,"Upper Aire"
8788,3308,"Middle and Lower Nidd"
8789,3309,"Middle and Lower Ure"
8790,3499,"Upper Ouse Yorkshire"
8791,3309,"Middle and Lower Ure"
8792,3507,"Upper Wharfe"
8793,3318,"Middle Wharfe and Washburn"
8794,3318,"Middle Wharfe and Washburn"
8795,3507,"Upper Wharfe"
8796,3309,"Middle and Lower Ure"
8797,3484,"Upper Aire"
8798,3507,"Upper Wharfe"
8799,3309,"Middle and Lower Ure"
8800,3497,"Upper Nidd"
8801,3318,"Middle Wharfe and Washburn"
8802,3507,"Upper Wharfe"
8803,3309,"Middle and Lower Ure"
8804,3497,"Upper Nidd"
8805,3309,"Middle and Lower Ure"
8806,3499,"Upper Ouse Yorkshire"
8807,3190,"Foss"
8808,3311,"Middle Derwent Yorkshire"
8809,3484,"Upper Aire"
8810,3507,"Upper Wharfe"
8811,3499,"Upper Ouse Yorkshire"
8812,3190,"Foss"
8813,3318,"Middle Wharfe and Washburn"
8814,3497,"Upper Nidd"
8815,3499,"Upper Ouse Yorkshire"
8816,3499,"Upper Ouse Yorkshire"
8817,3190,"Foss"
8818,3484,"Upper Aire"
8819,3190,"Foss"
8820,3484,"Upper Aire"
8821,3497,"Upper Nidd"
8822,3190,"Foss"
8823,3499,"Upper Ouse Yorkshire"
8824,3484,"Upper Aire"
8825,3499,"Upper Ouse Yorkshire"
8826,3499,"Upper Ouse Yorkshire"
8827,3311,"Middle Derwent Yorkshire"
8828,3309,"Middle and Lower Ure"
8829,3497,"Upper Nidd"
8830,3308,"Middle and Lower Nidd"
8831,3309,"Middle and Lower Ure"
8832,3308,"Middle and Lower Nidd"
8833,3484,"Upper Aire"
8834,3318,"Middle Wharfe and Washburn"
8835,3484,"Upper Aire"
8836,3499,"Upper Ouse Yorkshire"
8837,3507,"Upper Wharfe"
8838,3484,"Upper Aire"
8839,3507,"Upper Wharfe"
8840,3507,"Upper Wharfe"
8841,3190,"Foss"
8842,3497,"Upper Nidd"
8843,3309,"Middle and Lower Ure"
8844,3318,"Middle Wharfe and Washburn"
8845,3497,"Upper Nidd"
8846,3309,"Middle and Lower Ure"
8847,3507,"Upper Wharfe"
8848,3311,"Middle Derwent Yorkshire"
8849,3507,"Upper Wharfe"
8850,3499,"Upper Ouse Yorkshire"
8851,3311,"Middle Derwent Yorkshire"
8852,3497,"Upper Nidd"
8853,3311,"Middle Derwent Yorkshire"
8854,3318,"Middle Wharfe and Washburn"
8855,3507,"Upper Wharfe"
8856,3318,"Middle Wharfe and Washburn"
8857,3309,"Middle and Lower Ure"
8858,3484,"Upper Aire"
8859,3311,"Middle Derwent Yorkshire"
8860,3309,"Middle and Lower Ure"
8861,3497,"Upper Nidd"
8862,3309,"Middle and Lower Ure"
8863,3308,"Middle and Lower Nidd"
8864,3309,"Middle and Lower Ure"
8865,3499,"Upper Ouse Yorkshire"
8866,3309,"Middle and Lower Ure"
8867,3190,"Foss"
8868,3311,"Middle Derwent Yorkshire"
8869,3311,"Middle Derwent Yorkshire"
8870,3309,"Middle and Lower Ure"
8871,3318,"Middle Wharfe and Washburn"
8872,3497,"Upper Nidd"
8873,3190,"Foss"
8874,3309,"Middle and Lower Ure"
8875,3311,"Middle Derwent Yorkshire"
8876,3311,"Middle Derwent Yorkshire"
8877,3497,"Upper Nidd"
8878,3318,"Middle Wharfe and Washburn"
8879,3484,"Upper Aire"
8880,3507,"Upper Wharfe"
8881,3190,"Foss"
8882,3484,"Upper Aire"
8883,3309,"Middle and Lower Ure"
8884,3484,"Upper Aire"
8885,3190,"Foss"
8886,3190,"Foss"
8887,3190,"Foss"
8888,3308,"Middle and Lower Nidd"
8889,3309,"Middle and Lower Ure"
8890,3311,"Middle Derwent Yorkshire"
8891,3507,"Upper Wharfe"
8892,3318,"Middle Wharfe and Washburn"
8893,3309,"Middle and Lower Ure"
8894,3497,"Upper Nidd"
8895,3497,"Upper Nidd"
8896,3190,"Foss"
8897,3311,"Middle Derwent Yorkshire"
8898,3309,"Middle and Lower Ure"
8899,3309,"Middle and Lower Ure"
8900,3484,"Upper Aire"
8901,3309,"Middle and Lower Ure"
8902,3309,"Middle and Lower Ure"
8903,3311,"Middle Derwent Yorkshire"
8904,3484,"Upper Aire"
8905,3497,"Upper Nidd"
8906,3309,"Middle and Lower Ure"
8907,3190,"Foss"
8908,3311,"Middle Derwent Yorkshire"
8909,3311,"Middle Derwent Yorkshire"
8910,3497,"Upper Nidd"
8911,3309,"Middle and Lower Ure"
8912,3497,"Upper Nidd"
8913,3309,"Middle and Lower Ure"
8914,3309,"Middle and Lower Ure"
8915,3190,"Foss"
8916,3484,"Upper Aire"
8917,3497,"Upper Nidd"
8918,3484,"Upper Aire"
8919,3507,"Upper Wharfe"
8920,3308,"Middle and Lower Nidd"
8921,3309,"Middle and Lower Ure"
8922,3499,"Upper Ouse Yorkshire"
8923,3318,"Middle Wharfe and Washburn"
8924,3309,"Middle and Lower Ure"
8925,3484,"Upper Aire"
8926,3309,"Middle and Lower Ure"
8927,3190,"Foss"
8928,3318,"Middle Wharfe and Washburn"
8929,3499,"Upper Ouse Yorkshire"
8930,3309,"Middle and Lower Ure"
8931,3484,"Upper Aire"
8932,3497,"Upper Nidd"
8933,3318,"Middle Wharfe and Washburn"
8934,3499,"Upper Ouse Yorkshire"
8935,3309,"Middle and Lower Ure"
8936,3309,"Middle and Lower Ure"
8937,3499,"Upper Ouse Yorkshire"
8938,3499,"Upper Ouse Yorkshire"
8939,3311,"Middle Derwent Yorkshire"
8940,3311,"Middle Derwent Yorkshire"
8941,3497,"Upper Nidd"
8942,3309,"Middle and Lower Ure"
8943,3311,"Middle Derwent Yorkshire"
8944,3309,"Middle and Lower Ure"
8945,3497,"Upper Nidd"
8946,3484,"Upper Aire"
8947,3309,"Middle and Lower Ure"
8948,3497,"Upper Nidd"
8949,3484,"Upper Aire"
8950,3497,"Upper Nidd"
8951,3484,"Upper Aire"
8952,3308,"Middle and Lower Nidd"
8953,3497,"Upper Nidd"
8954,3190,"Foss"
8955,3309,"Middle and Lower Ure"
8956,3318,"Middle Wharfe and Washburn"
8957,3497,"Upper Nidd"
8958,3309,"Middle and Lower Ure"
8959,3497,"Upper Nidd"
8960,3308,"Middle and Lower Nidd"
8961,3190,"Foss"
8962,3311,"Middle Derwent Yorkshire"
8963,3499,"Upper Ouse Yorkshire"
8964,3484,"Upper Aire"
8965,3484,"Upper Aire"
8966,3499,"Upper Ouse Yorkshire"
8967,3499,"Upper Ouse Yorkshire"
8968,3311,"Middle Derwent Yorkshire"
8969,3318,"Middle Wharfe and Washburn"
8970,3497,"Upper Nidd"
8971,3309,"Middle and Lower Ure"
8972,3318,"Middle Wharfe and Washburn"
8973,3497,"Upper Nidd"
8974,3484,"Upper Aire"
8975,3309,"Middle and Lower Ure"
8976,3318,"Middle Wharfe and Washburn"
8977,3318,"Middle Wharfe and Washburn"
8978,3497,"Upper Nidd"
8979,3190,"Foss"
8980,3499,"Upper Ouse Yorkshire"
8981,3309,"Middle and Lower Ure"
8982,3497,"Upper Nidd"
8983,3311,"Middle Derwent Yorkshire"
8984,3309,"Middle and Lower Ure"
8985,3308,"Middle and Lower Nidd"
8986,3309,"Middle and Lower Ure"
8987,3311,"Middle Derwent Yorkshire"
8988,3308,"Middle and Lower Nidd"
8989,3484,"Upper Aire"
8990,3190,"Foss"
8991,3484,"Upper Aire"
8992,3497,"Upper Nidd"
8993,3318,"Middle Wharfe and Washburn"
8994,3497,"Upper Nidd"
8995,3484,"Upper Aire"
8996,3190,"Foss"
8997,3190,"Foss"
8998,3484,"Upper Aire"
8999,3318,"Middle Wharfe and Washburn"
9000,3309,"Middle and Lower Ure"
9001,3497,"Upper Nidd"
9002,3497,"Upper Nidd"
9003,3497,"Upper Nidd"
9004,3497,"Upper Nidd"
9005,3499,"Upper Ouse Yorkshire"
9006,3318,"Middle Wharfe and Washburn"
9007,3484,"Upper Aire"
9008,3309,"Middle and Lower Ure"
9009,3190,"Foss"
9010,3311,"Middle Derwent Yorkshire"
9011,3484,"Upper Aire"
9012,3190,"Foss"
9013,3497,"Upper Nidd"
9014,3309,"Middle and Lower Ure"
9015,3318,"Middle Wharfe and Washburn"
9016,3497,"Upper Nidd"
9017,3308,"Middle and Lower Nidd"
9018,3318,"Middle Wharfe and Washburn"
9019,3311,"Middle Derwent Yorkshire"
9020,3318,"Middle Wharfe and Washburn"
9021,3497,"Upper Nidd"
9022,3308,"Middle and Lower Nidd"
9023,3497,"Upper Nidd"
9024,3499,"Upper Ouse Yorkshire"
9025,3499,"Upper Ouse Yorkshire"
9026,3499,"Upper Ouse Yorkshire"
9027,3484,"Upper Aire"
9028,3497,"Upper Nidd"
9029,3309,"Middle and Lower Ure"
9030,3318,"Middle Wharfe and Washburn"
9031,3309,"Middle and Lower Ure"
9032,3499,"Upper Ouse Yorkshire"
9033,3308,"Middle and Lower Nidd"
9034,3497,"Upper Nidd"
9035,3309,"Middle and Lower Ure"
9036,3484,"Upper Aire"
9037,3309,"Middle and Lower Ure"
9038,3309,"Middle and Lower Ure"
9039,3308,"Middle and Lower Nidd"
9040,3309,"Middle and Lower Ure"
9041,3311,"Middle Derwent Yorkshire"
9042,3497,"Upper Nidd"
9043,3497,"Upper Nidd"
9044,3318,"Middle Wharfe and Washburn"
9045,3308,"Middle and Lower Nidd"
9046,3484,"Upper Aire"
9047,3311,"Middle Derwent Yorkshire"
9048,3308,"Middle and Lower Nidd"
9049,3484,"Upper Aire"
9050,3190,"Foss"
9051,3318,"Middle Wharfe and Washburn"
9052,3308,"Middle and Lower Nidd"
9053,3308,"Middle and Lower Nidd"
9054,3190,"Foss"
9055,3484,"Upper Aire"
9056,3311,"Middle Derwent Yorkshire"
9057,3309,"Middle and Lower Ure"
9058,3311,"Middle Derwent Yorkshire"
9059,3311,"Middle Derwent Yorkshire"
9060,3308,"Middle and Lower Nidd"
9061,3308,"Middle and Lower Nidd"
9062,3311,"Middle Derwent Yorkshire"
9063,3484,"Upper Aire"
9064,3318,"Middle Wharfe and Washburn"
9065,3309,"Middle and Lower Ure"
9066,3309,"Middle and Lower Ure"
9067,3318,"Middle Wharfe and Washburn"
9068,3190,"Foss"
9069,3308,"Middle and Lower Nidd"
9070,3484,"Upper Aire"
9071,3484,"Upper Aire"
9072,3484,"Upper Aire"
9073,3318,"Middle Wharfe and Washburn"
9074,3499,"Upper Ouse Yorkshire"
9075,3311,"Middle Derwent Yorkshire"
9076,3484,"Upper Aire"
9077,3484,"Upper Aire"
9078,3484,"Upper Aire"
9079,3308,"Middle and Lower Nidd"
9080,3308,"Middle and Lower Nidd"
9081,3309,"Middle and Lower Ure"
9082,3311,"Middle Derwent Yorkshire"
9083,3309,"Middle and Lower Ure"
9084,3499,"Upper Ouse Yorkshire"
9085,3309,"Middle and Lower Ure"
9086,3190,"Foss"
9087,3311,"Middle Derwent Yorkshire"
9088,3318,"Middle Wharfe and Washburn"
9089,3318,"Middle Wharfe and Washburn"
9090,3308,"Middle and Lower Nidd"
9091,3308,"Middle and Lower Nidd"
9092,3484,"Upper Aire"
9093,3308,"Middle and Lower Nidd"
9094,3484,"Upper Aire"
9095,3499,"Upper Ouse Yorkshire"
9096,3190,"Foss"
9097,3497,"Upper Nidd"
9098,3484,"Upper Aire"
9099,3318,"Middle Wharfe and Washburn"
9100,3190,"Foss"
9101,3484,"Upper Aire"
9102,3311,"Middle Derwent Yorkshire"
9103,3318,"Middle Wharfe and Washburn"
9104,3484,"Upper Aire"
9105,3308,"Middle and Lower Nidd"
9106,3308,"Middle and Lower Nidd"
9107,3318,"Middle Wharfe and Washburn"
9108,3311,"Middle Derwent Yorkshire"
9109,3497,"Upper Nidd"
9110,3484,"Upper Aire"
9111,3318,"Middle Wharfe and Washburn"
9112,3499,"Upper Ouse Yorkshire"
9113,3311,"Middle Derwent Yorkshire"
9114,3484,"Upper Aire"
9115,3311,"Middle Derwent Yorkshire"
9116,3309,"Middle and Lower Ure"
9117,3309,"Middle and Lower Ure"
9118,3308,"Middle and Lower Nidd"
9119,3308,"Middle and Lower Nidd"
9120,3309,"Middle and Lower Ure"
9121,3311,"Middle Derwent Yorkshire"
9122,3318,"Middle Wharfe and Washburn"
9123,3309,"Middle and Lower Ure"
9124,3308,"Middle and Lower Nidd"
9125,3311,"Middle Derwent Yorkshire"
9126,3309,"Middle and Lower Ure"
9127,3190,"Foss"
9128,3190,"Foss"
9129,3497,"Upper Nidd"
9130,3308,"Middle and Lower Nidd"
9131,3311,"Middle Derwent Yorkshire"
9132,3484,"Upper Aire"
9133,3497,"Upper Nidd"
9134,3311,"Middle Derwent Yorkshire"
9135,3497,"Upper Nidd"
9136,3311,"Middle Derwent Yorkshire"
9137,3484,"Upper Aire"
9138,3308,"Middle and Lower Nidd"
9139,3309,"Middle and Lower Ure"
9140,3309,"Middle and Lower Ure"
9141,3497,"Upper Nidd"
9142,3190,"Foss"
9143,3318,"Middle Wharfe and Washburn"
9144,3309,"Middle and Lower Ure"
9145,3499,"Upper Ouse Yorkshire"
9146,3308,"Middle and Lower Nidd"
9147,3484,"Upper Aire"
9148,3484,"Upper Aire"
9149,3309,"Middle and Lower Ure"
9150,3318,"Middle Wharfe and Washburn"
9151,3497,"Upper Nidd"
9152,3499,"Upper Ouse Yorkshire"
9153,3499,"Upper Ouse Yorkshire"
9154,3318,"Middle Wharfe and Washburn"
9155,3499,"Upper Ouse Yorkshire"
9156,3308,"Middle and Lower Nidd"
9157,3190,"Foss"
9158,3499,"Upper Ouse Yorkshire"
9159,3308,"Middle and Lower Nidd"
9160,3190,"Foss"
9161,3308,"Middle and Lower Nidd"
9162,3309,"Middle and Lower Ure"
9163,3318,"Middle Wharfe and Washburn"
9164,3308,"Middle and Lower Nidd"
9165,3484,"Upper Aire"
9166,3497,"Upper Nidd"
9167,3308,"Middle and Lower Nidd"
9168,3499,"Upper Ouse Yorkshire"
9169,3311,"Middle Derwent Yorkshire"
9170,3318,"Middle Wharfe and Washburn"
9171,3497,"Upper Nidd"
9172,3497,"Upper Nidd"
9173,3311,"Middle Derwent Yorkshire"
9174,3309,"Middle and Lower Ure"
9175,3499,"Upper Ouse Yorkshire"
9176,3499,"Upper Ouse Yorkshire"
9177,3311,"Middle Derwent Yorkshire"
9178,3484,"Upper Aire"
9179,3308,"Middle and Lower Nidd"
9180,3190,"Foss"
9181,3318,"Middle Wharfe and Washburn"
9182,3190,"Foss"
9183,3484,"Upper Aire"
9184,3318,"Middle Wharfe and Washburn"
9185,3308,"Middle and Lower Nidd"
9186,3308,"Middle and Lower Nidd"
9187,3499,"Upper Ouse Yorkshire"
9188,3309,"Middle and Lower Ure"
9189,3308,"Middle and Lower Nidd"
9190,3190,"Foss"
9191,3499,"Upper Ouse Yorkshire"
9192,3311,"Middle Derwent Yorkshire"
9193,3311,"Middle Derwent Yorkshire"
9194,3318,"Middle Wharfe and Washburn"
9195,3308,"Middle and Lower Nidd"
9196,3308,"Middle and Lower Nidd"
9197,3484,"Upper Aire"
9198,3308,"Middle and Lower Nidd"
9199,3318,"Middle Wharfe and Washburn"
9200,3318,"Middle Wharfe and Washburn"
9201,3311,"Middle Derwent Yorkshire"
9202,3497,"Upper Nidd"
9203,3311,"Middle Derwent Yorkshire"
9204,3311,"Middle Derwent Yorkshire"
9205,3484,"Upper Aire"
9206,3484,"Upper Aire"
9207,3308,"Middle and Lower Nidd"
9208,3311,"Middle Derwent Yorkshire"
9209,3190,"Foss"
9210,3308,"Middle and Lower Nidd"
9211,3497,"Upper Nidd"
9212,3308,"Middle and Lower Nidd"
9213,3484,"Upper Aire"
9214,3308,"Middle and Lower Nidd"
9215,3190,"Foss"
9216,3499,"Upper Ouse Yorkshire"
9217,3311,"Middle Derwent Yorkshire"
9218,3484,"Upper Aire"
9219,3308,"Middle and Lower Nidd"
9220,3484,"Upper Aire"
9221,3318,"Middle Wharfe and Washburn"
9222,3308,"Middle and Lower Nidd"
9223,3484,"Upper Aire"
9224,3308,"Middle and Lower Nidd"
9225,3318,"Middle Wharfe and Washburn"
9226,3308,"Middle and Lower Nidd"
9227,3190,"Foss"
9228,3308,"Middle and Lower Nidd"
9229,3311,"Middle Derwent Yorkshire"
9230,3311,"Middle Derwent Yorkshire"
9231,3318,"Middle Wharfe and Washburn"
9232,3318,"Middle Wharfe and Washburn"
9233,3308,"Middle and Lower Nidd"
9234,3190,"Foss"
9235,3311,"Middle Derwent Yorkshire"
9236,3497,"Upper Nidd"
9237,3308,"Middle and Lower Nidd"
9238,3190,"Foss"
9239,3484,"Upper Aire"
9240,3311,"Middle Derwent Yorkshire"
9241,3484,"Upper Aire"
9242,3318,"Middle Wharfe and Washburn"
9243,3311,"Middle Derwent Yorkshire"
9244,3311,"Middle Derwent Yorkshire"
9245,3484,"Upper Aire"
9246,3318,"Middle Wharfe and Washburn"
9247,3308,"Middle and Lower Nidd"
9248,3190,"Foss"
9249,3311,"Middle Derwent Yorkshire"
9250,3318,"Middle Wharfe and Washburn"
9251,3484,"Upper Aire"
9252,3484,"Upper Aire"
9253,3308,"Middle and Lower Nidd"
9254,3308,"Middle and Lower Nidd"
9255,3499,"Upper Ouse Yorkshire"
9256,3318,"Middle Wharfe and Washburn"
9257,3190,"Foss"
9258,3308,"Middle and Lower Nidd"
9259,3311,"Middle Derwent Yorkshire"
9260,3484,"Upper Aire"
9261,3497,"Upper Nidd"
9262,3190,"Foss"
9263,3318,"Middle Wharfe and Washburn"
9264,3311,"Middle Derwent Yorkshire"
9265,3309,"Middle and Lower Ure"
9266,3484,"Upper Aire"
9267,3311,"Middle Derwent Yorkshire"
9268,3318,"Middle Wharfe and Washburn"
9269,3311,"Middle Derwent Yorkshire"
9270,3318,"Middle Wharfe and Washburn"
9271,3318,"Middle Wharfe and Washburn"
9272,3318,"Middle Wharfe and Washburn"
9273,3484,"Upper Aire"
9274,3308,"Middle and Lower Nidd"
9275,3308,"Middle and Lower Nidd"
9276,3308,"Middle and Lower Nidd"
9277,3311,"Middle Derwent Yorkshire"
9278,3309,"Middle and Lower Ure"
9279,3484,"Upper Aire"
9280,3308,"Middle and Lower Nidd"
9281,3308,"Middle and Lower Nidd"
9282,3318,"Middle Wharfe and Washburn"
9283,3308,"Middle and Lower Nidd"
9284,3309,"Middle and Lower Ure"
9285,3190,"Foss"
9286,3484,"Upper Aire"
9287,3484,"Upper Aire"
9288,3497,"Upper Nidd"
9289,3308,"Middle and Lower Nidd"
9290,3484,"Upper Aire"
9291,3190,"Foss"
9292,3318,"Middle Wharfe and Washburn"
9293,3318,"Middle Wharfe and Washburn"
9294,3308,"Middle and Lower Nidd"
9295,3308,"Middle and Lower Nidd"
9296,3190,"Foss"
9297,3318,"Middle Wharfe and Washburn"
9298,3318,"Middle Wharfe and Washburn"
9299,3318,"Middle Wharfe and Washburn"
9300,3318,"Middle Wharfe and Washburn"
9301,3318,"Middle Wharfe and Washburn"
9302,3318,"Middle Wharfe and Washburn"
9303,3484,"Upper Aire"
9304,3308,"Middle and Lower Nidd"
9305,3497,"Upper Nidd"
9306,3308,"Middle and Lower Nidd"
9307,3308,"Middle and Lower Nidd"
9308,3309,"Middle and Lower Ure"
9309,3190,"Foss"
9310,3308,"Middle and Lower Nidd"
9311,3484,"Upper Aire"
9312,3499,"Upper Ouse Yorkshire"
9313,3484,"Upper Aire"
9314,3499,"Upper Ouse Yorkshire"
9315,3308,"Middle and Lower Nidd"
9316,3308,"Middle and Lower Nidd"
9317,3309,"Middle and Lower Ure"
9318,3311,"Middle Derwent Yorkshire"
9319,3311,"Middle Derwent Yorkshire"
9320,3308,"Middle and Lower Nidd"
9321,3311,"Middle Derwent Yorkshire"
9322,3308,"Middle and Lower Nidd"
9323,3499,"Upper Ouse Yorkshire"
9324,3318,"Middle Wharfe and Washburn"
9325,3309,"Middle and Lower Ure"
9326,3308,"Middle and Lower Nidd"
9327,3308,"Middle and Lower Nidd"
9328,3308,"Middle and Lower Nidd"
9329,3318,"Middle Wharfe and Washburn"
9330,3308,"Middle and Lower Nidd"
9331,3318,"Middle Wharfe and Washburn"
9332,3318,"Middle Wharfe and Washburn"
9333,3190,"Foss"
9334,3311,"Middle Derwent Yorkshire"
9335,3308,"Middle and Lower Nidd"
9336,3311,"Middle Derwent Yorkshire"
9337,3308,"Middle and Lower Nidd"
9338,3308,"Middle and Lower Nidd"
9339,3499,"Upper Ouse Yorkshire"
9340,3318,"Middle Wharfe and Washburn"
9341,3311,"Middle Derwent Yorkshire"
9342,3311,"Middle Derwent Yorkshire"
9343,3190,"Foss"
9344,3499,"Upper Ouse Yorkshire"
9345,3308,"Middle and Lower Nidd"
9346,3308,"Middle and Lower Nidd"
9347,3484,"Upper Aire"
9348,3308,"Middle and Lower Nidd"
9349,3499,"Upper Ouse Yorkshire"
9350,3308,"Middle and Lower Nidd"
9351,3308,"Middle and Lower Nidd"
9352,3318,"Middle Wharfe and Washburn"
9353,3308,"Middle and Lower Nidd"
9354,3484,"Upper Aire"
9355,3308,"Middle and Lower Nidd"
9356,3497,"Upper Nidd"
9357,3484,"Upper Aire"
9358,3311,"Middle Derwent Yorkshire"
9359,3318,"Middle Wharfe and Washburn"
9360,3190,"Foss"
9361,3311,"Middle Derwent Yorkshire"
9362,3308,"Middle and Lower Nidd"
9363,3318,"Middle Wharfe and Washburn"
9364,3308,"Middle and Lower Nidd"
9365,3308,"Middle and Lower Nidd"
9366,3308,"Middle and Lower Nidd"
9367,3311,"Middle Derwent Yorkshire"
9368,3308,"Middle and Lower Nidd"
9369,3311,"Middle Derwent Yorkshire"
9370,3308,"Middle and Lower Nidd"
9371,3308,"Middle and Lower Nidd"
9372,3311,"Middle Derwent Yorkshire"
9373,3484,"Upper Aire"
9374,3484,"Upper Aire"
9375,3484,"Upper Aire"
9376,3311,"Middle Derwent Yorkshire"
9377,3318,"Middle Wharfe and Washburn"
9378,3190,"Foss"
9379,3308,"Middle and Lower Nidd"
9380,3308,"Middle and Lower Nidd"
9381,3318,"Middle Wharfe and Washburn"
9382,3308,"Middle and Lower Nidd"
9383,3190,"Foss"
9384,3308,"Middle and Lower Nidd"
9385,3484,"Upper Aire"
9386,3308,"Middle and Lower Nidd"
9387,3484,"Upper Aire"
9388,3318,"Middle Wharfe and Washburn"
9389,3190,"Foss"
9390,3190,"Foss"
9391,3484,"Upper Aire"
9392,3499,"Upper Ouse Yorkshire"
9393,3190,"Foss"
9394,3484,"Upper Aire"
9395,3311,"Middle Derwent Yorkshire"
9396,3190,"Foss"
9397,3308,"Middle and Lower Nidd"
9398,3311,"Middle Derwent Yorkshire"
9399,3484,"Upper Aire"
9400,3484,"Upper Aire"
9401,3308,"Middle and Lower Nidd"
9402,3190,"Foss"
9403,3308,"Middle and Lower Nidd"
9404,3318,"Middle Wharfe and Washburn"
9405,3308,"Middle and Lower Nidd"
9406,3309,"Middle and Lower Ure"
9407,3499,"Upper Ouse Yorkshire"
9408,3308,"Middle and Lower Nidd"
9409,3318,"Middle Wharfe and Washburn"
9410,3309,"Middle and Lower Ure"
9411,3499,"Upper Ouse Yorkshire"
9412,3318,"Middle Wharfe and Washburn"
9413,3308,"Middle and Lower Nidd"
9414,3499,"Upper Ouse Yorkshire"
9415,3308,"Middle and Lower Nidd"
9416,3308,"Middle and Lower Nidd"
9417,3484,"Upper Aire"
9418,3311,"Middle Derwent Yorkshire"
9419,3308,"Middle and Lower Nidd"
9420,3318,"Middle Wharfe and Washburn"
9421,3484,"Upper Aire"
9422,3308,"Middle and Lower Nidd"
9423,3318,"Middle Wharfe and Washburn"
9424,3308,"Middle and Lower Nidd"
9425,3190,"Foss"
9426,3311,"Middle Derwent Yorkshire"
9427,3308,"Middle and Lower Nidd"
9428,3190,"Foss"
9429,3308,"Middle and Lower Nidd"
9430,3318,"Middle Wharfe and Washburn"
9431,3308,"Middle and Lower Nidd"
9432,3190,"Foss"
9433,3484,"Upper Aire"
9434,3484,"Upper Aire"
9435,3484,"Upper Aire"
9436,3309,"Middle and Lower Ure"
9437,3308,"Middle and Lower Nidd"
9438,3308,"Middle and Lower Nidd"
9439,3499,"Upper Ouse Yorkshire"
9440,3311,"Middle Derwent Yorkshire"
9441,3499,"Upper Ouse Yorkshire"
9442,3311,"Middle Derwent Yorkshire"
9443,3484,"Upper Aire"
9444,3318,"Middle Wharfe and Washburn"
9445,3484,"Upper Aire"
9446,3484,"Upper Aire"
9447,3308,"Middle and Lower Nidd"
9448,3190,"Foss"
9449,3311,"Middle Derwent Yorkshire"
9450,3499,"Upper Ouse Yorkshire"
9451,3318,"Middle Wharfe and Washburn"
9452,3308,"Middle and Lower Nidd"
9453,3308,"Middle and Lower Nidd"
9454,3499,"Upper Ouse Yorkshire"
9455,3484,"Upper Aire"
9456,3190,"Foss"
9457,3318,"Middle Wharfe and Washburn"
9458,3484,"Upper Aire"
9459,3308,"Middle and Lower Nidd"
9460,3318,"Middle Wharfe and Washburn"
9461,3308,"Middle and Lower Nidd"
9462,3311,"Middle Derwent Yorkshire"
9463,3190,"Foss"
9464,3499,"Upper Ouse Yorkshire"
9465,3499,"Upper Ouse Yorkshire"
9466,3308,"Middle and Lower Nidd"
9467,3308,"Middle and Lower Nidd"
9468,3308,"Middle and Lower Nidd"
9469,3484,"Upper Aire"
9470,3311,"Middle Derwent Yorkshire"
9471,3190,"Foss"
9472,3308,"Middle and Lower Nidd"
9473,3308,"Middle and Lower Nidd"
9474,3308,"Middle and Lower Nidd"
9475,3308,"Middle and Lower Nidd"
9476,3190,"Foss"
9477,3318,"Middle Wharfe and Washburn"
9478,3318,"Middle Wharfe and Washburn"
9479,3318,"Middle Wharfe and Washburn"
9480,3308,"Middle and Lower Nidd"
9481,3308,"Middle and Lower Nidd"
9482,3484,"Upper Aire"
9483,3311,"Middle Derwent Yorkshire"
9484,3484,"Upper Aire"
9485,3484,"Upper Aire"
9486,3308,"Middle and Lower Nidd"
9487,3190,"Foss"
9488,3311,"Middle Derwent Yorkshire"
9489,3308,"Middle and Lower Nidd"
9490,3190,"Foss"
9491,3190,"Foss"
9492,3311,"Middle Derwent Yorkshire"
9493,3318,"Middle Wharfe and Washburn"
9494,3499,"Upper Ouse Yorkshire"
9495,3190,"Foss"
9496,3484,"Upper Aire"
9497,3484,"Upper Aire"
9498,3190,"Foss"
9499,3484,"Upper Aire"
9500,3484,"Upper Aire"
9501,3318,"Middle Wharfe and Washburn"
9502,3499,"Upper Ouse Yorkshire"
9503,3499,"Upper Ouse Yorkshire"
9504,3484,"Upper Aire"
9505,3308,"Middle and Lower Nidd"
9506,3308,"Middle and Lower Nidd"
9507,3484,"Upper Aire"
9508,3318,"Middle Wharfe and Washburn"
9509,3308,"Middle and Lower Nidd"
9510,3308,"Middle and Lower Nidd"
9511,3308,"Middle and Lower Nidd"
9512,3311,"Middle Derwent Yorkshire"
9513,3484,"Upper Aire"
9514,3311,"Middle Derwent Yorkshire"
9515,3484,"Upper Aire"
9516,3318,"Middle Wharfe and Washburn"
9517,3308,"Middle and Lower Nidd"
9518,3308,"Middle and Lower Nidd"
9519,3499,"Upper Ouse Yorkshire"
9520,3308,"Middle and Lower Nidd"
9521,3318,"Middle Wharfe and Washburn"
9522,3190,"Foss"
9523,3190,"Foss"
9524,3311,"Middle Derwent Yorkshire"
9525,3308,"Middle and Lower Nidd"
9526,3190,"Foss"
9527,3308,"Middle and Lower Nidd"
9528,3308,"Middle and Lower Nidd"
9529,3308,"Middle and Lower Nidd"
9530,3190,"Foss"
9531,3190,"Foss"
9532,3484,"Upper Aire"
9533,3308,"Middle and Lower Nidd"
9534,3308,"Middle and Lower Nidd"
9535,3484,"Upper Aire"
9536,3190,"Foss"
9537,3484,"Upper Aire"
9538,3318,"Middle Wharfe and Washburn"
9539,3308,"Middle and Lower Nidd"
9540,3484,"Upper Aire"
9541,3318,"Middle Wharfe and Washburn"
9542,3318,"Middle Wharfe and Washburn"
9543,3318,"Middle Wharfe and Washburn"
9544,3308,"Middle and Lower Nidd"
9545,3484,"Upper Aire"
9546,3318,"Middle Wharfe and Washburn"
9547,3308,"Middle and Lower Nidd"
9548,3308,"Middle and Lower Nidd"
9549,3308,"Middle and Lower Nidd"
9550,3308,"Middle and Lower Nidd"
9551,3499,"Upper Ouse Yorkshire"
9552,3308,"Middle and Lower Nidd"
9553,3318,"Middle Wharfe and Washburn"
9554,3318,"Middle Wharfe and Washburn"
9555,3318,"Middle Wharfe and Washburn"
9556,3308,"Middle and Lower Nidd"
9557,3308,"Middle and Lower Nidd"
9558,3318,"Middle Wharfe and Washburn"
9559,3318,"Middle Wharfe and Washburn"
9560,3499,"Upper Ouse Yorkshire"
9561,3308,"Middle and Lower Nidd"
9562,3308,"Middle and Lower Nidd"
9563,3311,"Middle Derwent Yorkshire"
9564,3484,"Upper Aire"
9565,3308,"Middle and Lower Nidd"
9566,3308,"Middle and Lower Nidd"
9567,3311,"Middle Derwent Yorkshire"
9568,3484,"Upper Aire"
9569,3308,"Middle and Lower Nidd"
9570,3318,"Middle Wharfe and Washburn"
9571,3499,"Upper Ouse Yorkshire"
9572,3318,"Middle Wharfe and Washburn"
9573,3318,"Middle Wharfe and Washburn"
9574,3484,"Upper Aire"
9575,3311,"Middle Derwent Yorkshire"
9576,3499,"Upper Ouse Yorkshire"
9577,3308,"Middle and Lower Nidd"
9578,3318,"Middle Wharfe and Washburn"
9579,3308,"Middle and Lower Nidd"
9580,3499,"Upper Ouse Yorkshire"
9581,3308,"Middle and Lower Nidd"
9582,3308,"Middle and Lower Nidd"
9583,3318,"Middle Wharfe and Washburn"
9584,3308,"Middle and Lower Nidd"
9585,3484,"Upper Aire"
9586,3308,"Middle and Lower Nidd"
9587,3311,"Middle Derwent Yorkshire"
9588,3318,"Middle Wharfe and Washburn"
9589,3318,"Middle Wharfe and Washburn"
9590,3318,"Middle Wharfe and Washburn"
9591,3318,"Middle Wharfe and Washburn"
9592,3318,"Middle Wharfe and Washburn"
9593,3318,"Middle Wharfe and Washburn"
9594,3484,"Upper Aire"
9595,3318,"Middle Wharfe and Washburn"
9596,3308,"Middle and Lower Nidd"
9597,3318,"Middle Wharfe and Washburn"
9598,3308,"Middle and Lower Nidd"
9599,3311,"Middle Derwent Yorkshire"
9600,3311,"Middle Derwent Yorkshire"
9601,3190,"Foss"
9602,3484,"Upper Aire"
9603,3318,"Middle Wharfe and Washburn"
9604,3308,"Middle and Lower Nidd"
9605,3318,"Middle Wharfe and Washburn"
9606,3308,"Middle and Lower Nidd"
9607,3318,"Middle Wharfe and Washburn"
9608,3308,"Middle and Lower Nidd"
9609,3318,"Middle Wharfe and Washburn"
9610,3484,"Upper Aire"
9611,3318,"Middle Wharfe and Washburn"
9612,3308,"Middle and Lower Nidd"
9613,3318,"Middle Wharfe and Washburn"
9614,3318,"Middle Wharfe and Washburn"
9615,3308,"Middle and Lower Nidd"
9616,3311,"Middle Derwent Yorkshire"
9617,3499,"Upper Ouse Yorkshire"
9618,3318,"Middle Wharfe and Washburn"
9619,3311,"Middle Derwent Yorkshire"
9620,3308,"Middle and Lower Nidd"
9621,3499,"Upper Ouse Yorkshire"
9622,3484,"Upper Aire"
9623,3318,"Middle Wharfe and Washburn"
9624,3484,"Upper Aire"
9625,3318,"Middle Wharfe and Washburn"
9626,3308,"Middle and Lower Nidd"
9627,3318,"Middle Wharfe and Washburn"
9628,3190,"Foss"
9629,3318,"Middle Wharfe and Washburn"
9630,3318,"Middle Wharfe and Washburn"
9631,3308,"Middle and Lower Nidd"
9632,3484,"Upper Aire"
9633,3308,"Middle and Lower Nidd"
9634,3190,"Foss"
9635,3499,"Upper Ouse Yorkshire"
9636,3499,"Upper Ouse Yorkshire"
9637,3190,"Foss"
9638,3318,"Middle Wharfe and Washburn"
9639,3308,"Middle and Lower Nidd"
9640,3318,"Middle Wharfe and Washburn"
9641,3484,"Upper Aire"
9642,3308,"Middle and Lower Nidd"
9643,3499,"Upper Ouse Yorkshire"
9644,3318,"Middle Wharfe and Washburn"
9645,3499,"Upper Ouse Yorkshire"
9646,3190,"Foss"
9647,3308,"Middle and Lower Nidd"
9648,3308,"Middle and Lower Nidd"
9649,3308,"Middle and Lower Nidd"
9650,3311,"Middle Derwent Yorkshire"
9651,3308,"Middle and Lower Nidd"
9652,3308,"Middle and Lower Nidd"
9653,3499,"Upper Ouse Yorkshire"
9654,3318,"Middle Wharfe and Washburn"
9655,3308,"Middle and Lower Nidd"
9656,3308,"Middle and Lower Nidd"
9657,3190,"Foss"
9658,3308,"Middle and Lower Nidd"
9659,3499,"Upper Ouse Yorkshire"
9660,3311,"Middle Derwent Yorkshire"
9661,3499,"Upper Ouse Yorkshire"
9662,3484,"Upper Aire"
9663,3499,"Upper Ouse Yorkshire"
9664,3499,"Upper Ouse Yorkshire"
9665,3318,"Middle Wharfe and Washburn"
9666,3311,"Middle Derwent Yorkshire"
9667,3308,"Middle and Lower Nidd"
9668,3484,"Upper Aire"
9669,3190,"Foss"
9670,3499,"Upper Ouse Yorkshire"
9671,3484,"Upper Aire"
9672,3484,"Upper Aire"
9673,3499,"Upper Ouse Yorkshire"
9674,3308,"Middle and Lower Nidd"
9675,3190,"Foss"
9676,3311,"Middle Derwent Yorkshire"
9677,3484,"Upper Aire"
9678,3308,"Middle and Lower Nidd"
9679,3308,"Middle and Lower Nidd"
9680,3318,"Middle Wharfe and Washburn"
9681,3308,"Middle and Lower Nidd"
9682,3499,"Upper Ouse Yorkshire"
9683,3318,"Middle Wharfe and Washburn"
9684,3318,"Middle Wharfe and Washburn"
9685,3308,"Middle and Lower Nidd"
9686,3308,"Middle and Lower Nidd"
9687,3190,"Foss"
9688,3499,"Upper Ouse Yorkshire"
9689,3484,"Upper Aire"
9690,3484,"Upper Aire"
9691,3318,"Middle Wharfe and Washburn"
9692,3308,"Middle and Lower Nidd"
9693,3311,"Middle Derwent Yorkshire"
9694,3308,"Middle and Lower Nidd"
9695,3318,"Middle Wharfe and Washburn"
9696,3308,"Middle and Lower Nidd"
9697,3190,"Foss"
9698,3308,"Middle and Lower Nidd"
9699,3311,"Middle Derwent Yorkshire"
9700,3308,"Middle and Lower Nidd"
9701,3311,"Middle Derwent Yorkshire"
9702,3308,"Middle and Lower Nidd"
9703,3318,"Middle Wharfe and Washburn"
9704,3318,"Middle Wharfe and Washburn"
9705,3311,"Middle Derwent Yorkshire"
9706,3308,"Middle and Lower Nidd"
9707,3484,"Upper Aire"
9708,3308,"Middle and Lower Nidd"
9709,3499,"Upper Ouse Yorkshire"
9710,3484,"Upper Aire"
9711,3318,"Middle Wharfe and Washburn"
9712,3499,"Upper Ouse Yorkshire"
9713,3484,"Upper Aire"
9714,3308,"Middle and Lower Nidd"
9715,3308,"Middle and Lower Nidd"
9716,3308,"Middle and Lower Nidd"
9717,3308,"Middle and Lower Nidd"
9718,3484,"Upper Aire"
9719,3308,"Middle and Lower Nidd"
9720,3499,"Upper Ouse Yorkshire"
9721,3308,"Middle and Lower Nidd"
9722,3308,"Middle and Lower Nidd"
9723,3318,"Middle Wharfe and Washburn"
9724,3318,"Middle Wharfe and Washburn"
9725,3499,"Upper Ouse Yorkshire"
9726,3499,"Upper Ouse Yorkshire"
9727,3308,"Middle and Lower Nidd"
9728,3484,"Upper Aire"
9729,3308,"Middle and Lower Nidd"
9730,3308,"Middle and Lower Nidd"
9731,3318,"Middle Wharfe and Washburn"
9732,3308,"Middle and Lower Nidd"
9733,3190,"Foss"
9734,3484,"Upper Aire"
9735,3308,"Middle and Lower Nidd"
9736,3311,"Middle Derwent Yorkshire"
9737,3318,"Middle Wharfe and Washburn"
9738,3318,"Middle Wharfe and Washburn"
9739,3308,"Middle and Lower Nidd"
9740,3190,"Foss"
9741,3190,"Foss"
9742,3190,"Foss"
9743,3499,"Upper Ouse Yorkshire"
9744,3190,"Foss"
9745,3318,"Middle Wharfe and Washburn"
9746,3499,"Upper Ouse Yorkshire"
9747,3484,"Upper Aire"
9748,3484,"Upper Aire"
9749,3318,"Middle Wharfe and Washburn"
9750,3318,"Middle Wharfe and Washburn"
9751,3318,"Middle Wharfe and Washburn"
9752,3308,"Middle and Lower Nidd"
9753,3499,"Upper Ouse Yorkshire"
9754,3318,"Middle Wharfe and Washburn"
9755,3190,"Foss"
9756,3311,"Middle Derwent Yorkshire"
9757,3484,"Upper Aire"
9758,3318,"Middle Wharfe and Washburn"
9759,3308,"Middle and Lower Nidd"
9760,3499,"Upper Ouse Yorkshire"
9761,3190,"Foss"
9762,3190,"Foss"
9763,3311,"Middle Derwent Yorkshire"
9764,3308,"Middle and Lower Nidd"
9765,3308,"Middle and Lower Nidd"
9766,3484,"Upper Aire"
9767,3308,"Middle and Lower Nidd"
9768,3484,"Upper Aire"
9769,3308,"Middle and Lower Nidd"
9770,3318,"Middle Wharfe and Washburn"
9771,3499,"Upper Ouse Yorkshire"
9772,3308,"Middle and Lower Nidd"
9773,3308,"Middle and Lower Nidd"
9774,3484,"Upper Aire"
9775,3308,"Middle and Lower Nidd"
9776,3318,"Middle Wharfe and Washburn"
9777,3318,"Middle Wharfe and Washburn"
9778,3311,"Middle Derwent Yorkshire"
9779,3308,"Middle and Lower Nidd"
9780,3311,"Middle Derwent Yorkshire"
9781,3318,"Middle Wharfe and Washburn"
9782,3308,"Middle and Lower Nidd"
9783,3318,"Middle Wharfe and Washburn"
9784,3499,"Upper Ouse Yorkshire"
9785,3499,"Upper Ouse Yorkshire"
9786,3484,"Upper Aire"
9787,3484,"Upper Aire"
9788,3190,"Foss"
9789,3190,"Foss"
9790,3190,"Foss"
9791,3318,"Middle Wharfe and Washburn"
9792,3499,"Upper Ouse Yorkshire"
9793,3308,"Middle and Lower Nidd"
9794,3318,"Middle Wharfe and Washburn"
9795,3484,"Upper Aire"
9796,3484,"Upper Aire"
9797,3318,"Middle Wharfe and Washburn"
9798,3318,"Middle Wharfe and Washburn"
9799,3308,"Middle and Lower Nidd"
9800,3308,"Middle and Lower Nidd"
9801,3499,"Upper Ouse Yorkshire"
9802,3484,"Upper Aire"
9803,3318,"Middle Wharfe and Washburn"
9804,3484,"Upper Aire"
9805,3484,"Upper Aire"
9806,3308,"Middle and Lower Nidd"
9807,3190,"Foss"
9808,3318,"Middle Wharfe and Washburn"
9809,3308,"Middle and Lower Nidd"
9810,3484,"Upper Aire"
9811,3484,"Upper Aire"
9812,3484,"Upper Aire"
9813,3308,"Middle and Lower Nidd"
9814,3308,"Middle and Lower Nidd"
9815,3190,"Foss"
9816,3311,"Middle Derwent Yorkshire"
9817,3318,"Middle Wharfe and Washburn"
9818,3318,"Middle Wharfe and Washburn"
9819,3308,"Middle and Lower Nidd"
9820,3308,"Middle and Lower Nidd"
9821,3311,"Middle Derwent Yorkshire"
9822,3318,"Middle Wharfe and Washburn"
9823,3308,"Middle and Lower Nidd"
9824,3499,"Upper Ouse Yorkshire"
9825,3308,"Middle and Lower Nidd"
9826,3499,"Upper Ouse Yorkshire"
9827,3311,"Middle Derwent Yorkshire"
9828,3308,"Middle and Lower Nidd"
9829,3311,"Middle Derwent Yorkshire"
9830,3308,"Middle and Lower Nidd"
9831,3190,"Foss"
9832,3308,"Middle and Lower Nidd"
9833,3318,"Middle Wharfe and Washburn"
9834,3499,"Upper Ouse Yorkshire"
9835,3308,"Middle and Lower Nidd"
9836,3318,"Middle Wharfe and Washburn"
9837,3484,"Upper Aire"
9838,3190,"Foss"
9839,3308,"Middle and Lower Nidd"
9840,3499,"Upper Ouse Yorkshire"
9841,3318,"Middle Wharfe and Washburn"
9842,3308,"Middle and Lower Nidd"
9843,3308,"Middle and Lower Nidd"
9844,3190,"Foss"
9845,3311,"Middle Derwent Yorkshire"
9846,3484,"Upper Aire"
9847,3318,"Middle Wharfe and Washburn"
9848,3308,"Middle and Lower Nidd"
9849,3308,"Middle and Lower Nidd"
9850,3190,"Foss"
9851,3318,"Middle Wharfe and Washburn"
9852,3308,"Middle and Lower Nidd"
9853,3308,"Middle and Lower Nidd"
9854,3318,"Middle Wharfe and Washburn"
9855,3308,"Middle and Lower Nidd"
9856,3308,"Middle and Lower Nidd"
9857,3499,"Upper Ouse Yorkshire"
9858,3499,"Upper Ouse Yorkshire"
9859,3308,"Middle and Lower Nidd"
9860,3308,"Middle and Lower Nidd"
9861,3484,"Upper Aire"
9862,3484,"Upper Aire"
9863,3308,"Middle and Lower Nidd"
9864,3308,"Middle and Lower Nidd"
9865,3484,"Upper Aire"
9866,3311,"Middle Derwent Yorkshire"
9867,3308,"Middle and Lower Nidd"
9868,3499,"Upper Ouse Yorkshire"
9869,3308,"Middle and Lower Nidd"
9870,3484,"Upper Aire"
9871,3308,"Middle and Lower Nidd"
9872,3308,"Middle and Lower Nidd"
9873,3308,"Middle and Lower Nidd"
9874,3318,"Middle Wharfe and Washburn"
9875,3484,"Upper Aire"
9876,3318,"Middle Wharfe and Washburn"
9877,3308,"Middle and Lower Nidd"
9878,3318,"Middle Wharfe and Washburn"
9879,3308,"Middle and Lower Nidd"
9880,3308,"Middle and Lower Nidd"
9881,3190,"Foss"
9882,3484,"Upper Aire"
9883,3308,"Middle and Lower Nidd"
9884,3484,"Upper Aire"
9885,3499,"Upper Ouse Yorkshire"
9886,3318,"Middle Wharfe and Washburn"
9887,3484,"Upper Aire"
9888,3190,"Foss"
9889,3318,"Middle Wharfe and Washburn"
9890,3308,"Middle and Lower Nidd"
9891,3499,"Upper Ouse Yorkshire"
9892,3308,"Middle and Lower Nidd"
9893,3190,"Foss"
9894,3484,"Upper Aire"
9895,3308,"Middle and Lower Nidd"
9896,3308,"Middle and Lower Nidd"
9897,3308,"Middle and Lower Nidd"
9898,3484,"Upper Aire"
9899,3190,"Foss"
9900,3311,"Middle Derwent Yorkshire"
9901,3308,"Middle and Lower Nidd"
9902,3318,"Middle Wharfe and Washburn"
9903,3308,"Middle and Lower Nidd"
9904,3308,"Middle and Lower Nidd"
9905,3308,"Middle and Lower Nidd"
9906,3308,"Middle and Lower Nidd"
9907,3190,"Foss"
9908,3499,"Upper Ouse Yorkshire"
9909,3308,"Middle and Lower Nidd"
9910,3318,"Middle Wharfe and Washburn"
9911,3308,"Middle and Lower Nidd"
9912,3484,"Upper Aire"
9913,3318,"Middle Wharfe and Washburn"
9914,3318,"Middle Wharfe and Washburn"
9915,3499,"Upper Ouse Yorkshire"
9916,3318,"Middle Wharfe and Washburn"
9917,3308,"Middle and Lower Nidd"
9918,3308,"Middle and Lower Nidd"
9919,3499,"Upper Ouse Yorkshire"
9920,3499,"Upper Ouse Yorkshire"
9921,3318,"Middle Wharfe and Washburn"
9922,3499,"Upper Ouse Yorkshire"
9923,3318,"Middle Wharfe and Washburn"
9924,3308,"Middle and Lower Nidd"
9925,3318,"Middle Wharfe and Washburn"
9926,3318,"Middle Wharfe and Washburn"
9927,3308,"Middle and Lower Nidd"
9928,3484,"Upper Aire"
9929,3484,"Upper Aire"
9930,3318,"Middle Wharfe and Washburn"
9931,3484,"Upper Aire"
9932,3308,"Middle and Lower Nidd"
9933,3308,"Middle and Lower Nidd"
9934,3308,"Middle and Lower Nidd"
9935,3318,"Middle Wharfe and Washburn"
9936,3308,"Middle and Lower Nidd"
9937,3308,"Middle and Lower Nidd"
9938,3308,"Middle and Lower Nidd"
9939,3190,"Foss"
9940,3308,"Middle and Lower Nidd"
9941,3499,"Upper Ouse Yorkshire"
9942,3318,"Middle Wharfe and Washburn"
9943,3318,"Middle Wharfe and Washburn"
9944,3308,"Middle and Lower Nidd"
9945,3499,"Upper Ouse Yorkshire"
9946,3318,"Middle Wharfe and Washburn"
9947,3484,"Upper Aire"
9948,3484,"Upper Aire"
9949,3318,"Middle Wharfe and Washburn"
9950,3318,"Middle Wharfe and Washburn"
9951,3190,"Foss"
9952,3311,"Middle Derwent Yorkshire"
9953,3308,"Middle and Lower Nidd"
9954,3484,"Upper Aire"
9955,3308,"Middle and Lower Nidd"
9956,3318,"Middle Wharfe and Washburn"
9957,3318,"Middle Wharfe and Washburn"
9958,3308,"Middle and Lower Nidd"
9959,3308,"Middle and Lower Nidd"
9960,3499,"Upper Ouse Yorkshire"
9961,3484,"Upper Aire"
9962,3499,"Upper Ouse Yorkshire"
9963,3308,"Middle and Lower Nidd"
9964,3318,"Middle Wharfe and Washburn"
9965,3484,"Upper Aire"
9966,3308,"Middle and Lower Nidd"
9967,3484,"Upper Aire"
9968,3318,"Middle Wharfe and Washburn"
9969,3308,"Middle and Lower Nidd"
9970,3308,"Middle and Lower Nidd"
9971,3499,"Upper Ouse Yorkshire"
9972,3318,"Middle Wharfe and Washburn"
9973,3190,"Foss"
9974,3308,"Middle and Lower Nidd"
9975,3484,"Upper Aire"
9976,3499,"Upper Ouse Yorkshire"
9977,3484,"Upper Aire"
9978,3484,"Upper Aire"
9979,3308,"Middle and Lower Nidd"
9980,3484,"Upper Aire"
9981,3318,"Middle Wharfe and Washburn"
9982,3308,"Middle and Lower Nidd"
9983,3190,"Foss"
9984,3484,"Upper Aire"
9985,3318,"Middle Wharfe and Washburn"
9986,3484,"Upper Aire"
9987,3318,"Middle Wharfe and Washburn"
9988,3311,"Middle Derwent Yorkshire"
9989,3484,"Upper Aire"
9990,3190,"Foss"
9991,3308,"Middle and Lower Nidd"
9992,3308,"Middle and Lower Nidd"
9993,3318,"Middle Wharfe and Washburn"
9994,3484,"Upper Aire"
9995,3318,"Middle Wharfe and Washburn"
9996,3499,"Upper Ouse Yorkshire"
9997,3484,"Upper Aire"
9998,3318,"Middle Wharfe and Washburn"
9999,3318,"Middle Wharfe and Washburn"
10000,3499,"Upper Ouse Yorkshire"
10001,3318,"Middle Wharfe and Washburn"
10002,3318,"Middle Wharfe and Washburn"
10003,3484,"Upper Aire"
10004,3190,"Foss"
10005,3308,"Middle and Lower Nidd"
10006,3308,"Middle and Lower Nidd"
10007,3499,"Upper Ouse Yorkshire"
10008,3190,"Foss"
10009,3308,"Middle and Lower Nidd"
10010,3318,"Middle Wharfe and Washburn"
10011,3499,"Upper Ouse Yorkshire"
10012,3308,"Middle and Lower Nidd"
10013,3499,"Upper Ouse Yorkshire"
10014,3484,"Upper Aire"
10015,3484,"Upper Aire"
10016,3311,"Middle Derwent Yorkshire"
10017,3318,"Middle Wharfe and Washburn"
10018,3484,"Upper Aire"
10019,3484,"Upper Aire"
10020,3308,"Middle and Lower Nidd"
10021,3484,"Upper Aire"
10022,3484,"Upper Aire"
10023,3308,"Middle and Lower Nidd"
10024,3190,"Foss"
10025,3318,"Middle Wharfe and Washburn"
10026,3318,"Middle Wharfe and Washburn"
10027,3499,"Upper Ouse Yorkshire"
10028,3308,"Middle and Lower Nidd"
10029,3308,"Middle and Lower Nidd"
10030,3318,"Middle Wharfe and Washburn"
10031,3308,"Middle and Lower Nidd"
10032,3499,"Upper Ouse Yorkshire"
10033,3308,"Middle and Lower Nidd"
10034,3308,"Middle and Lower Nidd"
10035,3311,"Middle Derwent Yorkshire"
10036,3308,"Middle and Lower Nidd"
10037,3308,"Middle and Lower Nidd"
10038,3308,"Middle and Lower Nidd"
10039,3499,"Upper Ouse Yorkshire"
10040,3318,"Middle Wharfe and Washburn"
10041,3484,"Upper Aire"
10042,3318,"Middle Wharfe and Washburn"
10043,3318,"Middle Wharfe and Washburn"
10044,3484,"Upper Aire"
10045,3308,"Middle and Lower Nidd"
10046,3308,"Middle and Lower Nidd"
10047,3308,"Middle and Lower Nidd"
10048,3499,"Upper Ouse Yorkshire"
10049,3308,"Middle and Lower Nidd"
10050,3499,"Upper Ouse Yorkshire"
10051,3484,"Upper Aire"
10052,3499,"Upper Ouse Yorkshire"
10053,3499,"Upper Ouse Yorkshire"
10054,3318,"Middle Wharfe and Washburn"
10055,3484,"Upper Aire"
10056,3190,"Foss"
10057,3308,"Middle and Lower Nidd"
10058,3484,"Upper Aire"
10059,3308,"Middle and Lower Nidd"
10060,3499,"Upper Ouse Yorkshire"
10061,3484,"Upper Aire"
10062,3484,"Upper Aire"
10063,3318,"Middle Wharfe and Washburn"
10064,3190,"Foss"
10065,3308,"Middle and Lower Nidd"
10066,3484,"Upper Aire"
10067,3318,"Middle Wharfe and Washburn"
10068,3308,"Middle and Lower Nidd"
10069,3318,"Middle Wharfe and Washburn"
10070,3318,"Middle Wharfe and Washburn"
10071,3484,"Upper Aire"
10072,3484,"Upper Aire"
10073,3190,"Foss"
10074,3318,"Middle Wharfe and Washburn"
10075,3499,"Upper Ouse Yorkshire"
10076,3190,"Foss"
10077,3190,"Foss"
10078,3499,"Upper Ouse Yorkshire"
10079,3308,"Middle and Lower Nidd"
10080,3318,"Middle Wharfe and Washburn"
10081,3499,"Upper Ouse Yorkshire"
10082,3318,"Middle Wharfe and Washburn"
10083,3308,"Middle and Lower Nidd"
10084,3308,"Middle and Lower Nidd"
10085,3308,"Middle and Lower Nidd"
10086,3484,"Upper Aire"
10087,3499,"Upper Ouse Yorkshire"
10088,3308,"Middle and Lower Nidd"
10089,3308,"Middle and Lower Nidd"
10090,3484,"Upper Aire"
10091,3499,"Upper Ouse Yorkshire"
10092,3484,"Upper Aire"
10093,3318,"Middle Wharfe and Washburn"
10094,3499,"Upper Ouse Yorkshire"
10095,3484,"Upper Aire"
10096,3499,"Upper Ouse Yorkshire"
10097,3318,"Middle Wharfe and Washburn"
10098,3318,"Middle Wharfe and Washburn"
10099,3308,"Middle and Lower Nidd"
10100,3308,"Middle and Lower Nidd"
10101,3499,"Upper Ouse Yorkshire"
10102,3308,"Middle and Lower Nidd"
10103,3484,"Upper Aire"
10104,3308,"Middle and Lower Nidd"
10105,3318,"Middle Wharfe and Washburn"
10106,3318,"Middle Wharfe and Washburn"
10107,3318,"Middle Wharfe and Washburn"
10108,3318,"Middle Wharfe and Washburn"
10109,3190,"Foss"
10110,3308,"Middle and Lower Nidd"
10111,3311,"Middle Derwent Yorkshire"
10112,3318,"Middle Wharfe and Washburn"
10113,3308,"Middle and Lower Nidd"
10114,3484,"Upper Aire"
10115,3318,"Middle Wharfe and Washburn"
10116,3318,"Middle Wharfe and Washburn"
10117,3308,"Middle and Lower Nidd"
10118,3318,"Middle Wharfe and Washburn"
10119,3484,"Upper Aire"
10120,3308,"Middle and Lower Nidd"
10121,3484,"Upper Aire"
10122,3190,"Foss"
10123,3308,"Middle and Lower Nidd"
10124,3308,"Middle and Lower Nidd"
10125,3484,"Upper Aire"
10126,3308,"Middle and Lower Nidd"
10127,3308,"Middle and Lower Nidd"
10128,3499,"Upper Ouse Yorkshire"
10129,3318,"Middle Wharfe and Washburn"
10130,3499,"Upper Ouse Yorkshire"
10131,3499,"Upper Ouse Yorkshire"
10132,3484,"Upper Aire"
10133,3311,"Middle Derwent Yorkshire"
10134,3308,"Middle and Lower Nidd"
10135,3484,"Upper Aire"
10136,3499,"Upper Ouse Yorkshire"
10137,3318,"Middle Wharfe and Washburn"
10138,3499,"Upper Ouse Yorkshire"
10139,3499,"Upper Ouse Yorkshire"
10140,3190,"Foss"
10141,3308,"Middle and Lower Nidd"
10142,3308,"Middle and Lower Nidd"
10143,3484,"Upper Aire"
10144,3308,"Middle and Lower Nidd"
10145,3318,"Middle Wharfe and Washburn"
10146,3308,"Middle and Lower Nidd"
10147,3190,"Foss"
10148,3484,"Upper Aire"
10149,3499,"Upper Ouse Yorkshire"
10150,3318,"Middle Wharfe and Washburn"
10151,3318,"Middle Wharfe and Washburn"
10152,3308,"Middle and Lower Nidd"
10153,3308,"Middle and Lower Nidd"
10154,3499,"Upper Ouse Yorkshire"
10155,3308,"Middle and Lower Nidd"
10156,3308,"Middle and Lower Nidd"
10157,3308,"Middle and Lower Nidd"
10158,3308,"Middle and Lower Nidd"
10159,3499,"Upper Ouse Yorkshire"
10160,3318,"Middle Wharfe and Washburn"
10161,3308,"Middle and Lower Nidd"
10162,3308,"Middle and Lower Nidd"
10163,3499,"Upper Ouse Yorkshire"
10164,3484,"Upper Aire"
10165,3318,"Middle Wharfe and Washburn"
10166,3308,"Middle and Lower Nidd"
10167,3308,"Middle and Lower Nidd"
10168,3308,"Middle and Lower Nidd"
10169,3308,"Middle and Lower Nidd"
10170,3308,"Middle and Lower Nidd"
10171,3484,"Upper Aire"
10172,3308,"Middle and Lower Nidd"
10173,3499,"Upper Ouse Yorkshire"
10174,3484,"Upper Aire"
10175,3318,"Middle Wharfe and Washburn"
10176,3484,"Upper Aire"
10177,3308,"Middle and Lower Nidd"
10178,3499,"Upper Ouse Yorkshire"
10179,3311,"Middle Derwent Yorkshire"
10180,3190,"Foss"
10181,3318,"Middle Wharfe and Washburn"
10182,3484,"Upper Aire"
10183,3499,"Upper Ouse Yorkshire"
10184,3308,"Middle and Lower Nidd"
10185,3308,"Middle and Lower Nidd"
10186,3190,"Foss"
10187,3311,"Middle Derwent Yorkshire"
10188,3499,"Upper Ouse Yorkshire"
10189,3499,"Upper Ouse Yorkshire"
10190,3484,"Upper Aire"
10191,3499,"Upper Ouse Yorkshire"
10192,3308,"Middle and Lower Nidd"
10193,3308,"Middle and Lower Nidd"
10194,3311,"Middle Derwent Yorkshire"
10195,3308,"Middle and Lower Nidd"
10196,3484,"Upper Aire"
10197,3318,"Middle Wharfe and Washburn"
10198,3318,"Middle Wharfe and Washburn"
10199,3308,"Middle and Lower Nidd"
10200,3499,"Upper Ouse Yorkshire"
10201,3311,"Middle Derwent Yorkshire"
10202,3484,"Upper Aire"
10203,3318,"Middle Wharfe and Washburn"
10204,3308,"Middle and Lower Nidd"
10205,3318,"Middle Wharfe and Washburn"
10206,3190,"Foss"
10207,3484,"Upper Aire"
10208,3308,"Middle and Lower Nidd"
10209,3499,"Upper Ouse Yorkshire"
10210,3308,"Middle and Lower Nidd"
10211,3308,"Middle and Lower Nidd"
10212,3484,"Upper Aire"
10213,3318,"Middle Wharfe and Washburn"
10214,3308,"Middle and Lower Nidd"
10215,3308,"Middle and Lower Nidd"
10216,3484,"Upper Aire"
10217,3484,"Upper Aire"
10218,3484,"Upper Aire"
10219,3318,"Middle Wharfe and Washburn"
10220,3499,"Upper Ouse Yorkshire"
10221,3318,"Middle Wharfe and Washburn"
10222,3308,"Middle and Lower Nidd"
10223,3484,"Upper Aire"
10224,3308,"Middle and Lower Nidd"
10225,3484,"Upper Aire"
10226,3484,"Upper Aire"
10227,3308,"Middle and Lower Nidd"
10228,3484,"Upper Aire"
10229,3308,"Middle and Lower Nidd"
10230,3308,"Middle and Lower Nidd"
10231,3318,"Middle Wharfe and Washburn"
10232,3499,"Upper Ouse Yorkshire"
10233,3308,"Middle and Lower Nidd"
10234,3484,"Upper Aire"
10235,3318,"Middle Wharfe and Washburn"
10236,3318,"Middle Wharfe and Washburn"
10237,3499,"Upper Ouse Yorkshire"
10238,3318,"Middle Wharfe and Washburn"
10239,3318,"Middle Wharfe and Washburn"
10240,3499,"Upper Ouse Yorkshire"
10241,3318,"Middle Wharfe and Washburn"
10242,3499,"Upper Ouse Yorkshire"
10243,3484,"Upper Aire"
10244,3308,"Middle and Lower Nidd"
10245,3318,"Middle Wharfe and Washburn"
10246,3308,"Middle and Lower Nidd"
10247,3318,"Middle Wharfe and Washburn"
10248,3499,"Upper Ouse Yorkshire"
10249,3484,"Upper Aire"
10250,3318,"Middle Wharfe and Washburn"
10251,3190,"Foss"
10252,3484,"Upper Aire"
10253,3318,"Middle Wharfe and Washburn"
10254,3308,"Middle and Lower Nidd"
10255,3308,"Middle and Lower Nidd"
10256,3190,"Foss"
10257,3308,"Middle and Lower Nidd"
10258,3484,"Upper Aire"
10259,3318,"Middle Wharfe and Washburn"
10260,3484,"Upper Aire"
10261,3318,"Middle Wharfe and Washburn"
10262,3318,"Middle Wharfe and Washburn"
10263,3308,"Middle and Lower Nidd"
10264,3308,"Middle and Lower Nidd"
10265,3308,"Middle and Lower Nidd"
10266,3308,"Middle and Lower Nidd"
10267,3190,"Foss"
10268,3308,"Middle and Lower Nidd"
10269,3499,"Upper Ouse Yorkshire"
10270,3484,"Upper Aire"
10271,3311,"Middle Derwent Yorkshire"
10272,3308,"Middle and Lower Nidd"
10273,3308,"Middle and Lower Nidd"
10274,3499,"Upper Ouse Yorkshire"
10275,3311,"Middle Derwent Yorkshire"
10276,3190,"Foss"
10277,3484,"Upper Aire"
10278,3308,"Middle and Lower Nidd"
10279,3308,"Middle and Lower Nidd"
10280,3499,"Upper Ouse Yorkshire"
10281,3190,"Foss"
10282,3484,"Upper Aire"
10283,3318,"Middle Wharfe and Washburn"
10284,3308,"Middle and Lower Nidd"
10285,3308,"Middle and Lower Nidd"
10286,3308,"Middle and Lower Nidd"
10287,3190,"Foss"
10288,3190,"Foss"
10289,3308,"Middle and Lower Nidd"
10290,3318,"Middle Wharfe and Washburn"
10291,3499,"Upper Ouse Yorkshire"
10292,3308,"Middle and Lower Nidd"
10293,3308,"Middle and Lower Nidd"
10294,3308,"Middle and Lower Nidd"
10295,3190,"Foss"
10296,3311,"Middle Derwent Yorkshire"
10297,3308,"Middle and Lower Nidd"
10298,3190,"Foss"
10299,3484,"Upper Aire"
10300,3484,"Upper Aire"
10301,3318,"Middle Wharfe and Washburn"
10302,3308,"Middle and Lower Nidd"
10303,3190,"Foss"
10304,3499,"Upper Ouse Yorkshire"
10305,3484,"Upper Aire"
10306,3484,"Upper Aire"
10307,3308,"Middle and Lower Nidd"
10308,3499,"Upper Ouse Yorkshire"
10309,3318,"Middle Wharfe and Washburn"
10310,3318,"Middle Wharfe and Washburn"
10311,3318,"Middle Wharfe and Washburn"
10312,3308,"Middle and Lower Nidd"
10313,3499,"Upper Ouse Yorkshire"
10314,3499,"Upper Ouse Yorkshire"
10315,3499,"Upper Ouse Yorkshire"
10316,3484,"Upper Aire"
10317,3484,"Upper Aire"
10318,3499,"Upper Ouse Yorkshire"
10319,3311,"Middle Derwent Yorkshire"
10320,3308,"Middle and Lower Nidd"
10321,3308,"Middle and Lower Nidd"
10322,3499,"Upper Ouse Yorkshire"
10323,3484,"Upper Aire"
10324,3499,"Upper Ouse Yorkshire"
10325,3308,"Middle and Lower Nidd"
10326,3311,"Middle Derwent Yorkshire"
10327,3318,"Middle Wharfe and Washburn"
10328,3318,"Middle Wharfe and Washburn"
10329,3308,"Middle and Lower Nidd"
10330,3308,"Middle and Lower Nidd"
10331,3308,"Middle and Lower Nidd"
10332,3484,"Upper Aire"
10333,3484,"Upper Aire"
10334,3308,"Middle and Lower Nidd"
10335,3190,"Foss"
10336,3318,"Middle Wharfe and Washburn"
10337,3190,"Foss"
10338,3308,"Middle and Lower Nidd"
10339,3484,"Upper Aire"
10340,3308,"Middle and Lower Nidd"
10341,3318,"Middle Wharfe and Washburn"
10342,3484,"Upper Aire"
10343,3484,"Upper Aire"
10344,3311,"Middle Derwent Yorkshire"
10345,3318,"Middle Wharfe and Washburn"
10346,3308,"Middle and Lower Nidd"
10347,3308,"Middle and Lower Nidd"
10348,3318,"Middle Wharfe and Washburn"
10349,3484,"Upper Aire"
10350,3308,"Middle and Lower Nidd"
10351,3308,"Middle and Lower Nidd"
10352,3484,"Upper Aire"
10353,3308,"Middle and Lower Nidd"
10354,3308,"Middle and Lower Nidd"
10355,3308,"Middle and Lower Nidd"
10356,3484,"Upper Aire"
10357,3484,"Upper Aire"
10358,3308,"Middle and Lower Nidd"
10359,3318,"Middle Wharfe and Washburn"
10360,3318,"Middle Wharfe and Washburn"
10361,3499,"Upper Ouse Yorkshire"
10362,3484,"Upper Aire"
10363,3484,"Upper Aire"
10364,3308,"Middle and Lower Nidd"
10365,3308,"Middle and Lower Nidd"
10366,3308,"Middle and Lower Nidd"
10367,3499,"Upper Ouse Yorkshire"
10368,3308,"Middle and Lower Nidd"
10369,3318,"Middle Wharfe and Washburn"
10370,3308,"Middle and Lower Nidd"
10371,3484,"Upper Aire"
10372,3318,"Middle Wharfe and Washburn"
10373,3311,"Middle Derwent Yorkshire"
10374,3308,"Middle and Lower Nidd"
10375,3318,"Middle Wharfe and Washburn"
10376,3308,"Middle and Lower Nidd"
10377,3318,"Middle Wharfe and Washburn"
10378,3484,"Upper Aire"
10379,3318,"Middle Wharfe and Washburn"
10380,3499,"Upper Ouse Yorkshire"
10381,3308,"Middle and Lower Nidd"
10382,3484,"Upper Aire"
10383,3308,"Middle and Lower Nidd"
10384,3318,"Middle Wharfe and Washburn"
10385,3308,"Middle and Lower Nidd"
10386,3308,"Middle and Lower Nidd"
10387,3308,"Middle and Lower Nidd"
10388,3499,"Upper Ouse Yorkshire"
10389,3499,"Upper Ouse Yorkshire"
10390,3318,"Middle Wharfe and Washburn"
10391,3499,"Upper Ouse Yorkshire"
10392,3499,"Upper Ouse Yorkshire"
10393,3484,"Upper Aire"
10394,3318,"Middle Wharfe and Washburn"
10395,3318,"Middle Wharfe and Washburn"
10396,3499,"Upper Ouse Yorkshire"
10397,3318,"Middle Wharfe and Washburn"
10398,3484,"Upper Aire"
10399,3308,"Middle and Lower Nidd"
10400,3499,"Upper Ouse Yorkshire"
10401,3318,"Middle Wharfe and Washburn"
10402,3311,"Middle Derwent Yorkshire"
10403,3318,"Middle Wharfe and Washburn"
10404,3308,"Middle and Lower Nidd"
10405,3318,"Middle Wharfe and Washburn"
10406,3499,"Upper Ouse Yorkshire"
10407,3484,"Upper Aire"
10408,3499,"Upper Ouse Yorkshire"
10409,3308,"Middle and Lower Nidd"
10410,3318,"Middle Wharfe and Washburn"
10411,3190,"Foss"
10412,3484,"Upper Aire"
10413,3308,"Middle and Lower Nidd"
10414,3318,"Middle Wharfe and Washburn"
10415,3308,"Middle and Lower Nidd"
10416,3318,"Middle Wharfe and Washburn"
10417,3484,"Upper Aire"
10418,3484,"Upper Aire"
10419,3499,"Upper Ouse Yorkshire"
10420,3308,"Middle and Lower Nidd"
10421,3499,"Upper Ouse Yorkshire"
10422,3318,"Middle Wharfe and Washburn"
10423,3308,"Middle and Lower Nidd"
10424,3318,"Middle Wharfe and Washburn"
10425,3318,"Middle Wharfe and Washburn"
10426,3311,"Middle Derwent Yorkshire"
10427,3318,"Middle Wharfe and Washburn"
10428,3318,"Middle Wharfe and Washburn"
10429,3308,"Middle and Lower Nidd"
10430,3484,"Upper Aire"
10431,3318,"Middle Wharfe and Washburn"
10432,3311,"Middle Derwent Yorkshire"
10433,3318,"Middle Wharfe and Washburn"
10434,3308,"Middle and Lower Nidd"
10435,3308,"Middle and Lower Nidd"
10436,3308,"Middle and Lower Nidd"
10437,3499,"Upper Ouse Yorkshire"
10438,3308,"Middle and Lower Nidd"
10439,3484,"Upper Aire"
10440,3318,"Middle Wharfe and Washburn"
10441,3308,"Middle and Lower Nidd"
10442,3311,"Middle Derwent Yorkshire"
10443,3318,"Middle Wharfe and Washburn"
10444,3318,"Middle Wharfe and Washburn"
10445,3308,"Middle and Lower Nidd"
10446,3484,"Upper Aire"
10447,3318,"Middle Wharfe and Washburn"
10448,3318,"Middle Wharfe and Washburn"
10449,3308,"Middle and Lower Nidd"
10450,3318,"Middle Wharfe and Washburn"
10451,3499,"Upper Ouse Yorkshire"
10452,3308,"Middle and Lower Nidd"
10453,3499,"Upper Ouse Yorkshire"
10454,3308,"Middle and Lower Nidd"
10455,3499,"Upper Ouse Yorkshire"
10456,3318,"Middle Wharfe and Washburn"
10457,3308,"Middle and Lower Nidd"
10458,3484,"Upper Aire"
10459,3318,"Middle Wharfe and Washburn"
10460,3308,"Middle and Lower Nidd"
10461,3499,"Upper Ouse Yorkshire"
10462,3311,"Middle Derwent Yorkshire"
10463,3308,"Middle and Lower Nidd"
10464,3484,"Upper Aire"
10465,3499,"Upper Ouse Yorkshire"
10466,3318,"Middle Wharfe and Washburn"
10467,3308,"Middle and Lower Nidd"
10468,3308,"Middle and Lower Nidd"
10469,3308,"Middle and Lower Nidd"
10470,3499,"Upper Ouse Yorkshire"
10471,3308,"Middle and Lower Nidd"
10472,3499,"Upper Ouse Yorkshire"
10473,3318,"Middle Wharfe and Washburn"
10474,3308,"Middle and Lower Nidd"
10475,3318,"Middle Wharfe and Washburn"
10476,3308,"Middle and Lower Nidd"
10477,3484,"Upper Aire"
10478,3318,"Middle Wharfe and Washburn"
10479,3484,"Upper Aire"
10480,3318,"Middle Wharfe and Washburn"
10481,3499,"Upper Ouse Yorkshire"
10482,3318,"Middle Wharfe and Washburn"
10483,3318,"Middle Wharfe and Washburn"
10484,3318,"Middle Wharfe and Washburn"
10485,3484,"Upper Aire"
10486,3308,"Middle and Lower Nidd"
10487,3484,"Upper Aire"
10488,3484,"Upper Aire"
10489,3318,"Middle Wharfe and Washburn"
10490,3308,"Middle and Lower Nidd"
10491,3499,"Upper Ouse Yorkshire"
10492,3499,"Upper Ouse Yorkshire"
10493,3308,"Middle and Lower Nidd"
10494,3484,"Upper Aire"
10495,3499,"Upper Ouse Yorkshire"
10496,3318,"Middle Wharfe and Washburn"
10497,3499,"Upper Ouse Yorkshire"
10498,3308,"Middle and Lower Nidd"
10499,3499,"Upper Ouse Yorkshire"
10500,3308,"Middle and Lower Nidd"
10501,3308,"Middle and Lower Nidd"
10502,3484,"Upper Aire"
10503,3484,"Upper Aire"
10504,3308,"Middle and Lower Nidd"
10505,3308,"Middle and Lower Nidd"
10506,3499,"Upper Ouse Yorkshire"
10507,3484,"Upper Aire"
10508,3318,"Middle Wharfe and Washburn"
10509,3318,"Middle Wharfe and Washburn"
10510,3308,"Middle and Lower Nidd"
10511,3318,"Middle Wharfe and Washburn"
10512,3484,"Upper Aire"
10513,3499,"Upper Ouse Yorkshire"
10514,3484,"Upper Aire"
10515,3499,"Upper Ouse Yorkshire"
10516,3484,"Upper Aire"
10517,3311,"Middle Derwent Yorkshire"
10518,3484,"Upper Aire"
10519,3308,"Middle and Lower Nidd"
10520,3308,"Middle and Lower Nidd"
10521,3308,"Middle and Lower Nidd"
10522,3308,"Middle and Lower Nidd"
10523,3499,"Upper Ouse Yorkshire"
10524,3484,"Upper Aire"
10525,3318,"Middle Wharfe and Washburn"
10526,3484,"Upper Aire"
10527,3484,"Upper Aire"
10528,3308,"Middle and Lower Nidd"
10529,3311,"Middle Derwent Yorkshire"
10530,3311,"Middle Derwent Yorkshire"
10531,3484,"Upper Aire"
10532,3308,"Middle and Lower Nidd"
10533,3308,"Middle and Lower Nidd"
10534,3318,"Middle Wharfe and Washburn"
10535,3499,"Upper Ouse Yorkshire"
10536,3484,"Upper Aire"
10537,3318,"Middle Wharfe and Washburn"
10538,3499,"Upper Ouse Yorkshire"
10539,3484,"Upper Aire"
10540,3318,"Middle Wharfe and Washburn"
10541,3499,"Upper Ouse Yorkshire"
10542,3308,"Middle and Lower Nidd"
10543,3308,"Middle and Lower Nidd"
10544,3318,"Middle Wharfe and Washburn"
10545,3308,"Middle and Lower Nidd"
10546,3318,"Middle Wharfe and Washburn"
10547,3484,"Upper Aire"
10548,3484,"Upper Aire"
10549,3499,"Upper Ouse Yorkshire"
10550,3484,"Upper Aire"
10551,3308,"Middle and Lower Nidd"
10552,3499,"Upper Ouse Yorkshire"
10553,3318,"Middle Wharfe and Washburn"
10554,3308,"Middle and Lower Nidd"
10555,3308,"Middle and Lower Nidd"
10556,3308,"Middle and Lower Nidd"
10557,3318,"Middle Wharfe and Washburn"
10558,3499,"Upper Ouse Yorkshire"
10559,3308,"Middle and Lower Nidd"
10560,3318,"Middle Wharfe and Washburn"
10561,3499,"Upper Ouse Yorkshire"
10562,3308,"Middle and Lower Nidd"
10563,3308,"Middle and Lower Nidd"
10564,3499,"Upper Ouse Yorkshire"
10565,3484,"Upper Aire"
10566,3318,"Middle Wharfe and Washburn"
10567,3318,"Middle Wharfe and Washburn"
10568,3484,"Upper Aire"
10569,3311,"Middle Derwent Yorkshire"
10570,3318,"Middle Wharfe and Washburn"
10571,3308,"Middle and Lower Nidd"
10572,3318,"Middle Wharfe and Washburn"
10573,3308,"Middle and Lower Nidd"
10574,3318,"Middle Wharfe and Washburn"
10575,3308,"Middle and Lower Nidd"
10576,3484,"Upper Aire"
10577,3484,"Upper Aire"
10578,3499,"Upper Ouse Yorkshire"
10579,3318,"Middle Wharfe and Washburn"
10580,3318,"Middle Wharfe and Washburn"
10581,3308,"Middle and Lower Nidd"
10582,3484,"Upper Aire"
10583,3308,"Middle and Lower Nidd"
10584,3484,"Upper Aire"
10585,3308,"Middle and Lower Nidd"
10586,3484,"Upper Aire"
10587,3318,"Middle Wharfe and Washburn"
10588,3318,"Middle Wharfe and Washburn"
10589,3318,"Middle Wharfe and Washburn"
10590,3308,"Middle and Lower Nidd"
10591,3484,"Upper Aire"
10592,3484,"Upper Aire"
10593,3318,"Middle Wharfe and Washburn"
10594,3318,"Middle Wharfe and Washburn"
10595,3499,"Upper Ouse Yorkshire"
10596,3308,"Middle and Lower Nidd"
10597,3308,"Middle and Lower Nidd"
10598,3308,"Middle and Lower Nidd"
10599,3484,"Upper Aire"
10600,3308,"Middle and Lower Nidd"
10601,3499,"Upper Ouse Yorkshire"
10602,3499,"Upper Ouse Yorkshire"
10603,3484,"Upper Aire"
10604,3318,"Middle Wharfe and Washburn"
10605,3318,"Middle Wharfe and Washburn"
10606,3499,"Upper Ouse Yorkshire"
10607,3484,"Upper Aire"
10608,3499,"Upper Ouse Yorkshire"
10609,3318,"Middle Wharfe and Washburn"
10610,3318,"Middle Wharfe and Washburn"
10611,3318,"Middle Wharfe and Washburn"
10612,3311,"Middle Derwent Yorkshire"
10613,3318,"Middle Wharfe and Washburn"
10614,3484,"Upper Aire"
10615,3484,"Upper Aire"
10616,3484,"Upper Aire"
10617,3308,"Middle and Lower Nidd"
10618,3499,"Upper Ouse Yorkshire"
10619,3499,"Upper Ouse Yorkshire"
10620,3318,"Middle Wharfe and Washburn"
10621,3318,"Middle Wharfe and Washburn"
10622,3499,"Upper Ouse Yorkshire"
10623,3318,"Middle Wharfe and Washburn"
10624,3484,"Upper Aire"
10625,3308,"Middle and Lower Nidd"
10626,3308,"Middle and Lower Nidd"
10627,3499,"Upper Ouse Yorkshire"
10628,3318,"Middle Wharfe and Washburn"
10629,3484,"Upper Aire"
10630,3318,"Middle Wharfe and Washburn"
10631,3308,"Middle and Lower Nidd"
10632,3484,"Upper Aire"
10633,3308,"Middle and Lower Nidd"
10634,3499,"Upper Ouse Yorkshire"
10635,3318,"Middle Wharfe and Washburn"
10636,3484,"Upper Aire"
10637,3499,"Upper Ouse Yorkshire"
10638,3499,"Upper Ouse Yorkshire"
10639,3318,"Middle Wharfe and Washburn"
10640,3484,"Upper Aire"
10641,3484,"Upper Aire"
10642,3311,"Middle Derwent Yorkshire"
10643,3499,"Upper Ouse Yorkshire"
10644,3318,"Middle Wharfe and Washburn"
10645,3484,"Upper Aire"
10646,3308,"Middle and Lower Nidd"
10647,3318,"Middle Wharfe and Washburn"
10648,3499,"Upper Ouse Yorkshire"
10649,3308,"Middle and Lower Nidd"
10650,3308,"Middle and Lower Nidd"
10651,3318,"Middle Wharfe and Washburn"
10652,3308,"Middle and Lower Nidd"
10653,3318,"Middle Wharfe and Washburn"
10654,3499,"Upper Ouse Yorkshire"
10655,3499,"Upper Ouse Yorkshire"
10656,3311,"Middle Derwent Yorkshire"
10657,3484,"Upper Aire"
10658,3311,"Middle Derwent Yorkshire"
10659,3499,"Upper Ouse Yorkshire"
10660,3318,"Middle Wharfe and Washburn"
10661,3318,"Middle Wharfe and Washburn"
10662,3318,"Middle Wharfe and Washburn"
10663,3499,"Upper Ouse Yorkshire"
10664,3308,"Middle and Lower Nidd"
10665,3308,"Middle and Lower Nidd"
10666,3318,"Middle Wharfe and Washburn"
10667,3311,"Middle Derwent Yorkshire"
10668,3484,"Upper Aire"
10669,3484,"Upper Aire"
10670,3318,"Middle Wharfe and Washburn"
10671,3308,"Middle and Lower Nidd"
10672,3484,"Upper Aire"
10673,3484,"Upper Aire"
10674,3484,"Upper Aire"
10675,3308,"Middle and Lower Nidd"
10676,3484,"Upper Aire"
10677,3318,"Middle Wharfe and Washburn"
10678,3318,"Middle Wharfe and Washburn"
10679,3484,"Upper Aire"
10680,3318,"Middle Wharfe and Washburn"
10681,3308,"Middle and Lower Nidd"
10682,3499,"Upper Ouse Yorkshire"
10683,3484,"Upper Aire"
10684,3318,"Middle Wharfe and Washburn"
10685,3318,"Middle Wharfe and Washburn"
10686,3318,"Middle Wharfe and Washburn"
10687,3484,"Upper Aire"
10688,3308,"Middle and Lower Nidd"
10689,3499,"Upper Ouse Yorkshire"
10690,3318,"Middle Wharfe and Washburn"
10691,3484,"Upper Aire"
10692,3308,"Middle and Lower Nidd"
10693,3308,"Middle and Lower Nidd"
10694,3318,"Middle Wharfe and Washburn"
10695,3308,"Middle and Lower Nidd"
10696,3318,"Middle Wharfe and Washburn"
10697,3318,"Middle Wharfe and Washburn"
10698,3484,"Upper Aire"
10699,3484,"Upper Aire"
10700,3484,"Upper Aire"
10701,3311,"Middle Derwent Yorkshire"
10702,3318,"Middle Wharfe and Washburn"
10703,3499,"Upper Ouse Yorkshire"
10704,3484,"Upper Aire"
10705,3280,"Lower Ouse Yorkshire"
10706,3499,"Upper Ouse Yorkshire"
10707,3318,"Middle Wharfe and Washburn"
10708,3308,"Middle and Lower Nidd"
10709,3318,"Middle Wharfe and Washburn"
10710,3318,"Middle Wharfe and Washburn"
10711,3484,"Upper Aire"
10712,3318,"Middle Wharfe and Washburn"
10713,3318,"Middle Wharfe and Washburn"
10714,3318,"Middle Wharfe and Washburn"
10715,3499,"Upper Ouse Yorkshire"
10716,3318,"Middle Wharfe and Washburn"
10717,3318,"Middle Wharfe and Washburn"
10718,3484,"Upper Aire"
10719,3318,"Middle Wharfe and Washburn"
10720,3318,"Middle Wharfe and Washburn"
10721,3499,"Upper Ouse Yorkshire"
10722,3499,"Upper Ouse Yorkshire"
10723,3484,"Upper Aire"
10724,3484,"Upper Aire"
10725,3318,"Middle Wharfe and Washburn"
10726,3318,"Middle Wharfe and Washburn"
10727,3499,"Upper Ouse Yorkshire"
10728,3499,"Upper Ouse Yorkshire"
10729,3484,"Upper Aire"
10730,3484,"Upper Aire"
10731,3318,"Middle Wharfe and Washburn"
10732,3499,"Upper Ouse Yorkshire"
10733,3499,"Upper Ouse Yorkshire"
10734,3318,"Middle Wharfe and Washburn"
10735,3318,"Middle Wharfe and Washburn"
10736,3484,"Upper Aire"
10737,3484,"Upper Aire"
10738,3484,"Upper Aire"
10739,3318,"Middle Wharfe and Washburn"
10740,3318,"Middle Wharfe and Washburn"
10741,3318,"Middle Wharfe and Washburn"
10742,3318,"Middle Wharfe and Washburn"
10743,3308,"Middle and Lower Nidd"
10744,3484,"Upper Aire"
10745,3318,"Middle Wharfe and Washburn"
10746,3318,"Middle Wharfe and Washburn"
10747,3311,"Middle Derwent Yorkshire"
10748,3318,"Middle Wharfe and Washburn"
10749,3287,"Lower Wharfe"
10750,3308,"Middle and Lower Nidd"
10751,3318,"Middle Wharfe and Washburn"
10752,3318,"Middle Wharfe and Washburn"
10753,3318,"Middle Wharfe and Washburn"
10754,3318,"Middle Wharfe and Washburn"
10755,3484,"Upper Aire"
10756,3318,"Middle Wharfe and Washburn"
10757,3318,"Middle Wharfe and Washburn"
10758,3318,"Middle Wharfe and Washburn"
10759,3484,"Upper Aire"
10760,3318,"Middle Wharfe and Washburn"
10761,3484,"Upper Aire"
10762,3318,"Middle Wharfe and Washburn"
10763,3318,"Middle Wharfe and Washburn"
10764,3318,"Middle Wharfe and Washburn"
10765,3318,"Middle Wharfe and Washburn"
10766,3318,"Middle Wharfe and Washburn"
10767,3318,"Middle Wharfe and Washburn"
10768,3499,"Upper Ouse Yorkshire"
10769,3499,"Upper Ouse Yorkshire"
10770,3484,"Upper Aire"
10771,3318,"Middle Wharfe and Washburn"
10772,3318,"Middle Wharfe and Washburn"
10773,3308,"Middle and Lower Nidd"
10774,3318,"Middle Wharfe and Washburn"
10775,3318,"Middle Wharfe and Washburn"
10776,3308,"Middle and Lower Nidd"
10777,3287,"Lower Wharfe"
10778,3499,"Upper Ouse Yorkshire"
10779,3318,"Middle Wharfe and Washburn"
10780,3318,"Middle Wharfe and Washburn"
10781,3484,"Upper Aire"
10782,3318,"Middle Wharfe and Washburn"
10783,3318,"Middle Wharfe and Washburn"
10784,3499,"Upper Ouse Yorkshire"
10785,3318,"Middle Wharfe and Washburn"
10786,3318,"Middle Wharfe and Washburn"
10787,3308,"Middle and Lower Nidd"
10788,3287,"Lower Wharfe"
10789,3484,"Upper Aire"
10790,3318,"Middle Wharfe and Washburn"
10791,3308,"Middle and Lower Nidd"
10792,3318,"Middle Wharfe and Washburn"
10793,3484,"Upper Aire"
10794,3318,"Middle Wharfe and Washburn"
10795,3318,"Middle Wharfe and Washburn"
10796,3318,"Middle Wharfe and Washburn"
10797,3318,"Middle Wharfe and Washburn"
10798,3287,"Lower Wharfe"
10799,3318,"Middle Wharfe and Washburn"
10800,3318,"Middle Wharfe and Washburn"
10801,3318,"Middle Wharfe and Washburn"
10802,3499,"Upper Ouse Yorkshire"
10803,3318,"Middle Wharfe and Washburn"
10804,3318,"Middle Wharfe and Washburn"
10805,3484,"Upper Aire"
10806,3318,"Middle Wharfe and Washburn"
10807,3318,"Middle Wharfe and Washburn"
10808,3499,"Upper Ouse Yorkshire"
10809,3311,"Middle Derwent Yorkshire"
10810,3287,"Lower Wharfe"
10811,3308,"Middle and Lower Nidd"
10812,3318,"Middle Wharfe and Washburn"
10813,3499,"Upper Ouse Yorkshire"
10814,3318,"Middle Wharfe and Washburn"
10815,3308,"Middle and Lower Nidd"
10816,3318,"Middle Wharfe and Washburn"
10817,3318,"Middle Wharfe and Washburn"
10818,3499,"Upper Ouse Yorkshire"
10819,3484,"Upper Aire"
10820,3318,"Middle Wharfe and Washburn"
10821,3484,"Upper Aire"
10822,3318,"Middle Wharfe and Washburn"
10823,3499,"Upper Ouse Yorkshire"
10824,3484,"Upper Aire"
10825,3318,"Middle Wharfe and Washburn"
10826,3499,"Upper Ouse Yorkshire"
10827,3318,"Middle Wharfe and Washburn"
10828,3318,"Middle Wharfe and Washburn"
10829,3308,"Middle and Lower Nidd"
10830,3318,"Middle Wharfe and Washburn"
10831,3318,"Middle Wharfe and Washburn"
10832,3318,"Middle Wharfe and Washburn"
10833,3318,"Middle Wharfe and Washburn"
10834,3287,"Lower Wharfe"
10835,3311,"Middle Derwent Yorkshire"
10836,3318,"Middle Wharfe and Washburn"
10837,3318,"Middle Wharfe and Washburn"
10838,3318,"Middle Wharfe and Washburn"
10839,3318,"Middle Wharfe and Washburn"
10840,3318,"Middle Wharfe and Washburn"
10841,3318,"Middle Wharfe and Washburn"
10842,3484,"Upper Aire"
10843,3484,"Upper Aire"
10844,3287,"Lower Wharfe"
10845,3318,"Middle Wharfe and Washburn"
10846,3484,"Upper Aire"
10847,3318,"Middle Wharfe and Washburn"
10848,3318,"Middle Wharfe and Washburn"
10849,3318,"Middle Wharfe and Washburn"
10850,3484,"Upper Aire"
10851,3318,"Middle Wharfe and Washburn"
10852,3484,"Upper Aire"
10853,3318,"Middle Wharfe and Washburn"
10854,3318,"Middle Wharfe and Washburn"
10855,3318,"Middle Wharfe and Washburn"
10856,3318,"Middle Wharfe and Washburn"
10857,3318,"Middle Wharfe and Washburn"
10858,3318,"Middle Wharfe and Washburn"
10859,3318,"Middle Wharfe and Washburn"
10860,3287,"Lower Wharfe"
10861,3318,"Middle Wharfe and Washburn"
10862,3484,"Upper Aire"
10863,3318,"Middle Wharfe and Washburn"
10864,3318,"Middle Wharfe and Washburn"
10865,3484,"Upper Aire"
10866,3318,"Middle Wharfe and Washburn"
10867,3499,"Upper Ouse Yorkshire"
10868,3287,"Lower Wharfe"
10869,3287,"Lower Wharfe"
10870,3318,"Middle Wharfe and Washburn"
10871,3484,"Upper Aire"
10872,3318,"Middle Wharfe and Washburn"
10873,3484,"Upper Aire"
10874,3287,"Lower Wharfe"
10875,3318,"Middle Wharfe and Washburn"
10876,3318,"Middle Wharfe and Washburn"
10877,3484,"Upper Aire"
10878,3318,"Middle Wharfe and Washburn"
10879,3484,"Upper Aire"
10880,3318,"Middle Wharfe and Washburn"
10881,3484,"Upper Aire"
10882,3484,"Upper Aire"
10883,3318,"Middle Wharfe and Washburn"
10884,3484,"Upper Aire"
10885,3318,"Middle Wharfe and Washburn"
10886,3484,"Upper Aire"
10887,3318,"Middle Wharfe and Washburn"
10888,3287,"Lower Wharfe"
10889,3287,"Lower Wharfe"
10890,3318,"Middle Wharfe and Washburn"
10891,3287,"Lower Wharfe"
10892,3484,"Upper Aire"
10893,3287,"Lower Wharfe"
10894,3318,"Middle Wharfe and Washburn"
10895,3318,"Middle Wharfe and Washburn"
10896,3318,"Middle Wharfe and Washburn"
10897,3287,"Lower Wharfe"
10898,3484,"Upper Aire"
10899,3318,"Middle Wharfe and Washburn"
10900,3287,"Lower Wharfe"
10901,3287,"Lower Wharfe"
10902,3318,"Middle Wharfe and Washburn"
10903,3318,"Middle Wharfe and Washburn"
10904,3318,"Middle Wharfe and Washburn"
10905,3318,"Middle Wharfe and Washburn"
10906,3484,"Upper Aire"
10907,3484,"Upper Aire"
10908,3287,"Lower Wharfe"
10909,3484,"Upper Aire"
10910,3484,"Upper Aire"
10911,3318,"Middle Wharfe and Washburn"
10912,3287,"Lower Wharfe"
10913,3499,"Upper Ouse Yorkshire"
10914,3484,"Upper Aire"
10915,3484,"Upper Aire"
10916,3318,"Middle Wharfe and Washburn"
10917,3318,"Middle Wharfe and Washburn"
10918,3484,"Upper Aire"
10919,3484,"Upper Aire"
10920,3484,"Upper Aire"
10921,3484,"Upper Aire"
10922,3484,"Upper Aire"
10923,3499,"Upper Ouse Yorkshire"
10924,3484,"Upper Aire"
10925,3318,"Middle Wharfe and Washburn"
10926,3318,"Middle Wharfe and Washburn"
10927,3484,"Upper Aire"
10928,3318,"Middle Wharfe and Washburn"
10929,3484,"Upper Aire"
10930,3318,"Middle Wharfe and Washburn"
10931,3318,"Middle Wharfe and Washburn"
10932,3318,"Middle Wharfe and Washburn"
10933,3318,"Middle Wharfe and Washburn"
10934,3499,"Upper Ouse Yorkshire"
10935,3484,"Upper Aire"
10936,3318,"Middle Wharfe and Washburn"
10937,3318,"Middle Wharfe and Washburn"
10938,3484,"Upper Aire"
10939,3318,"Middle Wharfe and Washburn"
10940,3287,"Lower Wharfe"
10941,3318,"Middle Wharfe and Washburn"
10942,3318,"Middle Wharfe and Washburn"
10943,3499,"Upper Ouse Yorkshire"
10944,3287,"Lower Wharfe"
10945,3484,"Upper Aire"
10946,3318,"Middle Wharfe and Washburn"
10947,3484,"Upper Aire"
10948,3287,"Lower Wharfe"
10949,3318,"Middle Wharfe and Washburn"
10950,3287,"Lower Wharfe"
10951,3318,"Middle Wharfe and Washburn"
10952,3318,"Middle Wharfe and Washburn"
10953,3484,"Upper Aire"
10954,3318,"Middle Wharfe and Washburn"
10955,3318,"Middle Wharfe and Washburn"
10956,3484,"Upper Aire"
10957,3318,"Middle Wharfe and Washburn"
10958,3484,"Upper Aire"
10959,3318,"Middle Wharfe and Washburn"
10960,3318,"Middle Wharfe and Washburn"
10961,3318,"Middle Wharfe and Washburn"
10962,3484,"Upper Aire"
10963,3318,"Middle Wharfe and Washburn"
10964,3484,"Upper Aire"
10965,3287,"Lower Wharfe"
10966,3318,"Middle Wharfe and Washburn"
10967,3287,"Lower Wharfe"
10968,3484,"Upper Aire"
10969,3318,"Middle Wharfe and Washburn"
10970,3318,"Middle Wharfe and Washburn"
10971,3318,"Middle Wharfe and Washburn"
10972,3318,"Middle Wharfe and Washburn"
10973,3318,"Middle Wharfe and Washburn"
10974,3318,"Middle Wharfe and Washburn"
10975,3318,"Middle Wharfe and Washburn"
10976,3318,"Middle Wharfe and Washburn"
10977,3318,"Middle Wharfe and Washburn"
10978,3318,"Middle Wharfe and Washburn"
10979,3318,"Middle Wharfe and Washburn"
10980,3318,"Middle Wharfe and Washburn"
10981,3318,"Middle Wharfe and Washburn"
10982,3318,"Middle Wharfe and Washburn"
10983,3318,"Middle Wharfe and Washburn"
10984,3318,"Middle Wharfe and Washburn"
10985,3499,"Upper Ouse Yorkshire"
10986,3318,"Middle Wharfe and Washburn"
10987,3287,"Lower Wharfe"
10988,3287,"Lower Wharfe"
10989,3318,"Middle Wharfe and Washburn"
10990,3318,"Middle Wharfe and Washburn"
10991,3484,"Upper Aire"
10992,3318,"Middle Wharfe and Washburn"
10993,3287,"Lower Wharfe"
10994,3287,"Lower Wharfe"
10995,3484,"Upper Aire"
10996,3318,"Middle Wharfe and Washburn"
10997,3318,"Middle Wharfe and Washburn"
10998,3318,"Middle Wharfe and Washburn"
10999,3287,"Lower Wharfe"
11000,3318,"Middle Wharfe and Washburn"
11001,3318,"Middle Wharfe and Washburn"
11002,3318,"Middle Wharfe and Washburn"
11003,3499,"Upper Ouse Yorkshire"
11004,3318,"Middle Wharfe and Washburn"
11005,3499,"Upper Ouse Yorkshire"
11006,3318,"Middle Wharfe and Washburn"
11007,3318,"Middle Wharfe and Washburn"
11008,3318,"Middle Wharfe and Washburn"
11009,3287,"Lower Wharfe"
11010,3318,"Middle Wharfe and Washburn"
11011,3318,"Middle Wharfe and Washburn"
11012,3318,"Middle Wharfe and Washburn"
11013,3318,"Middle Wharfe and Washburn"
11014,3318,"Middle Wharfe and Washburn"
11015,3484,"Upper Aire"
11016,3484,"Upper Aire"
11017,3484,"Upper Aire"
11018,3484,"Upper Aire"
11019,3318,"Middle Wharfe and Washburn"
11020,3484,"Upper Aire"
11021,3318,"Middle Wharfe and Washburn"
11022,3287,"Lower Wharfe"
11023,3318,"Middle Wharfe and Washburn"
11024,3484,"Upper Aire"
11025,3484,"Upper Aire"
11026,3484,"Upper Aire"
11027,3484,"Upper Aire"
11028,3318,"Middle Wharfe and Washburn"
11029,3318,"Middle Wharfe and Washburn"
11030,3318,"Middle Wharfe and Washburn"
11031,3318,"Middle Wharfe and Washburn"
11032,3484,"Upper Aire"
11033,3287,"Lower Wharfe"
11034,3499,"Upper Ouse Yorkshire"
11035,3318,"Middle Wharfe and Washburn"
11036,3318,"Middle Wharfe and Washburn"
11037,3318,"Middle Wharfe and Washburn"
11038,3484,"Upper Aire"
11039,3318,"Middle Wharfe and Washburn"
11040,3318,"Middle Wharfe and Washburn"
11041,3499,"Upper Ouse Yorkshire"
11042,3318,"Middle Wharfe and Washburn"
11043,3499,"Upper Ouse Yorkshire"
11044,3287,"Lower Wharfe"
11045,3499,"Upper Ouse Yorkshire"
11046,3484,"Upper Aire"
11047,3318,"Middle Wharfe and Washburn"
11048,3318,"Middle Wharfe and Washburn"
11049,3484,"Upper Aire"
11050,3287,"Lower Wharfe"
11051,3318,"Middle Wharfe and Washburn"
11052,3318,"Middle Wharfe and Washburn"
11053,3484,"Upper Aire"
11054,3318,"Middle Wharfe and Washburn"
11055,3499,"Upper Ouse Yorkshire"
11056,3318,"Middle Wharfe and Washburn"
11057,3484,"Upper Aire"
11058,3318,"Middle Wharfe and Washburn"
11059,3287,"Lower Wharfe"
11060,3484,"Upper Aire"
11061,3318,"Middle Wharfe and Washburn"
11062,3318,"Middle Wharfe and Washburn"
11063,3484,"Upper Aire"
11064,3484,"Upper Aire"
11065,3287,"Lower Wharfe"
11066,3484,"Upper Aire"
11067,3318,"Middle Wharfe and Washburn"
11068,3484,"Upper Aire"
11069,3318,"Middle Wharfe and Washburn"
11070,3499,"Upper Ouse Yorkshire"
11071,3484,"Upper Aire"
11072,3484,"Upper Aire"
11073,3318,"Middle Wharfe and Washburn"
11074,3484,"Upper Aire"
11075,3318,"Middle Wharfe and Washburn"
11076,3318,"Middle Wharfe and Washburn"
11077,3287,"Lower Wharfe"
11078,3318,"Middle Wharfe and Washburn"
11079,3484,"Upper Aire"
11080,3318,"Middle Wharfe and Washburn"
11081,3287,"Lower Wharfe"
11082,3318,"Middle Wharfe and Washburn"
11083,3484,"Upper Aire"
11084,3318,"Middle Wharfe and Washburn"
11085,3318,"Middle Wharfe and Washburn"
11086,3318,"Middle Wharfe and Washburn"
11087,3287,"Lower Wharfe"
11088,3484,"Upper Aire"
11089,3484,"Upper Aire"
11090,3499,"Upper Ouse Yorkshire"
11091,3318,"Middle Wharfe and Washburn"
11092,3287,"Lower Wharfe"
11093,3287,"Lower Wharfe"
11094,3318,"Middle Wharfe and Washburn"
11095,3318,"Middle Wharfe and Washburn"
11096,3287,"Lower Wharfe"
11097,3318,"Middle Wharfe and Washburn"
11098,3318,"Middle Wharfe and Washburn"
11099,3318,"Middle Wharfe and Washburn"
11100,3484,"Upper Aire"
11101,3484,"Upper Aire"
11102,3484,"Upper Aire"
11103,3318,"Middle Wharfe and Washburn"
11104,3484,"Upper Aire"
11105,3484,"Upper Aire"
11106,3484,"Upper Aire"
11107,3484,"Upper Aire"
11108,3484,"Upper Aire"
11109,3318,"Middle Wharfe and Washburn"
11110,3318,"Middle Wharfe and Washburn"
11111,3318,"Middle Wharfe and Washburn"
11112,3484,"Upper Aire"
11113,3484,"Upper Aire"
11114,3318,"Middle Wharfe and Washburn"
11115,3318,"Middle Wharfe and Washburn"
11116,3287,"Lower Wharfe"
11117,3318,"Middle Wharfe and Washburn"
11118,3484,"Upper Aire"
11119,3318,"Middle Wharfe and Washburn"
11120,3318,"Middle Wharfe and Washburn"
11121,3287,"Lower Wharfe"
11122,3484,"Upper Aire"
11123,3484,"Upper Aire"
11124,3484,"Upper Aire"
11125,3287,"Lower Wharfe"
11126,3318,"Middle Wharfe and Washburn"
11127,3318,"Middle Wharfe and Washburn"
11128,3318,"Middle Wharfe and Washburn"
11129,3287,"Lower Wharfe"
11130,3484,"Upper Aire"
11131,3484,"Upper Aire"
11132,3484,"Upper Aire"
11133,3318,"Middle Wharfe and Washburn"
11134,3318,"Middle Wharfe and Washburn"
11135,3318,"Middle Wharfe and Washburn"
11136,3318,"Middle Wharfe and Washburn"
11137,3484,"Upper Aire"
11138,3484,"Upper Aire"
11139,3484,"Upper Aire"
11140,3318,"Middle Wharfe and Washburn"
11141,3484,"Upper Aire"
11142,3484,"Upper Aire"
11143,3318,"Middle Wharfe and Washburn"
11144,3318,"Middle Wharfe and Washburn"
11145,3484,"Upper Aire"
11146,3318,"Middle Wharfe and Washburn"
11147,3287,"Lower Wharfe"
11148,3484,"Upper Aire"
11149,3318,"Middle Wharfe and Washburn"
11150,3484,"Upper Aire"
11151,3318,"Middle Wharfe and Washburn"
11152,3484,"Upper Aire"
11153,3318,"Middle Wharfe and Washburn"
11154,3484,"Upper Aire"
11155,3484,"Upper Aire"
11156,3484,"Upper Aire"
11157,3484,"Upper Aire"
11158,3484,"Upper Aire"
11159,3287,"Lower Wharfe"
11160,3499,"Upper Ouse Yorkshire"
11161,3287,"Lower Wharfe"
11162,3318,"Middle Wharfe and Washburn"
11163,3484,"Upper Aire"
11164,3318,"Middle Wharfe and Washburn"
11165,3484,"Upper Aire"
11166,3318,"Middle Wharfe and Washburn"
11167,3318,"Middle Wharfe and Washburn"
11168,3484,"Upper Aire"
11169,3287,"Lower Wharfe"
11170,3484,"Upper Aire"
11171,3318,"Middle Wharfe and Washburn"
11172,3484,"Upper Aire"
11173,3287,"Lower Wharfe"
11174,3484,"Upper Aire"
11175,3484,"Upper Aire"
11176,3484,"Upper Aire"
11177,3484,"Upper Aire"
11178,3318,"Middle Wharfe and Washburn"
11179,3318,"Middle Wharfe and Washburn"
11180,3484,"Upper Aire"
11181,3484,"Upper Aire"
11182,3318,"Middle Wharfe and Washburn"
11183,3318,"Middle Wharfe and Washburn"
11184,3287,"Lower Wharfe"
11185,3484,"Upper Aire"
11186,3318,"Middle Wharfe and Washburn"
11187,3484,"Upper Aire"
11188,3287,"Lower Wharfe"
11189,3484,"Upper Aire"
11190,3484,"Upper Aire"
11191,3307,"Middle Aire"
11192,3318,"Middle Wharfe and Washburn"
11193,3287,"Lower Wharfe"
11194,3484,"Upper Aire"
11195,3318,"Middle Wharfe and Washburn"
11196,3318,"Middle Wharfe and Washburn"
11197,3484,"Upper Aire"
11198,3318,"Middle Wharfe and Washburn"
11199,3318,"Middle Wharfe and Washburn"
11200,3287,"Lower Wharfe"
11201,3318,"Middle Wharfe and Washburn"
11202,3484,"Upper Aire"
11203,3318,"Middle Wharfe and Washburn"
11204,3484,"Upper Aire"
11205,3484,"Upper Aire"
11206,3484,"Upper Aire"
11207,3287,"Lower Wharfe"
11208,3484,"Upper Aire"
11209,3318,"Middle Wharfe and Washburn"
11210,3318,"Middle Wharfe and Washburn"
11211,3318,"Middle Wharfe and Washburn"
11212,3484,"Upper Aire"
11213,3307,"Middle Aire"
11214,3484,"Upper Aire"
11215,3484,"Upper Aire"
11216,3287,"Lower Wharfe"
11217,3287,"Lower Wharfe"
11218,3287,"Lower Wharfe"
11219,3287,"Lower Wharfe"
11220,3484,"Upper Aire"
11221,3307,"Middle Aire"
11222,3287,"Lower Wharfe"
11223,3484,"Upper Aire"
11224,3318,"Middle Wharfe and Washburn"
11225,3484,"Upper Aire"
11226,3318,"Middle Wharfe and Washburn"
11227,3484,"Upper Aire"
11228,3318,"Middle Wharfe and Washburn"
11229,3318,"Middle Wharfe and Washburn"
11230,3318,"Middle Wharfe and Washburn"
11231,3318,"Middle Wharfe and Washburn"
11232,3287,"Lower Wharfe"
11233,3318,"Middle Wharfe and Washburn"
11234,3318,"Middle Wharfe and Washburn"
11235,3287,"Lower Wharfe"
11236,3287,"Lower Wharfe"
11237,3484,"Upper Aire"
11238,3484,"Upper Aire"
11239,3318,"Middle Wharfe and Washburn"
11240,3484,"Upper Aire"
11241,3318,"Middle Wharfe and Washburn"
11242,3318,"Middle Wharfe and Washburn"
11243,3307,"Middle Aire"
11244,3484,"Upper Aire"
11245,3318,"Middle Wharfe and Washburn"
11246,3484,"Upper Aire"
11247,3307,"Middle Aire"
11248,3318,"Middle Wharfe and Washburn"
11249,3287,"Lower Wharfe"
11250,3318,"Middle Wharfe and Washburn"
11251,3318,"Middle Wharfe and Washburn"
11252,3318,"Middle Wharfe and Washburn"
11253,3318,"Middle Wharfe and Washburn"
11254,3484,"Upper Aire"
11255,3318,"Middle Wharfe and Washburn"
11256,3307,"Middle Aire"
11257,3318,"Middle Wharfe and Washburn"
11258,3287,"Lower Wharfe"
11259,3318,"Middle Wharfe and Washburn"
11260,3287,"Lower Wharfe"
11261,3307,"Middle Aire"
11262,3484,"Upper Aire"
11263,3318,"Middle Wharfe and Washburn"
11264,3318,"Middle Wharfe and Washburn"
11265,3484,"Upper Aire"
11266,3484,"Upper Aire"
11267,3484,"Upper Aire"
11268,3307,"Middle Aire"
11269,3318,"Middle Wharfe and Washburn"
11270,3318,"Middle Wharfe and Washburn"
11271,3484,"Upper Aire"
11272,3484,"Upper Aire"
11273,3484,"Upper Aire"
11274,3484,"Upper Aire"
11275,3287,"Lower Wharfe"
11276,3484,"Upper Aire"
11277,3307,"Middle Aire"
11278,3287,"Lower Wharfe"
11279,3287,"Lower Wharfe"
11280,3484,"Upper Aire"
11281,3484,"Upper Aire"
11282,3484,"Upper Aire"
11283,3484,"Upper Aire"
11284,3484,"Upper Aire"
11285,3318,"Middle Wharfe and Washburn"
11286,3484,"Upper Aire"
11287,3318,"Middle Wharfe and Washburn"
11288,3287,"Lower Wharfe"
11289,3318,"Middle Wharfe and Washburn"
11290,3484,"Upper Aire"
11291,3287,"Lower Wharfe"
11292,3318,"Middle Wharfe and Washburn"
11293,3484,"Upper Aire"
11294,3484,"Upper Aire"
11295,3318,"Middle Wharfe and Washburn"
11296,3484,"Upper Aire"
11297,3484,"Upper Aire"
11298,3287,"Lower Wharfe"
11299,3484,"Upper Aire"
11300,3318,"Middle Wharfe and Washburn"
11301,3287,"Lower Wharfe"
11302,3318,"Middle Wharfe and Washburn"
11303,3287,"Lower Wharfe"
11304,3307,"Middle Aire"
11305,3307,"Middle Aire"
11306,3265,"Lower Aire"
11307,3318,"Middle Wharfe and Washburn"
11308,3484,"Upper Aire"
11309,3484,"Upper Aire"
11310,3318,"Middle Wharfe and Washburn"
11311,3484,"Upper Aire"
11312,3484,"Upper Aire"
11313,3484,"Upper Aire"
11314,3307,"Middle Aire"
11315,3287,"Lower Wharfe"
11316,3484,"Upper Aire"
11317,3484,"Upper Aire"
11318,3287,"Lower Wharfe"
11319,3287,"Lower Wharfe"
11320,3484,"Upper Aire"
11321,3307,"Middle Aire"
11322,3307,"Middle Aire"
11323,3318,"Middle Wharfe and Washburn"
11324,3484,"Upper Aire"
11325,3307,"Middle Aire"
11326,3484,"Upper Aire"
11327,3484,"Upper Aire"
11328,3287,"Lower Wharfe"
11329,3287,"Lower Wharfe"
11330,3484,"Upper Aire"
11331,3484,"Upper Aire"
11332,3307,"Middle Aire"
11333,3287,"Lower Wharfe"
11334,3318,"Middle Wharfe and Washburn"
11335,3484,"Upper Aire"
11336,3287,"Lower Wharfe"
11337,3287,"Lower Wharfe"
11338,3484,"Upper Aire"
11339,3318,"Middle Wharfe and Washburn"
11340,3318,"Middle Wharfe and Washburn"
11341,3484,"Upper Aire"
11342,3318,"Middle Wharfe and Washburn"
11343,3484,"Upper Aire"
11344,3484,"Upper Aire"
11345,3307,"Middle Aire"
11346,3307,"Middle Aire"
11347,3484,"Upper Aire"
11348,3484,"Upper Aire"
11349,3318,"Middle Wharfe and Washburn"
11350,3287,"Lower Wharfe"
11351,3265,"Lower Aire"
11352,3484,"Upper Aire"
11353,3484,"Upper Aire"
11354,3318,"Middle Wharfe and Washburn"
11355,3265,"Lower Aire"
11356,3318,"Middle Wharfe and Washburn"
11357,3318,"Middle Wharfe and Washburn"
11358,3307,"Middle Aire"
11359,3307,"Middle Aire"
11360,3318,"Middle Wharfe and Washburn"
11361,3318,"Middle Wharfe and Washburn"
11362,3484,"Upper Aire"
11363,3484,"Upper Aire"
11364,3265,"Lower Aire"
11365,3484,"Upper Aire"
11366,3318,"Middle Wharfe and Washburn"
11367,3318,"Middle Wharfe and Washburn"
11368,3484,"Upper Aire"
11369,3484,"Upper Aire"
11370,3307,"Middle Aire"
11371,3318,"Middle Wharfe and Washburn"
11372,3484,"Upper Aire"
11373,3307,"Middle Aire"
11374,3265,"Lower Aire"
11375,3318,"Middle Wharfe and Washburn"
11376,3307,"Middle Aire"
11377,3287,"Lower Wharfe"
11378,3307,"Middle Aire"
11379,3318,"Middle Wharfe and Washburn"
11380,3265,"Lower Aire"
11381,3318,"Middle Wharfe and Washburn"
11382,3318,"Middle Wharfe and Washburn"
11383,3318,"Middle Wharfe and Washburn"
11384,3484,"Upper Aire"
11385,3265,"Lower Aire"
11386,3287,"Lower Wharfe"
11387,3484,"Upper Aire"
11388,3484,"Upper Aire"
11389,3287,"Lower Wharfe"
11390,3318,"Middle Wharfe and Washburn"
11391,3265,"Lower Aire"
11392,3318,"Middle Wharfe and Washburn"
11393,3484,"Upper Aire"
11394,3318,"Middle Wharfe and Washburn"
11395,3265,"Lower Aire"
11396,3307,"Middle Aire"
11397,3287,"Lower Wharfe"
11398,3318,"Middle Wharfe and Washburn"
11399,3484,"Upper Aire"
11400,3287,"Lower Wharfe"
11401,3307,"Middle Aire"
11402,3307,"Middle Aire"
11403,3484,"Upper Aire"
11404,3265,"Lower Aire"
11405,3287,"Lower Wharfe"
11406,3318,"Middle Wharfe and Washburn"
11407,3484,"Upper Aire"
11408,3484,"Upper Aire"
11409,3265,"Lower Aire"
11410,3287,"Lower Wharfe"
11411,3265,"Lower Aire"
11412,3318,"Middle Wharfe and Washburn"
11413,3484,"Upper Aire"
11414,3318,"Middle Wharfe and Washburn"
11415,3307,"Middle Aire"
11416,3287,"Lower Wharfe"
11417,3484,"Upper Aire"
11418,3484,"Upper Aire"
11419,3318,"Middle Wharfe and Washburn"
11420,3307,"Middle Aire"
11421,3484,"Upper Aire"
11422,3307,"Middle Aire"
11423,3307,"Middle Aire"
11424,3265,"Lower Aire"
11425,3287,"Lower Wharfe"
11426,3318,"Middle Wharfe and Washburn"
11427,3265,"Lower Aire"
11428,3287,"Lower Wharfe"
11429,3265,"Lower Aire"
11430,3318,"Middle Wharfe and Washburn"
11431,3307,"Middle Aire"
11432,3287,"Lower Wharfe"
11433,3307,"Middle Aire"
11434,3265,"Lower Aire"
11435,3265,"Lower Aire"
11436,3484,"Upper Aire"
11437,3307,"Middle Aire"
11438,3287,"Lower Wharfe"
11439,3307,"Middle Aire"
11440,3287,"Lower Wharfe"
11441,3265,"Lower Aire"
11442,3287,"Lower Wharfe"
11443,3484,"Upper Aire"
11444,3484,"Upper Aire"
11445,3318,"Middle Wharfe and Washburn"
11446,3265,"Lower Aire"
11447,3318,"Middle Wharfe and Washburn"
11448,3265,"Lower Aire"
11449,3307,"Middle Aire"
11450,3318,"Middle Wharfe and Washburn"
11451,3265,"Lower Aire"
11452,3265,"Lower Aire"
11453,3318,"Middle Wharfe and Washburn"
11454,3484,"Upper Aire"
11455,3265,"Lower Aire"
11456,3307,"Middle Aire"
11457,3484,"Upper Aire"
11458,3307,"Middle Aire"
11459,3265,"Lower Aire"
11460,3265,"Lower Aire"
11461,3265,"Lower Aire"
11462,3307,"Middle Aire"
11463,3265,"Lower Aire"
11464,3265,"Lower Aire"
11465,3265,"Lower Aire"
11466,3287,"Lower Wharfe"
11467,3287,"Lower Wharfe"
11468,3287,"Lower Wharfe"
11469,3265,"Lower Aire"
11470,3265,"Lower Aire"
11471,3318,"Middle Wharfe and Washburn"
11472,3307,"Middle Aire"
11473,3307,"Middle Aire"
11474,3307,"Middle Aire"
11475,3287,"Lower Wharfe"
11476,3307,"Middle Aire"
11477,3307,"Middle Aire"
11478,3484,"Upper Aire"
11479,3318,"Middle Wharfe and Washburn"
11480,3318,"Middle Wharfe and Washburn"
11481,3287,"Lower Wharfe"
11482,3318,"Middle Wharfe and Washburn"
11483,3318,"Middle Wharfe and Washburn"
11484,3307,"Middle Aire"
11485,3318,"Middle Wharfe and Washburn"
11486,3265,"Lower Aire"
11487,3265,"Lower Aire"
11488,3265,"Lower Aire"
11489,3307,"Middle Aire"
11490,3287,"Lower Wharfe"
11491,3265,"Lower Aire"
11492,3484,"Upper Aire"
11493,3307,"Middle Aire"
11494,3307,"Middle Aire"
11495,3287,"Lower Wharfe"
11496,3287,"Lower Wharfe"
11497,3307,"Middle Aire"
11498,3265,"Lower Aire"
11499,3307,"Middle Aire"
11500,3265,"Lower Aire"
11501,3318,"Middle Wharfe and Washburn"
11502,3307,"Middle Aire"
11503,3265,"Lower Aire"
11504,3318,"Middle Wharfe and Washburn"
11505,3318,"Middle Wharfe and Washburn"
11506,3265,"Lower Aire"
11507,3287,"Lower Wharfe"
11508,3307,"Middle Aire"
11509,3287,"Lower Wharfe"
11510,3265,"Lower Aire"
11511,3307,"Middle Aire"
11512,3307,"Middle Aire"
11513,3307,"Middle Aire"
11514,3307,"Middle Aire"
11515,3307,"Middle Aire"
11516,3265,"Lower Aire"
11517,3287,"Lower Wharfe"
11518,3265,"Lower Aire"
11519,3265,"Lower Aire"
11520,3287,"Lower Wharfe"
11521,3265,"Lower Aire"
11522,3265,"Lower Aire"
11523,3287,"Lower Wharfe"
11524,3307,"Middle Aire"
11525,3307,"Middle Aire"
11526,3307,"Middle Aire"
11527,3307,"Middle Aire"
11528,3318,"Middle Wharfe and Washburn"
11529,3484,"Upper Aire"
11530,3307,"Middle Aire"
11531,3307,"Middle Aire"
11532,3265,"Lower Aire"
11533,3307,"Middle Aire"
11534,3307,"Middle Aire"
11535,3307,"Middle Aire"
11536,3307,"Middle Aire"
11537,3307,"Middle Aire"
11538,3307,"Middle Aire"
11539,3287,"Lower Wharfe"
11540,3307,"Middle Aire"
11541,3307,"Middle Aire"
11542,3307,"Middle Aire"
11543,3307,"Middle Aire"
11544,3307,"Middle Aire"
11545,3307,"Middle Aire"
11546,3265,"Lower Aire"
11547,3307,"Middle Aire"
11548,3307,"Middle Aire"
11549,3287,"Lower Wharfe"
11550,3307,"Middle Aire"
11551,3307,"Middle Aire"
11552,3265,"Lower Aire"
11553,3318,"Middle Wharfe and Washburn"
11554,3307,"Middle Aire"
11555,3307,"Middle Aire"
11556,3307,"Middle Aire"
11557,3307,"Middle Aire"
11558,3307,"Middle Aire"
11559,3307,"Middle Aire"
11560,3318,"Middle Wharfe and Washburn"
11561,3307,"Middle Aire"
11562,3265,"Lower Aire"
11563,3265,"Lower Aire"
11564,3318,"Middle Wharfe and Washburn"
11565,3318,"Middle Wharfe and Washburn"
11566,3318,"Middle Wharfe and Washburn"
11567,3287,"Lower Wharfe"
11568,3307,"Middle Aire"
11569,3307,"Middle Aire"
11570,3318,"Middle Wharfe and Washburn"
11571,3265,"Lower Aire"
11572,3307,"Middle Aire"
11573,3265,"Lower Aire"
11574,3307,"Middle Aire"
11575,3287,"Lower Wharfe"
11576,3318,"Middle Wharfe and Washburn"
11577,3307,"Middle Aire"
11578,3265,"Lower Aire"
11579,3307,"Middle Aire"
11580,3265,"Lower Aire"
11581,3287,"Lower Wharfe"
11582,3318,"Middle Wharfe and Washburn"
11583,3307,"Middle Aire"
11584,3318,"Middle Wharfe and Washburn"
11585,3265,"Lower Aire"
11586,3265,"Lower Aire"
11587,3265,"Lower Aire"
11588,3307,"Middle Aire"
11589,3265,"Lower Aire"
11590,3307,"Middle Aire"
11591,3307,"Middle Aire"
11592,3265,"Lower Aire"
11593,3287,"Lower Wharfe"
11594,3318,"Middle Wharfe and Washburn"
11595,3265,"Lower Aire"
11596,3307,"Middle Aire"
11597,3265,"Lower Aire"
11598,3307,"Middle Aire"
11599,3307,"Middle Aire"
11600,3307,"Middle Aire"
11601,3265,"Lower Aire"
11602,3287,"Lower Wharfe"
11603,3307,"Middle Aire"
11604,3307,"Middle Aire"
11605,3265,"Lower Aire"
11606,3307,"Middle Aire"
11607,3265,"Lower Aire"
11608,3265,"Lower Aire"
11609,3265,"Lower Aire"
11610,3307,"Middle Aire"
11611,3265,"Lower Aire"
11612,3287,"Lower Wharfe"
11613,3265,"Lower Aire"
11614,3318,"Middle Wharfe and Washburn"
11615,3307,"Middle Aire"
11616,3307,"Middle Aire"
11617,3265,"Lower Aire"
11618,3307,"Middle Aire"
11619,3265,"Lower Aire"
11620,3265,"Lower Aire"
11621,3287,"Lower Wharfe"
11622,3265,"Lower Aire"
11623,3307,"Middle Aire"
11624,3307,"Middle Aire"
11625,3265,"Lower Aire"
11626,3307,"Middle Aire"
11627,3307,"Middle Aire"
11628,3318,"Middle Wharfe and Washburn"
11629,3265,"Lower Aire"
11630,3307,"Middle Aire"
11631,3265,"Lower Aire"
11632,3307,"Middle Aire"
11633,3287,"Lower Wharfe"
11634,3287,"Lower Wharfe"
11635,3265,"Lower Aire"
11636,3307,"Middle Aire"
11637,3307,"Middle Aire"
11638,3307,"Middle Aire"
11639,3307,"Middle Aire"
11640,3307,"Middle Aire"
11641,3307,"Middle Aire"
11642,3287,"Lower Wharfe"
11643,3307,"Middle Aire"
11644,3307,"Middle Aire"
11645,3307,"Middle Aire"
11646,3265,"Lower Aire"
11647,3287,"Lower Wharfe"
11648,3287,"Lower Wharfe"
11649,3307,"Middle Aire"
11650,3265,"Lower Aire"
11651,3318,"Middle Wharfe and Washburn"
11652,3307,"Middle Aire"
11653,3307,"Middle Aire"
11654,3307,"Middle Aire"
11655,3287,"Lower Wharfe"
11656,3265,"Lower Aire"
11657,3265,"Lower Aire"
11658,3265,"Lower Aire"
11659,3307,"Middle Aire"
11660,3307,"Middle Aire"
11661,3265,"Lower Aire"
11662,3265,"Lower Aire"
11663,3307,"Middle Aire"
11664,3318,"Middle Wharfe and Washburn"
11665,3307,"Middle Aire"
11666,3265,"Lower Aire"
11667,3307,"Middle Aire"
11668,3265,"Lower Aire"
11669,3265,"Lower Aire"
11670,3307,"Middle Aire"
11671,3265,"Lower Aire"
11672,3265,"Lower Aire"
11673,3265,"Lower Aire"
11674,3307,"Middle Aire"
11675,3307,"Middle Aire"
11676,3265,"Lower Aire"
11677,3307,"Middle Aire"
11678,3307,"Middle Aire"
11679,3265,"Lower Aire"
11680,3265,"Lower Aire"
11681,3265,"Lower Aire"
11682,3307,"Middle Aire"
11683,3287,"Lower Wharfe"
11684,3307,"Middle Aire"
11685,3307,"Middle Aire"
11686,3307,"Middle Aire"
11687,3307,"Middle Aire"
11688,3307,"Middle Aire"
11689,3265,"Lower Aire"
11690,3307,"Middle Aire"
11691,3307,"Middle Aire"
11692,3307,"Middle Aire"
11693,3265,"Lower Aire"
11694,3307,"Middle Aire"
11695,3307,"Middle Aire"
11696,3265,"Lower Aire"
11697,3307,"Middle Aire"
11698,3307,"Middle Aire"
11699,3307,"Middle Aire"
11700,3265,"Lower Aire"
11701,3265,"Lower Aire"
11702,3265,"Lower Aire"
11703,3265,"Lower Aire"
11704,3307,"Middle Aire"
11705,3265,"Lower Aire"
11706,3307,"Middle Aire"
11707,3307,"Middle Aire"
11708,3307,"Middle Aire"
11709,3307,"Middle Aire"
11710,3265,"Lower Aire"
11711,3265,"Lower Aire"
11712,3265,"Lower Aire"
11713,3265,"Lower Aire"
11714,3307,"Middle Aire"
11715,3307,"Middle Aire"
11716,3307,"Middle Aire"
11717,3307,"Middle Aire"
11718,3265,"Lower Aire"
11719,3307,"Middle Aire"
11720,3307,"Middle Aire"
11721,3307,"Middle Aire"
11722,3307,"Middle Aire"
11723,3307,"Middle Aire"
11724,3307,"Middle Aire"
11725,3307,"Middle Aire"
11726,3307,"Middle Aire"
11727,3265,"Lower Aire"
11728,3307,"Middle Aire"
11729,3307,"Middle Aire"
11730,3265,"Lower Aire"
11731,3307,"Middle Aire"
11732,3307,"Middle Aire"
11733,3307,"Middle Aire"
11734,3265,"Lower Aire"
11735,3307,"Middle Aire"
11736,3265,"Lower Aire"
11737,3307,"Middle Aire"
11738,3307,"Middle Aire"
11739,3307,"Middle Aire"
11740,3307,"Middle Aire"
11741,3265,"Lower Aire"
11742,3307,"Middle Aire"
11743,3307,"Middle Aire"
11744,3265,"Lower Aire"
11745,3265,"Lower Aire"
11746,3265,"Lower Aire"
11747,3307,"Middle Aire"
11748,3265,"Lower Aire"
11749,3265,"Lower Aire"
11750,3307,"Middle Aire"
11751,3265,"Lower Aire"
11752,3307,"Middle Aire"
11753,3307,"Middle Aire"
11754,3265,"Lower Aire"
11755,3307,"Middle Aire"
11756,3307,"Middle Aire"
11757,3307,"Middle Aire"
11758,3265,"Lower Aire"
11759,3307,"Middle Aire"
11760,3307,"Middle Aire"
11761,3265,"Lower Aire"
11762,3307,"Middle Aire"
11763,3307,"Middle Aire"
11764,3265,"Lower Aire"
11765,3265,"Lower Aire"
11766,3265,"Lower Aire"
11767,3265,"Lower Aire"
11768,3307,"Middle Aire"
11769,3307,"Middle Aire"
11770,3307,"Middle Aire"
11771,3265,"Lower Aire"
11772,3307,"Middle Aire"
11773,3307,"Middle Aire"
11774,3265,"Lower Aire"
11775,3265,"Lower Aire"
11776,3307,"Middle Aire"
11777,3307,"Middle Aire"
11778,3307,"Middle Aire"
11779,3307,"Middle Aire"
11780,3307,"Middle Aire"
11781,3307,"Middle Aire"
11782,3307,"Middle Aire"
11783,3307,"Middle Aire"
11784,3307,"Middle Aire"
11785,3265,"Lower Aire"
11786,3265,"Lower Aire"
11787,3265,"Lower Aire"
11788,3265,"Lower Aire"
11789,3307,"Middle Aire"
11790,3265,"Lower Aire"
11791,3265,"Lower Aire"
11792,3307,"Middle Aire"
11793,3307,"Middle Aire"
11794,3307,"Middle Aire"
11795,3265,"Lower Aire"
11796,3307,"Middle Aire"
11797,3265,"Lower Aire"
11798,3265,"Lower Aire"
11799,3307,"Middle Aire"
11800,3307,"Middle Aire"
11801,3307,"Middle Aire"
11802,3307,"Middle Aire"
11803,3265,"Lower Aire"
11804,3265,"Lower Aire"
11805,3307,"Middle Aire"
11806,3265,"Lower Aire"
11807,3307,"Middle Aire"
11808,3265,"Lower Aire"
11809,3265,"Lower Aire"
11810,3265,"Lower Aire"
11811,3307,"Middle Aire"
11812,3265,"Lower Aire"
11813,3307,"Middle Aire"
11814,3307,"Middle Aire"
11815,3265,"Lower Aire"
11816,3265,"Lower Aire"
11817,3265,"Lower Aire"
11818,3265,"Lower Aire"
11819,3307,"Middle Aire"
11820,3307,"Middle Aire"
11821,3307,"Middle Aire"
11822,3307,"Middle Aire"
11823,3307,"Middle Aire"
11824,3307,"Middle Aire"
11825,3307,"Middle Aire"
11826,3307,"Middle Aire"
11827,3307,"Middle Aire"
11828,3265,"Lower Aire"
11829,3265,"Lower Aire"
11830,3265,"Lower Aire"
11831,3307,"Middle Aire"
11832,3307,"Middle Aire"
11833,3265,"Lower Aire"
11834,3307,"Middle Aire"
11835,3307,"Middle Aire"
11836,3265,"Lower Aire"
11837,3265,"Lower Aire"
11838,3265,"Lower Aire"
11839,3265,"Lower Aire"
11840,3265,"Lower Aire"
11841,3265,"Lower Aire"
11842,3307,"Middle Aire"
11843,3307,"Middle Aire"
11844,3265,"Lower Aire"
11845,3307,"Middle Aire"
11846,3307,"Middle Aire"
11847,3265,"Lower Aire"
11848,3307,"Middle Aire"
11849,3307,"Middle Aire"
11850,3265,"Lower Aire"
11851,3307,"Middle Aire"
11852,3265,"Lower Aire"
11853,3265,"Lower Aire"
11854,3265,"Lower Aire"
11855,3265,"Lower Aire"
11856,3307,"Middle Aire"
11857,3265,"Lower Aire"
11858,3307,"Middle Aire"
11859,3307,"Middle Aire"
11860,3265,"Lower Aire"
11861,3307,"Middle Aire"
11862,3307,"Middle Aire"
11863,3307,"Middle Aire"
11864,3265,"Lower Aire"
11865,3265,"Lower Aire"
11866,3265,"Lower Aire"
11867,3307,"Middle Aire"
11868,3265,"Lower Aire"
11869,3307,"Middle Aire"
11870,3265,"Lower Aire"
11871,3307,"Middle Aire"
11872,3265,"Lower Aire"
11873,3307,"Middle Aire"
11874,3265,"Lower Aire"
11875,3307,"Middle Aire"
11876,3307,"Middle Aire"
11877,3265,"Lower Aire"
11878,3307,"Middle Aire"
11879,3307,"Middle Aire"
11880,3265,"Lower Aire"
11881,3265,"Lower Aire"
11882,3265,"Lower Aire"
11883,3265,"Lower Aire"
11884,3307,"Middle Aire"
11885,3307,"Middle Aire"
11886,3265,"Lower Aire"
11887,3265,"Lower Aire"
11888,3487,"Upper Calder"
11889,3307,"Middle Aire"
11890,3265,"Lower Aire"
11891,3265,"Lower Aire"
11892,3307,"Middle Aire"
11893,3265,"Lower Aire"
11894,3307,"Middle Aire"
11895,3307,"Middle Aire"
11896,3265,"Lower Aire"
11897,3307,"Middle Aire"
11898,3265,"Lower Aire"
11899,3307,"Middle Aire"
11900,3307,"Middle Aire"
11901,3265,"Lower Aire"
11902,3265,"Lower Aire"
11903,3265,"Lower Aire"
11904,3307,"Middle Aire"
11905,3307,"Middle Aire"
11906,3307,"Middle Aire"
11907,3307,"Middle Aire"
11908,3265,"Lower Aire"
11909,3265,"Lower Aire"
11910,3487,"Upper Calder"
11911,3265,"Lower Aire"
11912,3265,"Lower Aire"
11913,3265,"Lower Aire"
11914,3265,"Lower Aire"
11915,3265,"Lower Aire"
11916,3265,"Lower Aire"
11917,3307,"Middle Aire"
11918,3307,"Middle Aire"
11919,3307,"Middle Aire"
11920,3307,"Middle Aire"
11921,3487,"Upper Calder"
11922,3265,"Lower Aire"
11923,3307,"Middle Aire"
11924,3307,"Middle Aire"
11925,3265,"Lower Aire"
11926,3307,"Middle Aire"
11927,3265,"Lower Aire"
11928,3307,"Middle Aire"
11929,3307,"Middle Aire"
11930,3265,"Lower Aire"
11931,3307,"Middle Aire"
11932,3265,"Lower Aire"
11933,3307,"Middle Aire"
11934,3265,"Lower Aire"
11935,3265,"Lower Aire"
11936,3307,"Middle Aire"
11937,3307,"Middle Aire"
11938,3307,"Middle Aire"
11939,3307,"Middle Aire"
11940,3487,"Upper Calder"
11941,3265,"Lower Aire"
11942,3307,"Middle Aire"
11943,3307,"Middle Aire"
11944,3307,"Middle Aire"
11945,3265,"Lower Aire"
11946,3307,"Middle Aire"
11947,3307,"Middle Aire"
11948,3487,"Upper Calder"
11949,3265,"Lower Aire"
11950,3307,"Middle Aire"
11951,3265,"Lower Aire"
11952,3307,"Middle Aire"
11953,3265,"Lower Aire"
11954,3265,"Lower Aire"
11955,3307,"Middle Aire"
11956,3307,"Middle Aire"
11957,3265,"Lower Aire"
11958,3307,"Middle Aire"
11959,3307,"Middle Aire"
11960,3265,"Lower Aire"
11961,3265,"Lower Aire"
11962,3265,"Lower Aire"
11963,3265,"Lower Aire"
11964,3265,"Lower Aire"
11965,3265,"Lower Aire"
11966,3307,"Middle Aire"
11967,3307,"Middle Aire"
11968,3487,"Upper Calder"
11969,3307,"Middle Aire"
11970,3307,"Middle Aire"
11971,3265,"Lower Aire"
11972,3307,"Middle Aire"
11973,3265,"Lower Aire"
11974,3307,"Middle Aire"
11975,3265,"Lower Aire"
11976,3265,"Lower Aire"
11977,3307,"Middle Aire"
11978,3307,"Middle Aire"
11979,3307,"Middle Aire"
11980,3265,"Lower Aire"
11981,3307,"Middle Aire"
11982,3307,"Middle Aire"
11983,3265,"Lower Aire"
11984,3265,"Lower Aire"
11985,3265,"Lower Aire"
11986,3265,"Lower Aire"
11987,3265,"Lower Aire"
11988,3265,"Lower Aire"
11989,3307,"Middle Aire"
11990,3307,"Middle Aire"
11991,3307,"Middle Aire"
11992,3265,"Lower Aire"
11993,3265,"Lower Aire"
11994,3265,"Lower Aire"
11995,3487,"Upper Calder"
11996,3307,"Middle Aire"
11997,3265,"Lower Aire"
11998,3307,"Middle Aire"
11999,3307,"Middle Aire"
12000,3265,"Lower Aire"
12001,3307,"Middle Aire"
12002,3487,"Upper Calder"
12003,3307,"Middle Aire"
12004,3487,"Upper Calder"
12005,3307,"Middle Aire"
12006,3487,"Upper Calder"
12007,3265,"Lower Aire"
12008,3487,"Upper Calder"
12009,3307,"Middle Aire"
12010,3307,"Middle Aire"
12011,3265,"Lower Aire"
12012,3307,"Middle Aire"
12013,3487,"Upper Calder"
12014,3265,"Lower Aire"
12015,3487,"Upper Calder"
12016,3265,"Lower Aire"
12017,3265,"Lower Aire"
12018,3307,"Middle Aire"
12019,3287,"Lower Wharfe"
12020,3307,"Middle Aire"
12021,3265,"Lower Aire"
12022,3265,"Lower Aire"
12023,3307,"Middle Aire"
12024,3265,"Lower Aire"
12025,3265,"Lower Aire"
12026,3265,"Lower Aire"
12027,3265,"Lower Aire"
12028,3265,"Lower Aire"
12029,3265,"Lower Aire"
12030,3307,"Middle Aire"
12031,3265,"Lower Aire"
12032,3307,"Middle Aire"
12033,3307,"Middle Aire"
12034,3307,"Middle Aire"
12035,3265,"Lower Aire"
12036,3265,"Lower Aire"
12037,3265,"Lower Aire"
12038,3265,"Lower Aire"
12039,3307,"Middle Aire"
12040,3487,"Upper Calder"
12041,3265,"Lower Aire"
12042,3265,"Lower Aire"
12043,3265,"Lower Aire"
12044,3265,"Lower Aire"
12045,3307,"Middle Aire"
12046,3487,"Upper Calder"
12047,3265,"Lower Aire"
12048,3487,"Upper Calder"
12049,3307,"Middle Aire"
12050,3307,"Middle Aire"
12051,3265,"Lower Aire"
12052,3265,"Lower Aire"
12053,3265,"Lower Aire"
12054,3265,"Lower Aire"
12055,3307,"Middle Aire"
12056,3265,"Lower Aire"
12057,3307,"Middle Aire"
12058,3307,"Middle Aire"
12059,3307,"Middle Aire"
12060,3265,"Lower Aire"
12061,3487,"Upper Calder"
12062,3265,"Lower Aire"
12063,3487,"Upper Calder"
12064,3487,"Upper Calder"
12065,3487,"Upper Calder"
12066,3307,"Middle Aire"
12067,3307,"Middle Aire"
12068,3307,"Middle Aire"
12069,3265,"Lower Aire"
12070,3307,"Middle Aire"
12071,3307,"Middle Aire"
12072,3307,"Middle Aire"
12073,3307,"Middle Aire"
12074,3307,"Middle Aire"
12075,3487,"Upper Calder"
12076,3307,"Middle Aire"
12077,3487,"Upper Calder"
12078,3265,"Lower Aire"
12079,3487,"Upper Calder"
12080,3265,"Lower Aire"
12081,3307,"Middle Aire"
12082,3265,"Lower Aire"
12083,3307,"Middle Aire"
12084,3307,"Middle Aire"
12085,3307,"Middle Aire"
12086,3265,"Lower Aire"
12087,3487,"Upper Calder"
12088,3307,"Middle Aire"
12089,3307,"Middle Aire"
12090,3265,"Lower Aire"
12091,3265,"Lower Aire"
12092,3307,"Middle Aire"
12093,3307,"Middle Aire"
12094,3265,"Lower Aire"
12095,3307,"Middle Aire"
12096,3307,"Middle Aire"
12097,3487,"Upper Calder"
12098,3265,"Lower Aire"
12099,3307,"Middle Aire"
12100,3265,"Lower Aire"
12101,3307,"Middle Aire"
12102,3265,"Lower Aire"
12103,3265,"Lower Aire"
12104,3265,"Lower Aire"
12105,3265,"Lower Aire"
12106,3307,"Middle Aire"
12107,3307,"Middle Aire"
12108,3265,"Lower Aire"
12109,3265,"Lower Aire"
12110,3265,"Lower Aire"
12111,3307,"Middle Aire"
12112,3487,"Upper Calder"
12113,3265,"Lower Aire"
12114,3307,"Middle Aire"
12115,3307,"Middle Aire"
12116,3265,"Lower Aire"
12117,3307,"Middle Aire"
12118,3307,"Middle Aire"
12119,3307,"Middle Aire"
12120,3265,"Lower Aire"
12121,3265,"Lower Aire"
12122,3487,"Upper Calder"
12123,3307,"Middle Aire"
12124,3265,"Lower Aire"
12125,3265,"Lower Aire"
12126,3307,"Middle Aire"
12127,3307,"Middle Aire"
12128,3265,"Lower Aire"
12129,3265,"Lower Aire"
12130,3265,"Lower Aire"
12131,3307,"Middle Aire"
12132,3487,"Upper Calder"
12133,3265,"Lower Aire"
12134,3265,"Lower Aire"
12135,3307,"Middle Aire"
12136,3265,"Lower Aire"
12137,3307,"Middle Aire"
12138,3307,"Middle Aire"
12139,3307,"Middle Aire"
12140,3265,"Lower Aire"
12141,3265,"Lower Aire"
12142,3307,"Middle Aire"
12143,3265,"Lower Aire"
12144,3307,"Middle Aire"
12145,3265,"Lower Aire"
12146,3487,"Upper Calder"
12147,3307,"Middle Aire"
12148,3265,"Lower Aire"
12149,3265,"Lower Aire"
12150,3265,"Lower Aire"
12151,3487,"Upper Calder"
12152,3265,"Lower Aire"
12153,3265,"Lower Aire"
12154,3307,"Middle Aire"
12155,3487,"Upper Calder"
12156,3307,"Middle Aire"
12157,3487,"Upper Calder"
12158,3307,"Middle Aire"
12159,3307,"Middle Aire"
12160,3487,"Upper Calder"
12161,3265,"Lower Aire"
12162,3265,"Lower Aire"
12163,3307,"Middle Aire"
12164,3307,"Middle Aire"
12165,3307,"Middle Aire"
12166,3265,"Lower Aire"
12167,3265,"Lower Aire"
12168,3307,"Middle Aire"
12169,3265,"Lower Aire"
12170,3487,"Upper Calder"
12171,3265,"Lower Aire"
12172,3265,"Lower Aire"
12173,3307,"Middle Aire"
12174,3265,"Lower Aire"
12175,3265,"Lower Aire"
12176,3265,"Lower Aire"
12177,3307,"Middle Aire"
12178,3487,"Upper Calder"
12179,3487,"Upper Calder"
12180,3307,"Middle Aire"
12181,3265,"Lower Aire"
12182,3265,"Lower Aire"
12183,3265,"Lower Aire"
12184,3265,"Lower Aire"
12185,3265,"Lower Aire"
12186,3265,"Lower Aire"
12187,3265,"Lower Aire"
12188,3265,"Lower Aire"
12189,3487,"Upper Calder"
12190,3307,"Middle Aire"
12191,3307,"Middle Aire"
12192,3487,"Upper Calder"
12193,3265,"Lower Aire"
12194,3307,"Middle Aire"
12195,3307,"Middle Aire"
12196,3265,"Lower Aire"
12197,3265,"Lower Aire"
12198,3307,"Middle Aire"
12199,3487,"Upper Calder"
12200,3487,"Upper Calder"
12201,3265,"Lower Aire"
12202,3307,"Middle Aire"
12203,3307,"Middle Aire"
12204,3487,"Upper Calder"
12205,3265,"Lower Aire"
12206,3307,"Middle Aire"
12207,3307,"Middle Aire"
12208,3307,"Middle Aire"
12209,3307,"Middle Aire"
12210,3265,"Lower Aire"
12211,3265,"Lower Aire"
12212,3265,"Lower Aire"
12213,3307,"Middle Aire"
12214,3487,"Upper Calder"
12215,3307,"Middle Aire"
12216,3265,"Lower Aire"
12217,3265,"Lower Aire"
12218,3265,"Lower Aire"
12219,3265,"Lower Aire"
12220,3307,"Middle Aire"
12221,3265,"Lower Aire"
12222,3487,"Upper Calder"
12223,3265,"Lower Aire"
12224,3307,"Middle Aire"
12225,3307,"Middle Aire"
12226,3307,"Middle Aire"
12227,3307,"Middle Aire"
12228,3307,"Middle Aire"
12229,3307,"Middle Aire"
12230,3487,"Upper Calder"
12231,3265,"Lower Aire"
12232,3310,"Middle Calder"
12233,3310,"Middle Calder"
12234,3310,"Middle Calder"
12235,3265,"Lower Aire"
12236,3307,"Middle Aire"
12237,3265,"Lower Aire"
12238,3265,"Lower Aire"
12239,3265,"Lower Aire"
12240,3265,"Lower Aire"
12241,3265,"Lower Aire"
12242,3487,"Upper Calder"
12243,3265,"Lower Aire"
12244,3307,"Middle Aire"
12245,3265,"Lower Aire"
12246,3265,"Lower Aire"
12247,3265,"Lower Aire"
12248,3265,"Lower Aire"
12249,3265,"Lower Aire"
12250,3265,"Lower Aire"
12251,3265,"Lower Aire"
12252,3307,"Middle Aire"
12253,3310,"Middle Calder"
12254,3487,"Upper Calder"
12255,3307,"Middle Aire"
12256,3307,"Middle Aire"
12257,3307,"Middle Aire"
12258,3307,"Middle Aire"
12259,3307,"Middle Aire"
12260,3265,"Lower Aire"
12261,3265,"Lower Aire"
12262,3265,"Lower Aire"
12263,3265,"Lower Aire"
12264,3307,"Middle Aire"
12265,3265,"Lower Aire"
12266,3487,"Upper Calder"
12267,3487,"Upper Calder"
12268,3307,"Middle Aire"
12269,3487,"Upper Calder"
12270,3265,"Lower Aire"
12271,3307,"Middle Aire"
12272,3265,"Lower Aire"
12273,3265,"Lower Aire"
12274,3265,"Lower Aire"
12275,3265,"Lower Aire"
12276,3265,"Lower Aire"
12277,3265,"Lower Aire"
12278,3265,"Lower Aire"
12279,3265,"Lower Aire"
12280,3307,"Middle Aire"
12281,3265,"Lower Aire"
12282,3265,"Lower Aire"
12283,3310,"Middle Calder"
12284,3487,"Upper Calder"
12285,3265,"Lower Aire"
12286,3487,"Upper Calder"
12287,3265,"Lower Aire"
12288,3265,"Lower Aire"
12289,3265,"Lower Aire"
12290,3487,"Upper Calder"
12291,3487,"Upper Calder"
12292,3307,"Middle Aire"
12293,3265,"Lower Aire"
12294,3487,"Upper Calder"
12295,3487,"Upper Calder"
12296,3310,"Middle Calder"
12297,3487,"Upper Calder"
12298,3487,"Upper Calder"
12299,3265,"Lower Aire"
12300,3265,"Lower Aire"
12301,3265,"Lower Aire"
12302,3265,"Lower Aire"
12303,3487,"Upper Calder"
12304,3487,"Upper Calder"
12305,3487,"Upper Calder"
12306,3487,"Upper Calder"
12307,3265,"Lower Aire"
12308,3487,"Upper Calder"
12309,3487,"Upper Calder"
12310,3265,"Lower Aire"
12311,3310,"Middle Calder"
12312,3265,"Lower Aire"
12313,3265,"Lower Aire"
12314,3487,"Upper Calder"
12315,3265,"Lower Aire"
12316,3487,"Upper Calder"
12317,3265,"Lower Aire"
12318,3487,"Upper Calder"
12319,3307,"Middle Aire"
12320,3265,"Lower Aire"
12321,3265,"Lower Aire"
12322,3307,"Middle Aire"
12323,3265,"Lower Aire"
12324,3265,"Lower Aire"
12325,3310,"Middle Calder"
12326,3265,"Lower Aire"
12327,3265,"Lower Aire"
12328,3487,"Upper Calder"
12329,3265,"Lower Aire"
12330,3307,"Middle Aire"
12331,3310,"Middle Calder"
12332,3265,"Lower Aire"
12333,3265,"Lower Aire"
12334,3265,"Lower Aire"
12335,3265,"Lower Aire"
12336,3310,"Middle Calder"
12337,3307,"Middle Aire"
12338,3265,"Lower Aire"
12339,3310,"Middle Calder"
12340,3307,"Middle Aire"
12341,3310,"Middle Calder"
12342,3265,"Lower Aire"
12343,3265,"Lower Aire"
12344,3487,"Upper Calder"
12345,3265,"Lower Aire"
12346,3265,"Lower Aire"
12347,3265,"Lower Aire"
12348,3487,"Upper Calder"
12349,3310,"Middle Calder"
12350,3487,"Upper Calder"
12351,3265,"Lower Aire"
12352,3265,"Lower Aire"
12353,3265,"Lower Aire"
12354,3265,"Lower Aire"
12355,3265,"Lower Aire"
12356,3487,"Upper Calder"
12357,3265,"Lower Aire"
12358,3265,"Lower Aire"
12359,3310,"Middle Calder"
12360,3265,"Lower Aire"
12361,3265,"Lower Aire"
12362,3310,"Middle Calder"
12363,3487,"Upper Calder"
12364,3310,"Middle Calder"
12365,3265,"Lower Aire"
12366,3265,"Lower Aire"
12367,3265,"Lower Aire"
12368,3265,"Lower Aire"
12369,3265,"Lower Aire"
12370,3487,"Upper Calder"
12371,3487,"Upper Calder"
12372,3265,"Lower Aire"
12373,3265,"Lower Aire"
12374,3265,"Lower Aire"
12375,3310,"Middle Calder"
12376,3310,"Middle Calder"
12377,3265,"Lower Aire"
12378,3265,"Lower Aire"
12379,3487,"Upper Calder"
12380,3310,"Middle Calder"
12381,3265,"Lower Aire"
12382,3265,"Lower Aire"
12383,3265,"Lower Aire"
12384,3265,"Lower Aire"
12385,3265,"Lower Aire"
12386,3265,"Lower Aire"
12387,3265,"Lower Aire"
12388,3265,"Lower Aire"
12389,3487,"Upper Calder"
12390,3265,"Lower Aire"
12391,3265,"Lower Aire"
12392,3265,"Lower Aire"
12393,3265,"Lower Aire"
12394,3265,"Lower Aire"
12395,3265,"Lower Aire"
12396,3265,"Lower Aire"
12397,3310,"Middle Calder"
12398,3265,"Lower Aire"
12399,3265,"Lower Aire"
12400,3265,"Lower Aire"
12401,3265,"Lower Aire"
12402,3265,"Lower Aire"
12403,3265,"Lower Aire"
12404,3265,"Lower Aire"
12405,3265,"Lower Aire"
12406,3265,"Lower Aire"
12407,3310,"Middle Calder"
12408,3265,"Lower Aire"
12409,3265,"Lower Aire"
12410,3487,"Upper Calder"
12411,3310,"Middle Calder"
12412,3310,"Middle Calder"
12413,3265,"Lower Aire"
12414,3487,"Upper Calder"
12415,3265,"Lower Aire"
12416,3265,"Lower Aire"
12417,3265,"Lower Aire"
12418,3265,"Lower Aire"
12419,3310,"Middle Calder"
12420,3265,"Lower Aire"
12421,3265,"Lower Aire"
12422,3265,"Lower Aire"
12423,3265,"Lower Aire"
12424,3265,"Lower Aire"
12425,3265,"Lower Aire"
12426,3310,"Middle Calder"
12427,3310,"Middle Calder"
12428,3487,"Upper Calder"
12429,3310,"Middle Calder"
12430,3268,"Lower Calder"
12431,3310,"Middle Calder"
12432,3310,"Middle Calder"
12433,3265,"Lower Aire"
12434,3265,"Lower Aire"
12435,3268,"Lower Calder"
12436,3487,"Upper Calder"
12437,3310,"Middle Calder"
12438,3310,"Middle Calder"
12439,3310,"Middle Calder"
12440,3487,"Upper Calder"
12441,3310,"Middle Calder"
12442,3310,"Middle Calder"
12443,3265,"Lower Aire"
12444,3265,"Lower Aire"
12445,3310,"Middle Calder"
12446,3310,"Middle Calder"
12447,3487,"Upper Calder"
12448,3265,"Lower Aire"
12449,3487,"Upper Calder"
12450,3265,"Lower Aire"
12451,3265,"Lower Aire"
12452,3310,"Middle Calder"
12453,3265,"Lower Aire"
12454,3268,"Lower Calder"
12455,3265,"Lower Aire"
12456,3265,"Lower Aire"
12457,3487,"Upper Calder"
12458,3265,"Lower Aire"
12459,3265,"Lower Aire"
12460,3487,"Upper Calder"
12461,3487,"Upper Calder"
12462,3265,"Lower Aire"
12463,3265,"Lower Aire"
12464,3265,"Lower Aire"
12465,3265,"Lower Aire"
12466,3265,"Lower Aire"
12467,3310,"Middle Calder"
12468,3265,"Lower Aire"
12469,3265,"Lower Aire"
12470,3487,"Upper Calder"
12471,3265,"Lower Aire"
12472,3487,"Upper Calder"
12473,3310,"Middle Calder"
12474,3265,"Lower Aire"
12475,3487,"Upper Calder"
12476,3265,"Lower Aire"
12477,3265,"Lower Aire"
12478,3265,"Lower Aire"
12479,3265,"Lower Aire"
12480,3265,"Lower Aire"
12481,3310,"Middle Calder"
12482,3265,"Lower Aire"
12483,3265,"Lower Aire"
12484,3310,"Middle Calder"
12485,3487,"Upper Calder"
12486,3487,"Upper Calder"
12487,3487,"Upper Calder"
12488,3268,"Lower Calder"
12489,3265,"Lower Aire"
12490,3310,"Middle Calder"
12491,3265,"Lower Aire"
12492,3310,"Middle Calder"
12493,3310,"Middle Calder"
12494,3265,"Lower Aire"
12495,3265,"Lower Aire"
12496,3268,"Lower Calder"
12497,3487,"Upper Calder"
12498,3265,"Lower Aire"
12499,3310,"Middle Calder"
12500,3268,"Lower Calder"
12501,3487,"Upper Calder"
12502,3487,"Upper Calder"
12503,3268,"Lower Calder"
12504,3265,"Lower Aire"
12505,3310,"Middle Calder"
12506,3265,"Lower Aire"
12507,3268,"Lower Calder"
12508,3310,"Middle Calder"
12509,3265,"Lower Aire"
12510,3265,"Lower Aire"
12511,3487,"Upper Calder"
12512,3310,"Middle Calder"
12513,3265,"Lower Aire"
12514,3487,"Upper Calder"
12515,3310,"Middle Calder"
12516,3487,"Upper Calder"
12517,3265,"Lower Aire"
12518,3487,"Upper Calder"
12519,3265,"Lower Aire"
12520,3265,"Lower Aire"
12521,3310,"Middle Calder"
12522,3265,"Lower Aire"
12523,3265,"Lower Aire"
12524,3265,"Lower Aire"
12525,3310,"Middle Calder"
12526,3265,"Lower Aire"
12527,3487,"Upper Calder"
12528,3265,"Lower Aire"
12529,3265,"Lower Aire"
12530,3310,"Middle Calder"
12531,3265,"Lower Aire"
12532,3265,"Lower Aire"
12533,3268,"Lower Calder"
12534,3487,"Upper Calder"
12535,3310,"Middle Calder"
12536,3310,"Middle Calder"
12537,3487,"Upper Calder"
12538,3265,"Lower Aire"
12539,3310,"Middle Calder"
12540,3265,"Lower Aire"
12541,3268,"Lower Calder"
12542,3265,"Lower Aire"
12543,3487,"Upper Calder"
12544,3265,"Lower Aire"
12545,3265,"Lower Aire"
12546,3268,"Lower Calder"
12547,3265,"Lower Aire"
12548,3265,"Lower Aire"
12549,3310,"Middle Calder"
12550,3265,"Lower Aire"
12551,3310,"Middle Calder"
12552,3310,"Middle Calder"
12553,3265,"Lower Aire"
12554,3310,"Middle Calder"
12555,3310,"Middle Calder"
12556,3265,"Lower Aire"
12557,3265,"Lower Aire"
12558,3265,"Lower Aire"
12559,3268,"Lower Calder"
12560,3265,"Lower Aire"
12561,3265,"Lower Aire"
12562,3487,"Upper Calder"
12563,3268,"Lower Calder"
12564,3265,"Lower Aire"
12565,3265,"Lower Aire"
12566,3310,"Middle Calder"
12567,3265,"Lower Aire"
12568,3265,"Lower Aire"
12569,3268,"Lower Calder"
12570,3265,"Lower Aire"
12571,3487,"Upper Calder"
12572,3265,"Lower Aire"
12573,3310,"Middle Calder"
12574,3265,"Lower Aire"
12575,3265,"Lower Aire"
12576,3265,"Lower Aire"
12577,3310,"Middle Calder"
12578,3265,"Lower Aire"
12579,3265,"Lower Aire"
12580,3268,"Lower Calder"
12581,3265,"Lower Aire"
12582,3268,"Lower Calder"
12583,3310,"Middle Calder"
12584,3265,"Lower Aire"
12585,3265,"Lower Aire"
12586,3310,"Middle Calder"
12587,3487,"Upper Calder"
12588,3265,"Lower Aire"
12589,3310,"Middle Calder"
12590,3310,"Middle Calder"
12591,3265,"Lower Aire"
12592,3487,"Upper Calder"
12593,3310,"Middle Calder"
12594,3265,"Lower Aire"
12595,3265,"Lower Aire"
12596,3265,"Lower Aire"
12597,3487,"Upper Calder"
12598,3268,"Lower Calder"
12599,3487,"Upper Calder"
12600,3487,"Upper Calder"
12601,3265,"Lower Aire"
12602,3487,"Upper Calder"
12603,3310,"Middle Calder"
12604,3265,"Lower Aire"
12605,3268,"Lower Calder"
12606,3265,"Lower Aire"
12607,3487,"Upper Calder"
12608,3265,"Lower Aire"
12609,3265,"Lower Aire"
12610,3310,"Middle Calder"
12611,3265,"Lower Aire"
12612,3268,"Lower Calder"
12613,3268,"Lower Calder"
12614,3487,"Upper Calder"
12615,3265,"Lower Aire"
12616,3265,"Lower Aire"
12617,3487,"Upper Calder"
12618,3268,"Lower Calder"
12619,3265,"Lower Aire"
12620,3310,"Middle Calder"
12621,3310,"Middle Calder"
12622,3310,"Middle Calder"
12623,3310,"Middle Calder"
12624,3265,"Lower Aire"
12625,3310,"Middle Calder"
12626,3265,"Lower Aire"
12627,3268,"Lower Calder"
12628,3265,"Lower Aire"
12629,3487,"Upper Calder"
12630,3310,"Middle Calder"
12631,3487,"Upper Calder"
12632,3265,"Lower Aire"
12633,3310,"Middle Calder"
12634,3487,"Upper Calder"
12635,3268,"Lower Calder"
12636,3268,"Lower Calder"
12637,3268,"Lower Calder"
12638,3268,"Lower Calder"
12639,3268,"Lower Calder"
12640,3265,"Lower Aire"
12641,3268,"Lower Calder"
12642,3310,"Middle Calder"
12643,3265,"Lower Aire"
12644,3265,"Lower Aire"
12645,3487,"Upper Calder"
12646,3265,"Lower Aire"
12647,3265,"Lower Aire"
12648,3265,"Lower Aire"
12649,3265,"Lower Aire"
12650,3310,"Middle Calder"
12651,3310,"Middle Calder"
12652,3310,"Middle Calder"
12653,3265,"Lower Aire"
12654,3487,"Upper Calder"
12655,3310,"Middle Calder"
12656,3265,"Lower Aire"
12657,3487,"Upper Calder"
12658,3268,"Lower Calder"
12659,3268,"Lower Calder"
12660,3265,"Lower Aire"
12661,3265,"Lower Aire"
12662,3265,"Lower Aire"
12663,3265,"Lower Aire"
12664,3487,"Upper Calder"
12665,3310,"Middle Calder"
12666,3265,"Lower Aire"
12667,3268,"Lower Calder"
12668,3265,"Lower Aire"
12669,3487,"Upper Calder"
12670,3265,"Lower Aire"
12671,3265,"Lower Aire"
12672,3265,"Lower Aire"
12673,3265,"Lower Aire"
12674,3487,"Upper Calder"
12675,3265,"Lower Aire"
12676,3265,"Lower Aire"
12677,3265,"Lower Aire"
12678,3268,"Lower Calder"
12679,3310,"Middle Calder"
12680,3265,"Lower Aire"
12681,3268,"Lower Calder"
12682,3265,"Lower Aire"
12683,3487,"Upper Calder"
12684,3487,"Upper Calder"
12685,3310,"Middle Calder"
12686,3265,"Lower Aire"
12687,3265,"Lower Aire"
12688,3265,"Lower Aire"
12689,3310,"Middle Calder"
12690,3265,"Lower Aire"
12691,3268,"Lower Calder"
12692,3310,"Middle Calder"
12693,3265,"Lower Aire"
12694,3265,"Lower Aire"
12695,3265,"Lower Aire"
12696,3487,"Upper Calder"
12697,3265,"Lower Aire"
12698,3265,"Lower Aire"
12699,3265,"Lower Aire"
12700,3268,"Lower Calder"
12701,3265,"Lower Aire"
12702,3265,"Lower Aire"
12703,3265,"Lower Aire"
12704,3265,"Lower Aire"
12705,3265,"Lower Aire"
12706,3265,"Lower Aire"
12707,3265,"Lower Aire"
12708,3265,"Lower Aire"
12709,3310,"Middle Calder"
12710,3487,"Upper Calder"
12711,3310,"Middle Calder"
12712,3265,"Lower Aire"
12713,3310,"Middle Calder"
12714,3265,"Lower Aire"
12715,3487,"Upper Calder"
12716,3265,"Lower Aire"
12717,3265,"Lower Aire"
12718,3310,"Middle Calder"
12719,3268,"Lower Calder"
12720,3265,"Lower Aire"
12721,3487,"Upper Calder"
12722,3310,"Middle Calder"
12723,3265,"Lower Aire"
12724,3487,"Upper Calder"
12725,3268,"Lower Calder"
12726,3268,"Lower Calder"
12727,3265,"Lower Aire"
12728,3265,"Lower Aire"
12729,3487,"Upper Calder"
12730,3310,"Middle Calder"
12731,3265,"Lower Aire"
12732,3487,"Upper Calder"
12733,3265,"Lower Aire"
12734,3265,"Lower Aire"
12735,3265,"Lower Aire"
12736,3265,"Lower Aire"
12737,3265,"Lower Aire"
12738,3487,"Upper Calder"
12739,3487,"Upper Calder"
12740,3487,"Upper Calder"
12741,3310,"Middle Calder"
12742,3268,"Lower Calder"
12743,3268,"Lower Calder"
12744,3268,"Lower Calder"
12745,3265,"Lower Aire"
12746,3265,"Lower Aire"
12747,3310,"Middle Calder"
12748,3265,"Lower Aire"
12749,3310,"Middle Calder"
12750,3310,"Middle Calder"
12751,3268,"Lower Calder"
12752,3265,"Lower Aire"
12753,3310,"Middle Calder"
12754,3487,"Upper Calder"
12755,3268,"Lower Calder"
12756,3487,"Upper Calder"
12757,3310,"Middle Calder"
12758,3487,"Upper Calder"
12759,3268,"Lower Calder"
12760,3310,"Middle Calder"
12761,3487,"Upper Calder"
12762,3268,"Lower Calder"
12763,3310,"Middle Calder"
12764,3310,"Middle Calder"
12765,3268,"Lower Calder"
12766,3265,"Lower Aire"
12767,3310,"Middle Calder"
12768,3310,"Middle Calder"
12769,3265,"Lower Aire"
12770,3487,"Upper Calder"
12771,3487,"Upper Calder"
12772,3487,"Upper Calder"
12773,3265,"Lower Aire"
12774,3265,"Lower Aire"
12775,3265,"Lower Aire"
12776,3265,"Lower Aire"
12777,3487,"Upper Calder"
12778,3265,"Lower Aire"
12779,3265,"Lower Aire"
12780,3487,"Upper Calder"
12781,3268,"Lower Calder"
12782,3265,"Lower Aire"
12783,3487,"Upper Calder"
12784,3310,"Middle Calder"
12785,3310,"Middle Calder"
12786,3268,"Lower Calder"
12787,3265,"Lower Aire"
12788,3310,"Middle Calder"
12789,3310,"Middle Calder"
12790,3265,"Lower Aire"
12791,3265,"Lower Aire"
12792,3268,"Lower Calder"
12793,3265,"Lower Aire"
12794,3487,"Upper Calder"
12795,3310,"Middle Calder"
12796,3310,"Middle Calder"
12797,3268,"Lower Calder"
12798,3310,"Middle Calder"
12799,3487,"Upper Calder"
12800,3268,"Lower Calder"
12801,3487,"Upper Calder"
12802,3487,"Upper Calder"
12803,3265,"Lower Aire"
12804,3268,"Lower Calder"
12805,3268,"Lower Calder"
12806,3487,"Upper Calder"
12807,3268,"Lower Calder"
12808,3265,"Lower Aire"
12809,3268,"Lower Calder"
12810,3265,"Lower Aire"
12811,3265,"Lower Aire"
12812,3265,"Lower Aire"
12813,3310,"Middle Calder"
12814,3268,"Lower Calder"
12815,3268,"Lower Calder"
12816,3268,"Lower Calder"
12817,3487,"Upper Calder"
12818,3310,"Middle Calder"
12819,3265,"Lower Aire"
12820,3265,"Lower Aire"
12821,3265,"Lower Aire"
12822,3265,"Lower Aire"
12823,3310,"Middle Calder"
12824,3265,"Lower Aire"
12825,3310,"Middle Calder"
12826,3265,"Lower Aire"
12827,3265,"Lower Aire"
12828,3310,"Middle Calder"
12829,3310,"Middle Calder"
12830,3265,"Lower Aire"
12831,3487,"Upper Calder"
12832,3268,"Lower Calder"
12833,3265,"Lower Aire"
12834,3265,"Lower Aire"
12835,3265,"Lower Aire"
12836,3487,"Upper Calder"
12837,3268,"Lower Calder"
12838,3265,"Lower Aire"
12839,3265,"Lower Aire"
12840,3268,"Lower Calder"
12841,3265,"Lower Aire"
12842,3487,"Upper Calder"
12843,3310,"Middle Calder"
12844,3310,"Middle Calder"
12845,3265,"Lower Aire"
12846,3268,"Lower Calder"
12847,3310,"Middle Calder"
12848,3310,"Middle Calder"
12849,3268,"Lower Calder"
12850,3487,"Upper Calder"
12851,3310,"Middle Calder"
12852,3265,"Lower Aire"
12853,3265,"Lower Aire"
12854,3268,"Lower Calder"
12855,3265,"Lower Aire"
12856,3310,"Middle Calder"
12857,3487,"Upper Calder"
12858,3265,"Lower Aire"
12859,3487,"Upper Calder"
12860,3310,"Middle Calder"
12861,3268,"Lower Calder"
12862,3310,"Middle Calder"
12863,3268,"Lower Calder"
12864,3310,"Middle Calder"
12865,3487,"Upper Calder"
12866,3310,"Middle Calder"
12867,3310,"Middle Calder"
12868,3268,"Lower Calder"
12869,3265,"Lower Aire"
12870,3310,"Middle Calder"
12871,3265,"Lower Aire"
12872,3487,"Upper Calder"
12873,3265,"Lower Aire"
12874,3487,"Upper Calder"
12875,3310,"Middle Calder"
12876,3487,"Upper Calder"
12877,3310,"Middle Calder"
12878,3268,"Lower Calder"
12879,3268,"Lower Calder"
12880,3310,"Middle Calder"
12881,3265,"Lower Aire"
12882,3268,"Lower Calder"
12883,3268,"Lower Calder"
12884,3265,"Lower Aire"
12885,3310,"Middle Calder"
12886,3310,"Middle Calder"
12887,3310,"Middle Calder"
12888,3310,"Middle Calder"
12889,3268,"Lower Calder"
12890,3487,"Upper Calder"
12891,3268,"Lower Calder"
12892,3265,"Lower Aire"
12893,3265,"Lower Aire"
12894,3265,"Lower Aire"
12895,3268,"Lower Calder"
12896,3310,"Middle Calder"
12897,3265,"Lower Aire"
12898,3265,"Lower Aire"
12899,3268,"Lower Calder"
12900,3310,"Middle Calder"
12901,3310,"Middle Calder"
12902,3487,"Upper Calder"
12903,3265,"Lower Aire"
12904,3268,"Lower Calder"
12905,3265,"Lower Aire"
12906,3310,"Middle Calder"
12907,3310,"Middle Calder"
12908,3487,"Upper Calder"
12909,3310,"Middle Calder"
12910,3487,"Upper Calder"
12911,3487,"Upper Calder"
12912,3310,"Middle Calder"
12913,3268,"Lower Calder"
12914,3265,"Lower Aire"
12915,3487,"Upper Calder"
12916,3268,"Lower Calder"
12917,3268,"Lower Calder"
12918,3487,"Upper Calder"
12919,3265,"Lower Aire"
12920,3310,"Middle Calder"
12921,3310,"Middle Calder"
12922,3310,"Middle Calder"
12923,3268,"Lower Calder"
12924,3265,"Lower Aire"
12925,3268,"Lower Calder"
12926,3268,"Lower Calder"
12927,3310,"Middle Calder"
12928,3268,"Lower Calder"
12929,3268,"Lower Calder"
12930,3268,"Lower Calder"
12931,3265,"Lower Aire"
12932,3268,"Lower Calder"
12933,3487,"Upper Calder"
12934,3268,"Lower Calder"
12935,3265,"Lower Aire"
12936,3310,"Middle Calder"
12937,3310,"Middle Calder"
12938,3265,"Lower Aire"
12939,3310,"Middle Calder"
12940,3487,"Upper Calder"
12941,3487,"Upper Calder"
12942,3310,"Middle Calder"
12943,3268,"Lower Calder"
12944,3310,"Middle Calder"
12945,3265,"Lower Aire"
12946,3487,"Upper Calder"
12947,3310,"Middle Calder"
12948,3268,"Lower Calder"
12949,3268,"Lower Calder"
12950,3268,"Lower Calder"
12951,3310,"Middle Calder"
12952,3310,"Middle Calder"
12953,3268,"Lower Calder"
12954,3265,"Lower Aire"
12955,3487,"Upper Calder"
12956,3268,"Lower Calder"
12957,3268,"Lower Calder"
12958,3487,"Upper Calder"
12959,3487,"Upper Calder"
12960,3310,"Middle Calder"
12961,3268,"Lower Calder"
12962,3268,"Lower Calder"
12963,3487,"Upper Calder"
12964,3310,"Middle Calder"
12965,3310,"Middle Calder"
12966,3310,"Middle Calder"
12967,3310,"Middle Calder"
12968,3265,"Lower Aire"
12969,3268,"Lower Calder"
12970,3265,"Lower Aire"
12971,3487,"Upper Calder"
12972,3310,"Middle Calder"
12973,3268,"Lower Calder"
12974,3265,"Lower Aire"
12975,3268,"Lower Calder"
12976,3310,"Middle Calder"
12977,3268,"Lower Calder"
12978,3310,"Middle Calder"
12979,3268,"Lower Calder"
12980,3487,"Upper Calder"
12981,3310,"Middle Calder"
12982,3268,"Lower Calder"
12983,3268,"Lower Calder"
12984,3268,"Lower Calder"
12985,3487,"Upper Calder"
12986,3265,"Lower Aire"
12987,3268,"Lower Calder"
12988,3265,"Lower Aire"
12989,3487,"Upper Calder"
12990,3310,"Middle Calder"
12991,3310,"Middle Calder"
12992,3265,"Lower Aire"
12993,3268,"Lower Calder"
12994,3310,"Middle Calder"
12995,3268,"Lower Calder"
12996,3268,"Lower Calder"
12997,3265,"Lower Aire"
12998,3487,"Upper Calder"
12999,3310,"Middle Calder"
13000,3268,"Lower Calder"
13001,3265,"Lower Aire"
13002,3268,"Lower Calder"
13003,3268,"Lower Calder"
13004,3310,"Middle Calder"
13005,3268,"Lower Calder"
13006,3265,"Lower Aire"
13007,3310,"Middle Calder"
13008,3265,"Lower Aire"
13009,3268,"Lower Calder"
13010,3310,"Middle Calder"
13011,3487,"Upper Calder"
13012,3310,"Middle Calder"
13013,3310,"Middle Calder"
13014,3487,"Upper Calder"
13015,3265,"Lower Aire"
13016,3268,"Lower Calder"
13017,3487,"Upper Calder"
13018,3268,"Lower Calder"
13019,3265,"Lower Aire"
13020,3268,"Lower Calder"
13021,3268,"Lower Calder"
13022,3265,"Lower Aire"
13023,3268,"Lower Calder"
13024,3268,"Lower Calder"
13025,3310,"Middle Calder"
13026,3265,"Lower Aire"
13027,3265,"Lower Aire"
13028,3310,"Middle Calder"
13029,3268,"Lower Calder"
13030,3487,"Upper Calder"
13031,3310,"Middle Calder"
13032,3268,"Lower Calder"
13033,3310,"Middle Calder"
13034,3268,"Lower Calder"
13035,3310,"Middle Calder"
13036,3268,"Lower Calder"
13037,3265,"Lower Aire"
13038,3268,"Lower Calder"
13039,3265,"Lower Aire"
13040,3487,"Upper Calder"
13041,3265,"Lower Aire"
13042,3268,"Lower Calder"
13043,3265,"Lower Aire"
13044,3265,"Lower Aire"
13045,3487,"Upper Calder"
13046,3310,"Middle Calder"
13047,3487,"Upper Calder"
13048,3265,"Lower Aire"
13049,3268,"Lower Calder"
13050,3268,"Lower Calder"
13051,3310,"Middle Calder"
13052,3265,"Lower Aire"
13053,3310,"Middle Calder"
13054,3268,"Lower Calder"
13055,3487,"Upper Calder"
13056,3268,"Lower Calder"
13057,3310,"Middle Calder"
13058,3268,"Lower Calder"
13059,3268,"Lower Calder"
13060,3265,"Lower Aire"
13061,3310,"Middle Calder"
13062,3268,"Lower Calder"
13063,3268,"Lower Calder"
13064,3265,"Lower Aire"
13065,3265,"Lower Aire"
13066,3268,"Lower Calder"
13067,3265,"Lower Aire"
13068,3268,"Lower Calder"
13069,3487,"Upper Calder"
13070,3310,"Middle Calder"
13071,3310,"Middle Calder"
13072,3268,"Lower Calder"
13073,3268,"Lower Calder"
13074,3268,"Lower Calder"
13075,3310,"Middle Calder"
13076,3310,"Middle Calder"
13077,3268,"Lower Calder"
13078,3268,"Lower Calder"
13079,3487,"Upper Calder"
13080,3310,"Middle Calder"
13081,3487,"Upper Calder"
13082,3268,"Lower Calder"
13083,3487,"Upper Calder"
13084,3268,"Lower Calder"
13085,3268,"Lower Calder"
13086,3310,"Middle Calder"
13087,3268,"Lower Calder"
13088,3268,"Lower Calder"
13089,3268,"Lower Calder"
13090,3487,"Upper Calder"
13091,3487,"Upper Calder"
13092,3265,"Lower Aire"
13093,3310,"Middle Calder"
13094,3487,"Upper Calder"
13095,3268,"Lower Calder"
13096,3265,"Lower Aire"
13097,3268,"Lower Calder"
13098,3265,"Lower Aire"
13099,3272,"Lower Don"
13100,3310,"Middle Calder"
13101,3268,"Lower Calder"
13102,3268,"Lower Calder"
13103,3268,"Lower Calder"
13104,3268,"Lower Calder"
13105,3268,"Lower Calder"
13106,3487,"Upper Calder"
13107,3265,"Lower Aire"
13108,3487,"Upper Calder"
13109,3487,"Upper Calder"
13110,3310,"Middle Calder"
13111,3268,"Lower Calder"
13112,3310,"Middle Calder"
13113,3310,"Middle Calder"
13114,3310,"Middle Calder"
13115,3310,"Middle Calder"
13116,3268,"Lower Calder"
13117,3487,"Upper Calder"
13118,3268,"Lower Calder"
13119,3265,"Lower Aire"
13120,3268,"Lower Calder"
13121,3310,"Middle Calder"
13122,3265,"Lower Aire"
13123,3487,"Upper Calder"
13124,3268,"Lower Calder"
13125,3310,"Middle Calder"
13126,3265,"Lower Aire"
13127,3310,"Middle Calder"
13128,3272,"Lower Don"
13129,3310,"Middle Calder"
13130,3268,"Lower Calder"
13131,3310,"Middle Calder"
13132,3265,"Lower Aire"
13133,3265,"Lower Aire"
13134,3310,"Middle Calder"
13135,3268,"Lower Calder"
13136,3272,"Lower Don"
13137,3310,"Middle Calder"
13138,3487,"Upper Calder"
13139,3268,"Lower Calder"
13140,3268,"Lower Calder"
13141,3487,"Upper Calder"
13142,3268,"Lower Calder"
13143,3268,"Lower Calder"
13144,3268,"Lower Calder"
13145,3268,"Lower Calder"
13146,3487,"Upper Calder"
13147,3268,"Lower Calder"
13148,3487,"Upper Calder"
13149,3310,"Middle Calder"
13150,3268,"Lower Calder"
13151,3268,"Lower Calder"
13152,3310,"Middle Calder"
13153,3487,"Upper Calder"
13154,3310,"Middle Calder"
13155,3268,"Lower Calder"
13156,3268,"Lower Calder"
13157,3310,"Middle Calder"
13158,3310,"Middle Calder"
13159,3268,"Lower Calder"
13160,3310,"Middle Calder"
13161,3272,"Lower Don"
13162,3272,"Lower Don"
13163,3487,"Upper Calder"
13164,3268,"Lower Calder"
13165,3268,"Lower Calder"
13166,3268,"Lower Calder"
13167,3310,"Middle Calder"
13168,3310,"Middle Calder"
13169,3310,"Middle Calder"
13170,3272,"Lower Don"
13171,3268,"Lower Calder"
13172,3310,"Middle Calder"
13173,3268,"Lower Calder"
13174,3268,"Lower Calder"
13175,3310,"Middle Calder"
13176,3310,"Middle Calder"
13177,3268,"Lower Calder"
13178,3310,"Middle Calder"
13179,3487,"Upper Calder"
13180,3268,"Lower Calder"
13181,3268,"Lower Calder"
13182,3268,"Lower Calder"
13183,3268,"Lower Calder"
13184,3268,"Lower Calder"
13185,3268,"Lower Calder"
13186,3268,"Lower Calder"
13187,3487,"Upper Calder"
13188,3265,"Lower Aire"
13189,3268,"Lower Calder"
13190,3487,"Upper Calder"
13191,3265,"Lower Aire"
13192,3487,"Upper Calder"
13193,3487,"Upper Calder"
13194,3268,"Lower Calder"
13195,3268,"Lower Calder"
13196,3272,"Lower Don"
13197,3268,"Lower Calder"
13198,3268,"Lower Calder"
13199,3310,"Middle Calder"
13200,3272,"Lower Don"
13201,3272,"Lower Don"
13202,3268,"Lower Calder"
13203,3272,"Lower Don"
13204,3268,"Lower Calder"
13205,3268,"Lower Calder"
13206,3268,"Lower Calder"
13207,3310,"Middle Calder"
13208,3268,"Lower Calder"
13209,3272,"Lower Don"
13210,3268,"Lower Calder"
13211,3268,"Lower Calder"
13212,3268,"Lower Calder"
13213,3268,"Lower Calder"
13214,3268,"Lower Calder"
13215,3268,"Lower Calder"
13216,3268,"Lower Calder"
13217,3310,"Middle Calder"
13218,3487,"Upper Calder"
13219,3310,"Middle Calder"
13220,3310,"Middle Calder"
13221,3268,"Lower Calder"
13222,3310,"Middle Calder"
13223,3487,"Upper Calder"
13224,3268,"Lower Calder"
13225,3310,"Middle Calder"
13226,3265,"Lower Aire"
13227,3310,"Middle Calder"
13228,3487,"Upper Calder"
13229,3310,"Middle Calder"
13230,3268,"Lower Calder"
13231,3310,"Middle Calder"
13232,3310,"Middle Calder"
13233,3310,"Middle Calder"
13234,3268,"Lower Calder"
13235,3268,"Lower Calder"
13236,3310,"Middle Calder"
13237,3310,"Middle Calder"
13238,3265,"Lower Aire"
13239,3487,"Upper Calder"
13240,3268,"Lower Calder"
13241,3310,"Middle Calder"
13242,3268,"Lower Calder"
13243,3310,"Middle Calder"
13244,3310,"Middle Calder"
13245,3487,"Upper Calder"
13246,3268,"Lower Calder"
13247,3268,"Lower Calder"
13248,3487,"Upper Calder"
13249,3310,"Middle Calder"
13250,3310,"Middle Calder"
13251,3268,"Lower Calder"
13252,3310,"Middle Calder"
13253,3268,"Lower Calder"
13254,3272,"Lower Don"
13255,3272,"Lower Don"
13256,3272,"Lower Don"
13257,3268,"Lower Calder"
13258,3268,"Lower Calder"
13259,3268,"Lower Calder"
13260,3268,"Lower Calder"
13261,3310,"Middle Calder"
13262,3268,"Lower Calder"
13263,3268,"Lower Calder"
13264,3272,"Lower Don"
13265,3487,"Upper Calder"
13266,3268,"Lower Calder"
13267,3272,"Lower Don"
13268,3487,"Upper Calder"
13269,3310,"Middle Calder"
13270,3268,"Lower Calder"
13271,3268,"Lower Calder"
13272,3268,"Lower Calder"
13273,3272,"Lower Don"
13274,3487,"Upper Calder"
13275,3268,"Lower Calder"
13276,3310,"Middle Calder"
13277,3487,"Upper Calder"
13278,3310,"Middle Calder"
13279,3268,"Lower Calder"
13280,3268,"Lower Calder"
13281,3310,"Middle Calder"
13282,3310,"Middle Calder"
13283,3268,"Lower Calder"
13284,3310,"Middle Calder"
13285,3310,"Middle Calder"
13286,3310,"Middle Calder"
13287,3310,"Middle Calder"
13288,3310,"Middle Calder"
13289,3268,"Lower Calder"
13290,3268,"Lower Calder"
13291,3310,"Middle Calder"
13292,3268,"Lower Calder"
13293,3268,"Lower Calder"
13294,3310,"Middle Calder"
13295,3310,"Middle Calder"
13296,3268,"Lower Calder"
13297,3487,"Upper Calder"
13298,3487,"Upper Calder"
13299,3268,"Lower Calder"
13300,3310,"Middle Calder"
13301,3272,"Lower Don"
13302,3272,"Lower Don"
13303,3310,"Middle Calder"
13304,3268,"Lower Calder"
13305,3268,"Lower Calder"
13306,3268,"Lower Calder"
13307,3272,"Lower Don"
13308,3272,"Lower Don"
13309,3268,"Lower Calder"
13310,3268,"Lower Calder"
13311,3310,"Middle Calder"
13312,3310,"Middle Calder"
13313,3272,"Lower Don"
13314,3310,"Middle Calder"
13315,3310,"Middle Calder"
13316,3268,"Lower Calder"
13317,3310,"Middle Calder"
13318,3310,"Middle Calder"
13319,3310,"Middle Calder"
13320,3310,"Middle Calder"
13321,3310,"Middle Calder"
13322,3310,"Middle Calder"
13323,3310,"Middle Calder"
13324,3268,"Lower Calder"
13325,3268,"Lower Calder"
13326,3268,"Lower Calder"
13327,3268,"Lower Calder"
13328,3310,"Middle Calder"
13329,3487,"Upper Calder"
13330,3310,"Middle Calder"
13331,3487,"Upper Calder"
13332,3310,"Middle Calder"
13333,3310,"Middle Calder"
13334,3487,"Upper Calder"
13335,3268,"Lower Calder"
13336,3268,"Lower Calder"
13337,3268,"Lower Calder"
13338,3268,"Lower Calder"
13339,3268,"Lower Calder"
13340,3310,"Middle Calder"
13341,3268,"Lower Calder"
13342,3310,"Middle Calder"
13343,3268,"Lower Calder"
13344,3268,"Lower Calder"
13345,3268,"Lower Calder"
13346,3268,"Lower Calder"
13347,3268,"Lower Calder"
13348,3268,"Lower Calder"
13349,3268,"Lower Calder"
13350,3268,"Lower Calder"
13351,3310,"Middle Calder"
13352,3268,"Lower Calder"
13353,3310,"Middle Calder"
13354,3268,"Lower Calder"
13355,3268,"Lower Calder"
13356,3310,"Middle Calder"
13357,3310,"Middle Calder"
13358,3310,"Middle Calder"
13359,3268,"Lower Calder"
13360,3310,"Middle Calder"
13361,3268,"Lower Calder"
13362,3272,"Lower Don"
13363,3487,"Upper Calder"
13364,3310,"Middle Calder"
13365,3310,"Middle Calder"
13366,3310,"Middle Calder"
13367,3268,"Lower Calder"
13368,3268,"Lower Calder"
13369,3268,"Lower Calder"
13370,3310,"Middle Calder"
13371,3310,"Middle Calder"
13372,3310,"Middle Calder"
13373,3487,"Upper Calder"
13374,3310,"Middle Calder"
13375,3268,"Lower Calder"
13376,3272,"Lower Don"
13377,3310,"Middle Calder"
13378,3268,"Lower Calder"
13379,3268,"Lower Calder"
13380,3310,"Middle Calder"
13381,3268,"Lower Calder"
13382,3310,"Middle Calder"
13383,3268,"Lower Calder"
13384,3268,"Lower Calder"
13385,3268,"Lower Calder"
13386,3310,"Middle Calder"
13387,3310,"Middle Calder"
13388,3268,"Lower Calder"
13389,3272,"Lower Don"
13390,3268,"Lower Calder"
13391,3268,"Lower Calder"
13392,3310,"Middle Calder"
13393,3487,"Upper Calder"
13394,3272,"Lower Don"
13395,3310,"Middle Calder"
13396,3268,"Lower Calder"
13397,3272,"Lower Don"
13398,3268,"Lower Calder"
13399,3310,"Middle Calder"
13400,3268,"Lower Calder"
13401,3487,"Upper Calder"
13402,3310,"Middle Calder"
13403,3268,"Lower Calder"
13404,3268,"Lower Calder"
13405,3487,"Upper Calder"
13406,3268,"Lower Calder"
13407,3310,"Middle Calder"
13408,3268,"Lower Calder"
13409,3268,"Lower Calder"
13410,3268,"Lower Calder"
13411,3310,"Middle Calder"
13412,3268,"Lower Calder"
13413,3487,"Upper Calder"
13414,3268,"Lower Calder"
13415,3310,"Middle Calder"
13416,3268,"Lower Calder"
13417,3487,"Upper Calder"
13418,3268,"Lower Calder"
13419,3310,"Middle Calder"
13420,3310,"Middle Calder"
13421,3310,"Middle Calder"
13422,3310,"Middle Calder"
13423,3310,"Middle Calder"
13424,3310,"Middle Calder"
13425,3268,"Lower Calder"
13426,3310,"Middle Calder"
13427,3310,"Middle Calder"
13428,3310,"Middle Calder"
13429,3310,"Middle Calder"
13430,3268,"Lower Calder"
13431,3268,"Lower Calder"
13432,3268,"Lower Calder"
13433,3268,"Lower Calder"
13434,3487,"Upper Calder"
13435,3487,"Upper Calder"
13436,3268,"Lower Calder"
13437,3268,"Lower Calder"
13438,3268,"Lower Calder"
13439,3268,"Lower Calder"
13440,3310,"Middle Calder"
13441,3268,"Lower Calder"
13442,3487,"Upper Calder"
13443,3310,"Middle Calder"
13444,3310,"Middle Calder"
13445,3310,"Middle Calder"
13446,3268,"Lower Calder"
13447,3268,"Lower Calder"
13448,3268,"Lower Calder"
13449,3268,"Lower Calder"
13450,3310,"Middle Calder"
13451,3268,"Lower Calder"
13452,3310,"Middle Calder"
13453,3268,"Lower Calder"
13454,3268,"Lower Calder"
13455,3310,"Middle Calder"
13456,3310,"Middle Calder"
13457,3268,"Lower Calder"
13458,3487,"Upper Calder"
13459,3487,"Upper Calder"
13460,3310,"Middle Calder"
13461,3310,"Middle Calder"
13462,3268,"Lower Calder"
13463,3268,"Lower Calder"
13464,3487,"Upper Calder"
13465,3310,"Middle Calder"
13466,3268,"Lower Calder"
13467,3487,"Upper Calder"
13468,3268,"Lower Calder"
13469,3487,"Upper Calder"
13470,3268,"Lower Calder"
13471,3310,"Middle Calder"
13472,3310,"Middle Calder"
13473,3268,"Lower Calder"
13474,3487,"Upper Calder"
13475,3310,"Middle Calder"
13476,3310,"Middle Calder"
13477,3310,"Middle Calder"
13478,3310,"Middle Calder"
13479,3268,"Lower Calder"
13480,3487,"Upper Calder"
13481,3268,"Lower Calder"
13482,3268,"Lower Calder"
13483,3310,"Middle Calder"
13484,3310,"Middle Calder"
13485,3268,"Lower Calder"
13486,3310,"Middle Calder"
13487,3310,"Middle Calder"
13488,3310,"Middle Calder"
13489,3310,"Middle Calder"
13490,3268,"Lower Calder"
13491,3268,"Lower Calder"
13492,3268,"Lower Calder"
13493,3268,"Lower Calder"
13494,3310,"Middle Calder"
13495,3310,"Middle Calder"
13496,3310,"Middle Calder"
13497,3268,"Lower Calder"
13498,3487,"Upper Calder"
13499,3310,"Middle Calder"
13500,3310,"Middle Calder"
13501,3268,"Lower Calder"
13502,3268,"Lower Calder"
13503,3268,"Lower Calder"
13504,3268,"Lower Calder"
13505,3268,"Lower Calder"
13506,3310,"Middle Calder"
13507,3310,"Middle Calder"
13508,3268,"Lower Calder"
13509,3268,"Lower Calder"
13510,3268,"Lower Calder"
13511,3310,"Middle Calder"
13512,3268,"Lower Calder"
13513,3310,"Middle Calder"
13514,3268,"Lower Calder"
13515,3268,"Lower Calder"
13516,3310,"Middle Calder"
13517,3268,"Lower Calder"
13518,3268,"Lower Calder"
13519,3097,"Colne and Holme"
13520,3268,"Lower Calder"
13521,3310,"Middle Calder"
13522,3487,"Upper Calder"
13523,3487,"Upper Calder"
13524,3310,"Middle Calder"
13525,3268,"Lower Calder"
13526,3268,"Lower Calder"
13527,3268,"Lower Calder"
13528,3268,"Lower Calder"
13529,3487,"Upper Calder"
13530,3268,"Lower Calder"
13531,3268,"Lower Calder"
13532,3268,"Lower Calder"
13533,3310,"Middle Calder"
13534,3268,"Lower Calder"
13535,3268,"Lower Calder"
13536,3487,"Upper Calder"
13537,3310,"Middle Calder"
13538,3097,"Colne and Holme"
13539,3268,"Lower Calder"
13540,3310,"Middle Calder"
13541,3268,"Lower Calder"
13542,3487,"Upper Calder"
13543,3268,"Lower Calder"
13544,3097,"Colne and Holme"
13545,3310,"Middle Calder"
13546,3268,"Lower Calder"
13547,3097,"Colne and Holme"
13548,3310,"Middle Calder"
13549,3268,"Lower Calder"
13550,3268,"Lower Calder"
13551,3310,"Middle Calder"
13552,3097,"Colne and Holme"
13553,3310,"Middle Calder"
13554,3268,"Lower Calder"
13555,3268,"Lower Calder"
13556,3310,"Middle Calder"
13557,3268,"Lower Calder"
13558,3310,"Middle Calder"
13559,3268,"Lower Calder"
13560,3487,"Upper Calder"
13561,3097,"Colne and Holme"
13562,3268,"Lower Calder"
13563,3310,"Middle Calder"
13564,3268,"Lower Calder"
13565,3268,"Lower Calder"
13566,3268,"Lower Calder"
13567,3487,"Upper Calder"
13568,3268,"Lower Calder"
13569,3268,"Lower Calder"
13570,3268,"Lower Calder"
13571,3097,"Colne and Holme"
13572,3268,"Lower Calder"
13573,3310,"Middle Calder"
13574,3268,"Lower Calder"
13575,3310,"Middle Calder"
13576,3097,"Colne and Holme"
13577,3268,"Lower Calder"
13578,3268,"Lower Calder"
13579,3268,"Lower Calder"
13580,3487,"Upper Calder"
13581,3268,"Lower Calder"
13582,3268,"Lower Calder"
13583,3268,"Lower Calder"
13584,3310,"Middle Calder"
13585,3268,"Lower Calder"
13586,3310,"Middle Calder"
13587,3268,"Lower Calder"
13588,3310,"Middle Calder"
13589,3310,"Middle Calder"
13590,3310,"Middle Calder"
13591,3268,"Lower Calder"
13592,3382,"Roch Irk Medlock"
13593,3310,"Middle Calder"
13594,3268,"Lower Calder"
13595,3310,"Middle Calder"
13596,3268,"Lower Calder"
13597,3268,"Lower Calder"
13598,3097,"Colne and Holme"
13599,3268,"Lower Calder"
13600,3268,"Lower Calder"
13601,3268,"Lower Calder"
13602,3268,"Lower Calder"
13603,3268,"Lower Calder"
13604,3268,"Lower Calder"
13605,3268,"Lower Calder"
13606,3310,"Middle Calder"
13607,3268,"Lower Calder"
13608,3310,"Middle Calder"
13609,3268,"Lower Calder"
13610,3097,"Colne and Holme"
13611,3268,"Lower Calder"
13612,3268,"Lower Calder"
13613,3310,"Middle Calder"
13614,3268,"Lower Calder"
13615,3268,"Lower Calder"
13616,3310,"Middle Calder"
13617,3268,"Lower Calder"
13618,3382,"Roch Irk Medlock"
13619,3268,"Lower Calder"
13620,3097,"Colne and Holme"
13621,3310,"Middle Calder"
13622,3097,"Colne and Holme"
13623,3310,"Middle Calder"
13624,3310,"Middle Calder"
13625,3097,"Colne and Holme"
13626,3310,"Middle Calder"
13627,3310,"Middle Calder"
13628,3268,"Lower Calder"
13629,3310,"Middle Calder"
13630,3097,"Colne and Holme"
13631,3097,"Colne and Holme"
13632,3310,"Middle Calder"
13633,3268,"Lower Calder"
13634,3310,"Middle Calder"
13635,3268,"Lower Calder"
13636,3268,"Lower Calder"
13637,3097,"Colne and Holme"
13638,3268,"Lower Calder"
13639,3097,"Colne and Holme"
13640,3097,"Colne and Holme"
13641,3268,"Lower Calder"
13642,3310,"Middle Calder"
13643,3268,"Lower Calder"
13644,3268,"Lower Calder"
13645,3310,"Middle Calder"
13646,3097,"Colne and Holme"
13647,3310,"Middle Calder"
13648,3268,"Lower Calder"
13649,3268,"Lower Calder"
13650,3097,"Colne and Holme"
13651,3268,"Lower Calder"
13652,3268,"Lower Calder"
13653,3310,"Middle Calder"
13654,3268,"Lower Calder"
13655,3268,"Lower Calder"
13656,3310,"Middle Calder"
13657,3268,"Lower Calder"
13658,3097,"Colne and Holme"
13659,3268,"Lower Calder"
13660,3268,"Lower Calder"
13661,3268,"Lower Calder"
13662,3268,"Lower Calder"
13663,3268,"Lower Calder"
13664,3310,"Middle Calder"
13665,3310,"Middle Calder"
13666,3097,"Colne and Holme"
13667,3268,"Lower Calder"
13668,3310,"Middle Calder"
13669,3310,"Middle Calder"
13670,3268,"Lower Calder"
13671,3310,"Middle Calder"
13672,3310,"Middle Calder"
13673,3268,"Lower Calder"
13674,3310,"Middle Calder"
13675,3310,"Middle Calder"
13676,3382,"Roch Irk Medlock"
13677,3268,"Lower Calder"
13678,3268,"Lower Calder"
13679,3097,"Colne and Holme"
13680,3268,"Lower Calder"
13681,3310,"Middle Calder"
13682,3310,"Middle Calder"
13683,3097,"Colne and Holme"
13684,3310,"Middle Calder"
13685,3310,"Middle Calder"
13686,3097,"Colne and Holme"
13687,3268,"Lower Calder"
13688,3310,"Middle Calder"
13689,3268,"Lower Calder"
13690,3268,"Lower Calder"
13691,3310,"Middle Calder"
13692,3268,"Lower Calder"
13693,3268,"Lower Calder"
13694,3268,"Lower Calder"
13695,3310,"Middle Calder"
13696,3268,"Lower Calder"
13697,3268,"Lower Calder"
13698,3097,"Colne and Holme"
13699,3310,"Middle Calder"
13700,3097,"Colne and Holme"
13701,3268,"Lower Calder"
13702,3268,"Lower Calder"
13703,3268,"Lower Calder"
13704,3310,"Middle Calder"
13705,3268,"Lower Calder"
13706,3268,"Lower Calder"
13707,3268,"Lower Calder"
13708,3310,"Middle Calder"
13709,3268,"Lower Calder"
13710,3097,"Colne and Holme"
13711,3268,"Lower Calder"
13712,3268,"Lower Calder"
13713,3268,"Lower Calder"
13714,3268,"Lower Calder"
13715,3310,"Middle Calder"
13716,3268,"Lower Calder"
13717,3097,"Colne and Holme"
13718,3097,"Colne and Holme"
13719,3268,"Lower Calder"
13720,3268,"Lower Calder"
13721,3268,"Lower Calder"
13722,3097,"Colne and Holme"
13723,3097,"Colne and Holme"
13724,3310,"Middle Calder"
13725,3097,"Colne and Holme"
13726,3097,"Colne and Holme"
13727,3310,"Middle Calder"
13728,3097,"Colne and Holme"
13729,3097,"Colne and Holme"
13730,3310,"Middle Calder"
13731,3310,"Middle Calder"
13732,3268,"Lower Calder"
13733,3097,"Colne and Holme"
13734,3268,"Lower Calder"
13735,3268,"Lower Calder"
13736,3268,"Lower Calder"
13737,3268,"Lower Calder"
13738,3097,"Colne and Holme"
13739,3268,"Lower Calder"
13740,3268,"Lower Calder"
13741,3268,"Lower Calder"
13742,3097,"Colne and Holme"
13743,3097,"Colne and Holme"
13744,3268,"Lower Calder"
13745,3268,"Lower Calder"
13746,3097,"Colne and Holme"
13747,3097,"Colne and Holme"
13748,3268,"Lower Calder"
13749,3268,"Lower Calder"
13750,3097,"Colne and Holme"
13751,3268,"Lower Calder"
13752,3268,"Lower Calder"
13753,3310,"Middle Calder"
13754,3268,"Lower Calder"
13755,3310,"Middle Calder"
13756,3268,"Lower Calder"
13757,3097,"Colne and Holme"
13758,3097,"Colne and Holme"
13759,3268,"Lower Calder"
13760,3268,"Lower Calder"
13761,3097,"Colne and Holme"
13762,3097,"Colne and Holme"
13763,3097,"Colne and Holme"
13764,3268,"Lower Calder"
13765,3310,"Middle Calder"
13766,3268,"Lower Calder"
13767,3097,"Colne and Holme"
13768,3268,"Lower Calder"
13769,3268,"Lower Calder"
13770,3097,"Colne and Holme"
13771,3268,"Lower Calder"
13772,3097,"Colne and Holme"
13773,3268,"Lower Calder"
13774,3268,"Lower Calder"
13775,3268,"Lower Calder"
13776,3097,"Colne and Holme"
13777,3310,"Middle Calder"
13778,3268,"Lower Calder"
13779,3097,"Colne and Holme"
13780,3097,"Colne and Holme"
13781,3310,"Middle Calder"
13782,3097,"Colne and Holme"
13783,3268,"Lower Calder"
13784,3268,"Lower Calder"
13785,3097,"Colne and Holme"
13786,3268,"Lower Calder"
13787,3310,"Middle Calder"
13788,3310,"Middle Calder"
13789,3097,"Colne and Holme"
13790,3097,"Colne and Holme"
13791,3097,"Colne and Holme"
13792,3097,"Colne and Holme"
13793,3097,"Colne and Holme"
13794,3268,"Lower Calder"
13795,3268,"Lower Calder"
13796,3310,"Middle Calder"
13797,3097,"Colne and Holme"
13798,3097,"Colne and Holme"
13799,3268,"Lower Calder"
13800,3097,"Colne and Holme"
13801,3268,"Lower Calder"
13802,3268,"Lower Calder"
13803,3310,"Middle Calder"
13804,3268,"Lower Calder"
13805,3097,"Colne and Holme"
13806,3310,"Middle Calder"
13807,3268,"Lower Calder"
13808,3268,"Lower Calder"
13809,3097,"Colne and Holme"
13810,3268,"Lower Calder"
13811,3310,"Middle Calder"
13812,3310,"Middle Calder"
13813,3097,"Colne and Holme"
13814,3268,"Lower Calder"
13815,3097,"Colne and Holme"
13816,3268,"Lower Calder"
13817,3310,"Middle Calder"
13818,3268,"Lower Calder"
13819,3310,"Middle Calder"
13820,3097,"Colne and Holme"
13821,3310,"Middle Calder"
13822,3097,"Colne and Holme"
13823,3097,"Colne and Holme"
13824,3268,"Lower Calder"
13825,3097,"Colne and Holme"
13826,3268,"Lower Calder"
13827,3268,"Lower Calder"
13828,3310,"Middle Calder"
13829,3310,"Middle Calder"
13830,3097,"Colne and Holme"
13831,3268,"Lower Calder"
13832,3268,"Lower Calder"
13833,3268,"Lower Calder"
13834,3268,"Lower Calder"
13835,3268,"Lower Calder"
13836,3268,"Lower Calder"
13837,3097,"Colne and Holme"
13838,3310,"Middle Calder"
13839,3097,"Colne and Holme"
13840,3268,"Lower Calder"
13841,3310,"Middle Calder"
13842,3268,"Lower Calder"
13843,3097,"Colne and Holme"
13844,3097,"Colne and Holme"
13845,3268,"Lower Calder"
13846,3310,"Middle Calder"
13847,3097,"Colne and Holme"
13848,3097,"Colne and Holme"
13849,3097,"Colne and Holme"
13850,3097,"Colne and Holme"
13851,3097,"Colne and Holme"
13852,3097,"Colne and Holme"
13853,3310,"Middle Calder"
13854,3097,"Colne and Holme"
13855,3268,"Lower Calder"
13856,3097,"Colne and Holme"
13857,3268,"Lower Calder"
13858,3310,"Middle Calder"
13859,3097,"Colne and Holme"
13860,3310,"Middle Calder"
13861,3268,"Lower Calder"
13862,3268,"Lower Calder"
13863,3268,"Lower Calder"
13864,3097,"Colne and Holme"
13865,3097,"Colne and Holme"
13866,3268,"Lower Calder"
13867,3097,"Colne and Holme"
13868,3097,"Colne and Holme"
13869,3097,"Colne and Holme"
13870,3097,"Colne and Holme"
13871,3268,"Lower Calder"
13872,3268,"Lower Calder"
13873,3097,"Colne and Holme"
13874,3268,"Lower Calder"
13875,3097,"Colne and Holme"
13876,3310,"Middle Calder"
13877,3097,"Colne and Holme"
13878,3097,"Colne and Holme"
13879,3268,"Lower Calder"
13880,3268,"Lower Calder"
13881,3310,"Middle Calder"
13882,3268,"Lower Calder"
13883,3268,"Lower Calder"
13884,3310,"Middle Calder"
13885,3097,"Colne and Holme"
13886,3310,"Middle Calder"
13887,3310,"Middle Calder"
13888,3268,"Lower Calder"
13889,3268,"Lower Calder"
13890,3097,"Colne and Holme"
13891,3097,"Colne and Holme"
13892,3097,"Colne and Holme"
13893,3268,"Lower Calder"
13894,3268,"Lower Calder"
13895,3310,"Middle Calder"
13896,3268,"Lower Calder"
13897,3310,"Middle Calder"
13898,3310,"Middle Calder"
13899,3125,"Dearne"
13900,3097,"Colne and Holme"
13901,3268,"Lower Calder"
13902,3310,"Middle Calder"
13903,3097,"Colne and Holme"
13904,3097,"Colne and Holme"
13905,3310,"Middle Calder"
13906,3097,"Colne and Holme"
13907,3268,"Lower Calder"
13908,3310,"Middle Calder"
13909,3125,"Dearne"
13910,3268,"Lower Calder"
13911,3268,"Lower Calder"
13912,3125,"Dearne"
13913,3097,"Colne and Holme"
13914,3310,"Middle Calder"
13915,3097,"Colne and Holme"
13916,3268,"Lower Calder"
13917,3097,"Colne and Holme"
13918,3097,"Colne and Holme"
13919,3310,"Middle Calder"
13920,3268,"Lower Calder"
13921,3268,"Lower Calder"
13922,3125,"Dearne"
13923,3097,"Colne and Holme"
13924,3310,"Middle Calder"
13925,3097,"Colne and Holme"
13926,3097,"Colne and Holme"
13927,3097,"Colne and Holme"
13928,3097,"Colne and Holme"
13929,3125,"Dearne"
13930,3125,"Dearne"
13931,3125,"Dearne"
13932,3125,"Dearne"
13933,3268,"Lower Calder"
13934,3125,"Dearne"
13935,3125,"Dearne"
13936,3125,"Dearne"
13937,3125,"Dearne"
13938,3310,"Middle Calder"
13939,3097,"Colne and Holme"
13940,3125,"Dearne"
13941,3268,"Lower Calder"
13942,3125,"Dearne"
13943,3125,"Dearne"
13944,3097,"Colne and Holme"
13945,3125,"Dearne"
13946,3125,"Dearne"
13947,3268,"Lower Calder"
13948,3268,"Lower Calder"
13949,3125,"Dearne"
13950,3310,"Middle Calder"
13951,3268,"Lower Calder"
13952,3097,"Colne and Holme"
13953,3097,"Colne and Holme"
13954,3125,"Dearne"
13955,3097,"Colne and Holme"
13956,3268,"Lower Calder"
13957,3097,"Colne and Holme"
13958,3097,"Colne and Holme"
13959,3097,"Colne and Holme"
13960,3097,"Colne and Holme"
13961,3097,"Colne and Holme"
13962,3097,"Colne and Holme"
13963,3097,"Colne and Holme"
13964,3097,"Colne and Holme"
13965,3268,"Lower Calder"
13966,3097,"Colne and Holme"
13967,3125,"Dearne"
13968,3097,"Colne and Holme"
13969,3097,"Colne and Holme"
13970,3097,"Colne and Holme"
13971,3097,"Colne and Holme"
13972,3268,"Lower Calder"
13973,3097,"Colne and Holme"
13974,3097,"Colne and Holme"
13975,3097,"Colne and Holme"
13976,3097,"Colne and Holme"
13977,3097,"Colne and Holme"
13978,3097,"Colne and Holme"
13979,3097,"Colne and Holme"
13980,3125,"Dearne"
13981,3268,"Lower Calder"
13982,3268,"Lower Calder"
13983,3097,"Colne and Holme"
13984,3268,"Lower Calder"
13985,3125,"Dearne"
13986,3097,"Colne and Holme"
13987,3097,"Colne and Holme"
13988,3097,"Colne and Holme"
13989,3097,"Colne and Holme"
13990,3268,"Lower Calder"
13991,3125,"Dearne"
13992,3097,"Colne and Holme"
13993,3097,"Colne and Holme"
13994,3310,"Middle Calder"
13995,3097,"Colne and Holme"
13996,3268,"Lower Calder"
13997,3125,"Dearne"
13998,3125,"Dearne"
13999,3097,"Colne and Holme"
14000,3125,"Dearne"
14001,3097,"Colne and Holme"
14002,3268,"Lower Calder"
14003,3097,"Colne and Holme"
14004,3097,"Colne and Holme"
14005,3097,"Colne and Holme"
14006,3125,"Dearne"
14007,3125,"Dearne"
14008,3097,"Colne and Holme"
14009,3125,"Dearne"
14010,3097,"Colne and Holme"
14011,3268,"Lower Calder"
14012,3097,"Colne and Holme"
14013,3268,"Lower Calder"
14014,3097,"Colne and Holme"
14015,3125,"Dearne"
14016,3268,"Lower Calder"
14017,3097,"Colne and Holme"
14018,3125,"Dearne"
14019,3125,"Dearne"
14020,3097,"Colne and Holme"
14021,3097,"Colne and Holme"
14022,3125,"Dearne"
14023,3097,"Colne and Holme"
14024,3268,"Lower Calder"
14025,3125,"Dearne"
14026,3097,"Colne and Holme"
14027,3097,"Colne and Holme"
14028,3097,"Colne and Holme"
14029,3268,"Lower Calder"
14030,3097,"Colne and Holme"
14031,3097,"Colne and Holme"
14032,3097,"Colne and Holme"
14033,3097,"Colne and Holme"
14034,3125,"Dearne"
14035,3097,"Colne and Holme"
14036,3125,"Dearne"
14037,3097,"Colne and Holme"
14038,3097,"Colne and Holme"
14039,3097,"Colne and Holme"
14040,3097,"Colne and Holme"
14041,3125,"Dearne"
14042,3097,"Colne and Holme"
14043,3268,"Lower Calder"
14044,3125,"Dearne"
14045,3097,"Colne and Holme"
14046,3097,"Colne and Holme"
14047,3125,"Dearne"
14048,3097,"Colne and Holme"
14049,3097,"Colne and Holme"
14050,3268,"Lower Calder"
14051,3097,"Colne and Holme"
14052,3097,"Colne and Holme"
14053,3097,"Colne and Holme"
14054,3097,"Colne and Holme"
14055,3268,"Lower Calder"
14056,3268,"Lower Calder"
14057,3097,"Colne and Holme"
14058,3097,"Colne and Holme"
14059,3097,"Colne and Holme"
14060,3125,"Dearne"
14061,3097,"Colne and Holme"
14062,3125,"Dearne"
14063,3268,"Lower Calder"
14064,3268,"Lower Calder"
14065,3097,"Colne and Holme"
14066,3097,"Colne and Holme"
14067,3097,"Colne and Holme"
14068,3097,"Colne and Holme"
14069,3097,"Colne and Holme"
14070,3097,"Colne and Holme"
14071,3097,"Colne and Holme"
14072,3268,"Lower Calder"
14073,3097,"Colne and Holme"
14074,3125,"Dearne"
14075,3097,"Colne and Holme"
14076,3125,"Dearne"
14077,3097,"Colne and Holme"
14078,3125,"Dearne"
14079,3125,"Dearne"
14080,3125,"Dearne"
14081,3097,"Colne and Holme"
14082,3097,"Colne and Holme"
14083,3125,"Dearne"
14084,3125,"Dearne"
14085,3097,"Colne and Holme"
14086,3097,"Colne and Holme"
14087,3097,"Colne and Holme"
14088,3097,"Colne and Holme"
14089,3125,"Dearne"
14090,3097,"Colne and Holme"
14091,3125,"Dearne"
14092,3097,"Colne and Holme"
14093,3125,"Dearne"
14094,3097,"Colne and Holme"
14095,3097,"Colne and Holme"
14096,3268,"Lower Calder"
14097,3097,"Colne and Holme"
14098,3125,"Dearne"
14099,3125,"Dearne"
14100,3097,"Colne and Holme"
14101,3268,"Lower Calder"
14102,3268,"Lower Calder"
14103,3125,"Dearne"
14104,3268,"Lower Calder"
14105,3097,"Colne and Holme"
14106,3097,"Colne and Holme"
14107,3097,"Colne and Holme"
14108,3097,"Colne and Holme"
14109,3268,"Lower Calder"
14110,3125,"Dearne"
14111,3125,"Dearne"
14112,3125,"Dearne"
14113,3097,"Colne and Holme"
14114,3097,"Colne and Holme"
14115,3097,"Colne and Holme"
14116,3097,"Colne and Holme"
14117,3125,"Dearne"
14118,3097,"Colne and Holme"
14119,3125,"Dearne"
14120,3097,"Colne and Holme"
14121,3125,"Dearne"
14122,3125,"Dearne"
14123,3125,"Dearne"
14124,3097,"Colne and Holme"
14125,3097,"Colne and Holme"
14126,3097,"Colne and Holme"
14127,3125,"Dearne"
14128,3125,"Dearne"
14129,3097,"Colne and Holme"
14130,3125,"Dearne"
14131,3268,"Lower Calder"
14132,3125,"Dearne"
14133,3125,"Dearne"
14134,3097,"Colne and Holme"
14135,3125,"Dearne"
14136,3097,"Colne and Holme"
14137,3125,"Dearne"
14138,3125,"Dearne"
14139,3097,"Colne and Holme"
14140,3125,"Dearne"
14141,3125,"Dearne"
14142,3097,"Colne and Holme"
14143,3097,"Colne and Holme"
14144,3125,"Dearne"
14145,3125,"Dearne"
14146,3268,"Lower Calder"
14147,3097,"Colne and Holme"
14148,3125,"Dearne"
14149,3097,"Colne and Holme"
14150,3125,"Dearne"
14151,3097,"Colne and Holme"
14152,3097,"Colne and Holme"
14153,3097,"Colne and Holme"
14154,3268,"Lower Calder"
14155,3125,"Dearne"
14156,3125,"Dearne"
14157,3097,"Colne and Holme"
14158,3097,"Colne and Holme"
14159,3097,"Colne and Holme"
14160,3125,"Dearne"
14161,3097,"Colne and Holme"
14162,3097,"Colne and Holme"
14163,3125,"Dearne"
14164,3125,"Dearne"
14165,3097,"Colne and Holme"
14166,3097,"Colne and Holme"
14167,3097,"Colne and Holme"
14168,3125,"Dearne"
14169,3097,"Colne and Holme"
14170,3125,"Dearne"
14171,3125,"Dearne"
14172,3097,"Colne and Holme"
14173,3097,"Colne and Holme"
14174,3125,"Dearne"
14175,3097,"Colne and Holme"
14176,3125,"Dearne"
14177,3097,"Colne and Holme"
14178,3125,"Dearne"
14179,3125,"Dearne"
14180,3097,"Colne and Holme"
14181,3125,"Dearne"
14182,3125,"Dearne"
14183,3097,"Colne and Holme"
14184,3125,"Dearne"
14185,3125,"Dearne"
14186,3125,"Dearne"
14187,3125,"Dearne"
14188,3125,"Dearne"
14189,3097,"Colne and Holme"
14190,3097,"Colne and Holme"
14191,3125,"Dearne"
14192,3097,"Colne and Holme"
14193,3097,"Colne and Holme"
14194,3097,"Colne and Holme"
14195,3097,"Colne and Holme"
14196,3125,"Dearne"
14197,3125,"Dearne"
14198,3268,"Lower Calder"
14199,3125,"Dearne"
14200,3268,"Lower Calder"
14201,3097,"Colne and Holme"
14202,3125,"Dearne"
14203,3268,"Lower Calder"
14204,3097,"Colne and Holme"
14205,3125,"Dearne"
14206,3125,"Dearne"
14207,3125,"Dearne"
14208,3125,"Dearne"
14209,3125,"Dearne"
14210,3097,"Colne and Holme"
14211,3097,"Colne and Holme"
14212,3125,"Dearne"
14213,3097,"Colne and Holme"
14214,3125,"Dearne"
14215,3268,"Lower Calder"
14216,3097,"Colne and Holme"
14217,3125,"Dearne"
14218,3125,"Dearne"
14219,3097,"Colne and Holme"
14220,3125,"Dearne"
14221,3097,"Colne and Holme"
14222,3125,"Dearne"
14223,3097,"Colne and Holme"
14224,3097,"Colne and Holme"
14225,3097,"Colne and Holme"
14226,3125,"Dearne"
14227,3097,"Colne and Holme"
14228,3125,"Dearne"
14229,3097,"Colne and Holme"
14230,3097,"Colne and Holme"
14231,3125,"Dearne"
14232,3097,"Colne and Holme"
14233,3097,"Colne and Holme"
14234,3097,"Colne and Holme"
14235,3097,"Colne and Holme"
14236,3125,"Dearne"
14237,3125,"Dearne"
14238,3125,"Dearne"
14239,3097,"Colne and Holme"
14240,3097,"Colne and Holme"
14241,3097,"Colne and Holme"
14242,3097,"Colne and Holme"
14243,3097,"Colne and Holme"
14244,3125,"Dearne"
14245,3097,"Colne and Holme"
14246,3097,"Colne and Holme"
14247,3097,"Colne and Holme"
14248,3097,"Colne and Holme"
14249,3097,"Colne and Holme"
14250,3125,"Dearne"
14251,3097,"Colne and Holme"
14252,3125,"Dearne"
14253,3125,"Dearne"
14254,3097,"Colne and Holme"
14255,3097,"Colne and Holme"
14256,3097,"Colne and Holme"
14257,3125,"Dearne"
14258,3097,"Colne and Holme"
14259,3125,"Dearne"
14260,3097,"Colne and Holme"
14261,3125,"Dearne"
14262,3125,"Dearne"
14263,3097,"Colne and Holme"
14264,3097,"Colne and Holme"
14265,3125,"Dearne"
14266,3097,"Colne and Holme"
14267,3097,"Colne and Holme"
14268,3125,"Dearne"
14269,3097,"Colne and Holme"
14270,3097,"Colne and Holme"
14271,3125,"Dearne"
14272,3097,"Colne and Holme"
14273,3125,"Dearne"
14274,3125,"Dearne"
14275,3125,"Dearne"
14276,3097,"Colne and Holme"
14277,3097,"Colne and Holme"
14278,3097,"Colne and Holme"
14279,3097,"Colne and Holme"
14280,3097,"Colne and Holme"
14281,3097,"Colne and Holme"
14282,3097,"Colne and Holme"
14283,3097,"Colne and Holme"
14284,3097,"Colne and Holme"
14285,3125,"Dearne"
14286,3125,"Dearne"
14287,3125,"Dearne"
14288,3125,"Dearne"
14289,3097,"Colne and Holme"
14290,3097,"Colne and Holme"
14291,3097,"Colne and Holme"
14292,3125,"Dearne"
14293,3125,"Dearne"
14294,3097,"Colne and Holme"
14295,3125,"Dearne"
14296,3125,"Dearne"
14297,3097,"Colne and Holme"
14298,3125,"Dearne"
14299,3097,"Colne and Holme"
14300,3125,"Dearne"
14301,3097,"Colne and Holme"
14302,3097,"Colne and Holme"
14303,3097,"Colne and Holme"
14304,3125,"Dearne"
14305,3125,"Dearne"
14306,3097,"Colne and Holme"
14307,3125,"Dearne"
14308,3097,"Colne and Holme"
14309,3125,"Dearne"
14310,3097,"Colne and Holme"
14311,3097,"Colne and Holme"
14312,3097,"Colne and Holme"
14313,3097,"Colne and Holme"
14314,3097,"Colne and Holme"
14315,3125,"Dearne"
14316,3125,"Dearne"
14317,3125,"Dearne"
14318,3125,"Dearne"
14319,3125,"Dearne"
14320,3097,"Colne and Holme"
14321,3125,"Dearne"
14322,3097,"Colne and Holme"
14323,3097,"Colne and Holme"
14324,3097,"Colne and Holme"
14325,3125,"Dearne"
14326,3125,"Dearne"
14327,3125,"Dearne"
14328,3125,"Dearne"
14329,3125,"Dearne"
14330,3125,"Dearne"
14331,3125,"Dearne"
14332,3097,"Colne and Holme"
14333,3125,"Dearne"
14334,3097,"Colne and Holme"
14335,3125,"Dearne"
14336,3097,"Colne and Holme"
14337,3125,"Dearne"
14338,3125,"Dearne"
14339,3125,"Dearne"
14340,3125,"Dearne"
14341,3125,"Dearne"
14342,3097,"Colne and Holme"
14343,3097,"Colne and Holme"
14344,3097,"Colne and Holme"
14345,3125,"Dearne"
14346,3125,"Dearne"
14347,3125,"Dearne"
14348,3125,"Dearne"
14349,3097,"Colne and Holme"
14350,3125,"Dearne"
14351,3097,"Colne and Holme"
14352,3125,"Dearne"
14353,3125,"Dearne"
14354,3097,"Colne and Holme"
14355,3097,"Colne and Holme"
14356,3125,"Dearne"
14357,3125,"Dearne"
14358,3125,"Dearne"
14359,3125,"Dearne"
14360,3125,"Dearne"
14361,3097,"Colne and Holme"
14362,3125,"Dearne"
14363,3097,"Colne and Holme"
14364,3097,"Colne and Holme"
14365,3097,"Colne and Holme"
14366,3125,"Dearne"
14367,3125,"Dearne"
14368,3097,"Colne and Holme"
14369,3097,"Colne and Holme"
14370,3097,"Colne and Holme"
14371,3125,"Dearne"
14372,3125,"Dearne"
14373,3097,"Colne and Holme"
14374,3125,"Dearne"
14375,3125,"Dearne"
14376,3125,"Dearne"
14377,3125,"Dearne"
14378,3125,"Dearne"
14379,3125,"Dearne"
14380,3125,"Dearne"
14381,3125,"Dearne"
14382,3097,"Colne and Holme"
14383,3125,"Dearne"
14384,3125,"Dearne"
14385,3125,"Dearne"
14386,3125,"Dearne"
14387,3125,"Dearne"
14388,3125,"Dearne"
14389,3097,"Colne and Holme"
14390,3125,"Dearne"
14391,3125,"Dearne"
14392,3125,"Dearne"
14393,3125,"Dearne"
14394,3125,"Dearne"
14395,3097,"Colne and Holme"
14396,3125,"Dearne"
14397,3097,"Colne and Holme"
14398,3125,"Dearne"
14399,3097,"Colne and Holme"
14400,3125,"Dearne"
14401,3097,"Colne and Holme"
14402,3125,"Dearne"
14403,3097,"Colne and Holme"
14404,3097,"Colne and Holme"
14405,3097,"Colne and Holme"
14406,3125,"Dearne"
14407,3125,"Dearne"
14408,3097,"Colne and Holme"
14409,3125,"Dearne"
14410,3125,"Dearne"
14411,3125,"Dearne"
14412,3125,"Dearne"
14413,3097,"Colne and Holme"
14414,3097,"Colne and Holme"
14415,3125,"Dearne"
14416,3125,"Dearne"
14417,3125,"Dearne"
14418,3125,"Dearne"
14419,3125,"Dearne"
14420,3125,"Dearne"
14421,3097,"Colne and Holme"
14422,3097,"Colne and Holme"
14423,3125,"Dearne"
14424,3097,"Colne and Holme"
14425,3097,"Colne and Holme"
14426,3125,"Dearne"
14427,3097,"Colne and Holme"
14428,3125,"Dearne"
14429,3125,"Dearne"
14430,3125,"Dearne"
14431,3125,"Dearne"
14432,3125,"Dearne"
14433,3097,"Colne and Holme"
14434,3125,"Dearne"
14435,3097,"Colne and Holme"
14436,3125,"Dearne"
14437,3125,"Dearne"
14438,3125,"Dearne"
14439,3125,"Dearne"
14440,3125,"Dearne"
14441,3125,"Dearne"
14442,3125,"Dearne"
14443,3097,"Colne and Holme"
14444,3097,"Colne and Holme"
14445,3097,"Colne and Holme"
14446,3125,"Dearne"
14447,3097,"Colne and Holme"
14448,3125,"Dearne"
14449,3125,"Dearne"
14450,3097,"Colne and Holme"
14451,3125,"Dearne"
14452,3125,"Dearne"
14453,3125,"Dearne"
14454,3125,"Dearne"
14455,3125,"Dearne"
14456,3097,"Colne and Holme"
14457,3125,"Dearne"
14458,3125,"Dearne"
14459,3125,"Dearne"
14460,3097,"Colne and Holme"
14461,3125,"Dearne"
14462,3125,"Dearne"
14463,3125,"Dearne"
14464,3125,"Dearne"
14465,3097,"Colne and Holme"
14466,3125,"Dearne"
14467,3125,"Dearne"
14468,3125,"Dearne"
14469,3125,"Dearne"
14470,3125,"Dearne"
14471,3125,"Dearne"
14472,3125,"Dearne"
14473,3097,"Colne and Holme"
14474,3097,"Colne and Holme"
14475,3125,"Dearne"
14476,3125,"Dearne"
14477,3097,"Colne and Holme"
14478,3097,"Colne and Holme"
14479,3125,"Dearne"
14480,3125,"Dearne"
14481,3125,"Dearne"
14482,3097,"Colne and Holme"
14483,3125,"Dearne"
14484,3097,"Colne and Holme"
14485,3125,"Dearne"
14486,3125,"Dearne"
14487,3125,"Dearne"
14488,3097,"Colne and Holme"
14489,3097,"Colne and Holme"
14490,3125,"Dearne"
14491,3097,"Colne and Holme"
14492,3125,"Dearne"
14493,3097,"Colne and Holme"
14494,3125,"Dearne"
14495,3097,"Colne and Holme"
14496,3125,"Dearne"
14497,3125,"Dearne"
14498,3125,"Dearne"
14499,3125,"Dearne"
14500,3097,"Colne and Holme"
14501,3097,"Colne and Holme"
14502,3097,"Colne and Holme"
14503,3125,"Dearne"
14504,3097,"Colne and Holme"
14505,3097,"Colne and Holme"
14506,3125,"Dearne"
14507,3097,"Colne and Holme"
14508,3125,"Dearne"
14509,3097,"Colne and Holme"
14510,3125,"Dearne"
14511,3125,"Dearne"
14512,3097,"Colne and Holme"
14513,3097,"Colne and Holme"
14514,3125,"Dearne"
14515,3097,"Colne and Holme"
14516,3097,"Colne and Holme"
14517,3125,"Dearne"
14518,3097,"Colne and Holme"
14519,3125,"Dearne"
14520,3097,"Colne and Holme"
14521,3097,"Colne and Holme"
14522,3125,"Dearne"
14523,3125,"Dearne"
14524,3125,"Dearne"
14525,3097,"Colne and Holme"
14526,3125,"Dearne"
14527,3125,"Dearne"
14528,3125,"Dearne"
14529,3125,"Dearne"
14530,3125,"Dearne"
14531,3125,"Dearne"
14532,3490,"Upper Don"
14533,3125,"Dearne"
14534,3097,"Colne and Holme"
14535,3097,"Colne and Holme"
14536,3097,"Colne and Holme"
14537,3125,"Dearne"
14538,3097,"Colne and Holme"
14539,3097,"Colne and Holme"
14540,3125,"Dearne"
14541,3125,"Dearne"
14542,3097,"Colne and Holme"
14543,3125,"Dearne"
14544,3125,"Dearne"
14545,3125,"Dearne"
14546,3125,"Dearne"
14547,3125,"Dearne"
14548,3125,"Dearne"
14549,3490,"Upper Don"
14550,3125,"Dearne"
14551,3125,"Dearne"
14552,3097,"Colne and Holme"
14553,3125,"Dearne"
14554,3125,"Dearne"
14555,3125,"Dearne"
14556,3125,"Dearne"
14557,3490,"Upper Don"
14558,3125,"Dearne"
14559,3490,"Upper Don"
14560,3125,"Dearne"
14561,3097,"Colne and Holme"
14562,3097,"Colne and Holme"
14563,3097,"Colne and Holme"
14564,3097,"Colne and Holme"
14565,3490,"Upper Don"
14566,3125,"Dearne"
14567,3125,"Dearne"
14568,3125,"Dearne"
14569,3097,"Colne and Holme"
14570,3490,"Upper Don"
14571,3125,"Dearne"
14572,3125,"Dearne"
14573,3125,"Dearne"
14574,3125,"Dearne"
14575,3097,"Colne and Holme"
14576,3125,"Dearne"
14577,3125,"Dearne"
14578,3097,"Colne and Holme"
14579,3125,"Dearne"
14580,3097,"Colne and Holme"
14581,3125,"Dearne"
14582,3125,"Dearne"
14583,3097,"Colne and Holme"
14584,3125,"Dearne"
14585,3125,"Dearne"
14586,3125,"Dearne"
14587,3125,"Dearne"
14588,3490,"Upper Don"
14589,3097,"Colne and Holme"
14590,3125,"Dearne"
14591,3097,"Colne and Holme"
14592,3125,"Dearne"
14593,3125,"Dearne"
14594,3125,"Dearne"
14595,3097,"Colne and Holme"
14596,3490,"Upper Don"
14597,3490,"Upper Don"
14598,3125,"Dearne"
14599,3125,"Dearne"
14600,3097,"Colne and Holme"
14601,3125,"Dearne"
14602,3125,"Dearne"
14603,3490,"Upper Don"
14604,3125,"Dearne"
14605,3125,"Dearne"
14606,3490,"Upper Don"
14607,3125,"Dearne"
14608,3125,"Dearne"
14609,3125,"Dearne"
14610,3097,"Colne and Holme"
14611,3125,"Dearne"
14612,3097,"Colne and Holme"
14613,3125,"Dearne"
14614,3097,"Colne and Holme"
14615,3125,"Dearne"
14616,3125,"Dearne"
14617,3097,"Colne and Holme"
14618,3097,"Colne and Holme"
14619,3125,"Dearne"
14620,3097,"Colne and Holme"
14621,3125,"Dearne"
14622,3097,"Colne and Holme"
14623,3125,"Dearne"
14624,3490,"Upper Don"
14625,3097,"Colne and Holme"
14626,3125,"Dearne"
14627,3125,"Dearne"
14628,3125,"Dearne"
14629,3125,"Dearne"
14630,3125,"Dearne"
14631,3125,"Dearne"
14632,3097,"Colne and Holme"
14633,3097,"Colne and Holme"
14634,3097,"Colne and Holme"
14635,3125,"Dearne"
14636,3097,"Colne and Holme"
14637,3125,"Dearne"
14638,3125,"Dearne"
14639,3125,"Dearne"
14640,3125,"Dearne"
14641,3125,"Dearne"
14642,3490,"Upper Don"
14643,3097,"Colne and Holme"
14644,3125,"Dearne"
14645,3125,"Dearne"
14646,3097,"Colne and Holme"
14647,3125,"Dearne"
14648,3125,"Dearne"
14649,3097,"Colne and Holme"
14650,3490,"Upper Don"
14651,3125,"Dearne"
14652,3125,"Dearne"
14653,3125,"Dearne"
14654,3125,"Dearne"
14655,3125,"Dearne"
14656,3097,"Colne and Holme"
14657,3097,"Colne and Holme"
14658,3097,"Colne and Holme"
14659,3125,"Dearne"
14660,3490,"Upper Don"
14661,3097,"Colne and Holme"
14662,3490,"Upper Don"
14663,3125,"Dearne"
14664,3125,"Dearne"
14665,3490,"Upper Don"
14666,3125,"Dearne"
14667,3125,"Dearne"
14668,3490,"Upper Don"
14669,3125,"Dearne"
14670,3125,"Dearne"
14671,3125,"Dearne"
14672,3125,"Dearne"
14673,3125,"Dearne"
14674,3125,"Dearne"
14675,3125,"Dearne"
14676,3125,"Dearne"
14677,3125,"Dearne"
14678,3125,"Dearne"
14679,3125,"Dearne"
14680,3490,"Upper Don"
14681,3490,"Upper Don"
14682,3125,"Dearne"
14683,3097,"Colne and Holme"
14684,3490,"Upper Don"
14685,3125,"Dearne"
14686,3490,"Upper Don"
14687,3097,"Colne and Holme"
14688,3125,"Dearne"
14689,3125,"Dearne"
14690,3125,"Dearne"
14691,3097,"Colne and Holme"
14692,3490,"Upper Don"
14693,3097,"Colne and Holme"
14694,3125,"Dearne"
14695,3125,"Dearne"
14696,3490,"Upper Don"
14697,3097,"Colne and Holme"
14698,3125,"Dearne"
14699,3490,"Upper Don"
14700,3490,"Upper Don"
14701,3125,"Dearne"
14702,3125,"Dearne"
14703,3125,"Dearne"
14704,3125,"Dearne"
14705,3125,"Dearne"
14706,3125,"Dearne"
14707,3125,"Dearne"
14708,3125,"Dearne"
14709,3125,"Dearne"
14710,3125,"Dearne"
14711,3125,"Dearne"
14712,3490,"Upper Don"
14713,3125,"Dearne"
14714,3125,"Dearne"
14715,3125,"Dearne"
14716,3125,"Dearne"
14717,3490,"Upper Don"
14718,3125,"Dearne"
14719,3125,"Dearne"
14720,3490,"Upper Don"
14721,3490,"Upper Don"
14722,3097,"Colne and Holme"
14723,3490,"Upper Don"
14724,3125,"Dearne"
14725,3125,"Dearne"
14726,3125,"Dearne"
14727,3490,"Upper Don"
14728,3125,"Dearne"
14729,3125,"Dearne"
14730,3125,"Dearne"
14731,3125,"Dearne"
14732,3490,"Upper Don"
14733,3125,"Dearne"
14734,3125,"Dearne"
14735,3490,"Upper Don"
14736,3125,"Dearne"
14737,3125,"Dearne"
14738,3490,"Upper Don"
14739,3125,"Dearne"
14740,3490,"Upper Don"
14741,3125,"Dearne"
14742,3490,"Upper Don"
14743,3125,"Dearne"
14744,3125,"Dearne"
14745,3125,"Dearne"
14746,3125,"Dearne"
14747,3125,"Dearne"
14748,3125,"Dearne"
14749,3125,"Dearne"
14750,3125,"Dearne"
14751,3125,"Dearne"
14752,3125,"Dearne"
14753,3125,"Dearne"
14754,3125,"Dearne"
14755,3490,"Upper Don"
14756,3490,"Upper Don"
14757,3125,"Dearne"
14758,3125,"Dearne"
14759,3125,"Dearne"
14760,3125,"Dearne"
14761,3490,"Upper Don"
14762,3125,"Dearne"
14763,3125,"Dearne"
14764,3125,"Dearne"
14765,3125,"Dearne"
14766,3490,"Upper Don"
14767,3490,"Upper Don"
14768,3490,"Upper Don"
14769,3490,"Upper Don"
14770,3125,"Dearne"
14771,3125,"Dearne"
14772,3490,"Upper Don"
14773,3125,"Dearne"
14774,3125,"Dearne"
14775,3125,"Dearne"
14776,3490,"Upper Don"
14777,3125,"Dearne"
14778,3125,"Dearne"
14779,3125,"Dearne"
14780,3097,"Colne and Holme"
14781,3125,"Dearne"
14782,3490,"Upper Don"
14783,3490,"Upper Don"
14784,3490,"Upper Don"
14785,3125,"Dearne"
14786,3272,"Lower Don"
14787,3490,"Upper Don"
14788,3125,"Dearne"
14789,3490,"Upper Don"
14790,3490,"Upper Don"
14791,3490,"Upper Don"
14792,3490,"Upper Don"
14793,3125,"Dearne"
14794,3125,"Dearne"
14795,3125,"Dearne"
14796,3490,"Upper Don"
14797,3490,"Upper Don"
14798,3125,"Dearne"
14799,3490,"Upper Don"
14800,3125,"Dearne"
14801,3125,"Dearne"
14802,3490,"Upper Don"
14803,3490,"Upper Don"
14804,3125,"Dearne"
14805,3490,"Upper Don"
14806,3125,"Dearne"
14807,3125,"Dearne"
14808,3312,"Middle Don"
14809,3490,"Upper Don"
14810,3125,"Dearne"
14811,3490,"Upper Don"
14812,3490,"Upper Don"
14813,3490,"Upper Don"
14814,3490,"Upper Don"
14815,3125,"Dearne"
14816,3125,"Dearne"
14817,3490,"Upper Don"
14818,3490,"Upper Don"
14819,3490,"Upper Don"
14820,3490,"Upper Don"
14821,3490,"Upper Don"
14822,3125,"Dearne"
14823,3490,"Upper Don"
14824,3490,"Upper Don"
14825,3490,"Upper Don"
14826,3490,"Upper Don"
14827,3125,"Dearne"
14828,3490,"Upper Don"
14829,3125,"Dearne"
14830,3490,"Upper Don"
14831,3490,"Upper Don"
14832,3125,"Dearne"
14833,3125,"Dearne"
14834,3490,"Upper Don"
14835,3125,"Dearne"
14836,3125,"Dearne"
14837,3490,"Upper Don"
14838,3490,"Upper Don"
14839,3125,"Dearne"
14840,3490,"Upper Don"
14841,3125,"Dearne"
14842,3125,"Dearne"
14843,3312,"Middle Don"
14844,3125,"Dearne"
14845,3125,"Dearne"
14846,3125,"Dearne"
14847,3125,"Dearne"
14848,3125,"Dearne"
14849,3490,"Upper Don"
14850,3125,"Dearne"
14851,3490,"Upper Don"
14852,3125,"Dearne"
14853,3125,"Dearne"
14854,3125,"Dearne"
14855,3125,"Dearne"
14856,3490,"Upper Don"
14857,3125,"Dearne"
14858,3125,"Dearne"
14859,3490,"Upper Don"
14860,3125,"Dearne"
14861,3125,"Dearne"
14862,3125,"Dearne"
14863,3490,"Upper Don"
14864,3490,"Upper Don"
14865,3125,"Dearne"
14866,3490,"Upper Don"
14867,3312,"Middle Don"
14868,3490,"Upper Don"
14869,3490,"Upper Don"
14870,3125,"Dearne"
14871,3125,"Dearne"
14872,3490,"Upper Don"
14873,3125,"Dearne"
14874,3490,"Upper Don"
14875,3490,"Upper Don"
14876,3125,"Dearne"
14877,3125,"Dearne"
14878,3125,"Dearne"
14879,3125,"Dearne"
14880,3490,"Upper Don"
14881,3125,"Dearne"
14882,3490,"Upper Don"
14883,3125,"Dearne"
14884,3490,"Upper Don"
14885,3125,"Dearne"
14886,3125,"Dearne"
14887,3125,"Dearne"
14888,3490,"Upper Don"
14889,3125,"Dearne"
14890,3312,"Middle Don"
14891,3125,"Dearne"
14892,3125,"Dearne"
14893,3312,"Middle Don"
14894,3312,"Middle Don"
14895,3125,"Dearne"
14896,3490,"Upper Don"
14897,3125,"Dearne"
14898,3490,"Upper Don"
14899,3125,"Dearne"
14900,3125,"Dearne"
14901,3125,"Dearne"
14902,3490,"Upper Don"
14903,3125,"Dearne"
14904,3490,"Upper Don"
14905,3125,"Dearne"
14906,3125,"Dearne"
14907,3125,"Dearne"
14908,3125,"Dearne"
14909,3125,"Dearne"
14910,3125,"Dearne"
14911,3490,"Upper Don"
14912,3312,"Middle Don"
14913,3490,"Upper Don"
14914,3125,"Dearne"
14915,3125,"Dearne"
14916,3312,"Middle Don"
14917,3125,"Dearne"
14918,3125,"Dearne"
14919,3125,"Dearne"
14920,3490,"Upper Don"
14921,3125,"Dearne"
14922,3312,"Middle Don"
14923,3125,"Dearne"
14924,3312,"Middle Don"
14925,3125,"Dearne"
14926,3125,"Dearne"
14927,3125,"Dearne"
14928,3312,"Middle Don"
14929,3125,"Dearne"
14930,3490,"Upper Don"
14931,3125,"Dearne"
14932,3490,"Upper Don"
14933,3312,"Middle Don"
14934,3490,"Upper Don"
14935,3125,"Dearne"
14936,3125,"Dearne"
14937,3312,"Middle Don"
14938,3125,"Dearne"
14939,3125,"Dearne"
14940,3125,"Dearne"
14941,3125,"Dearne"
14942,3125,"Dearne"
14943,3125,"Dearne"
14944,3125,"Dearne"
14945,3125,"Dearne"
14946,3490,"Upper Don"
14947,3490,"Upper Don"
14948,3490,"Upper Don"
14949,3125,"Dearne"
14950,3490,"Upper Don"
14951,3490,"Upper Don"
14952,3125,"Dearne"
14953,3490,"Upper Don"
14954,3125,"Dearne"
14955,3125,"Dearne"
14956,3125,"Dearne"
14957,3125,"Dearne"
14958,3125,"Dearne"
14959,3490,"Upper Don"
14960,3312,"Middle Don"
14961,3125,"Dearne"
14962,3125,"Dearne"
14963,3125,"Dearne"
14964,3125,"Dearne"
14965,3125,"Dearne"
14966,3125,"Dearne"
14967,3125,"Dearne"
14968,3125,"Dearne"
14969,3490,"Upper Don"
14970,3125,"Dearne"
14971,3490,"Upper Don"
14972,3490,"Upper Don"
14973,3125,"Dearne"
14974,3125,"Dearne"
14975,3312,"Middle Don"
14976,3125,"Dearne"
14977,3125,"Dearne"
14978,3490,"Upper Don"
14979,3125,"Dearne"
14980,3490,"Upper Don"
14981,3490,"Upper Don"
14982,3125,"Dearne"
14983,3125,"Dearne"
14984,3490,"Upper Don"
14985,3490,"Upper Don"
14986,3125,"Dearne"
14987,3125,"Dearne"
14988,3490,"Upper Don"
14989,3490,"Upper Don"
14990,3125,"Dearne"
14991,3490,"Upper Don"
14992,3125,"Dearne"
14993,3312,"Middle Don"
14994,3490,"Upper Don"
14995,3490,"Upper Don"
14996,3312,"Middle Don"
14997,3125,"Dearne"
14998,3490,"Upper Don"
14999,3490,"Upper Don"
15000,3125,"Dearne"
15001,3125,"Dearne"
15002,3490,"Upper Don"
15003,3490,"Upper Don"
15004,3312,"Middle Don"
15005,3125,"Dearne"
15006,3490,"Upper Don"
15007,3125,"Dearne"
15008,3312,"Middle Don"
15009,3312,"Middle Don"
15010,3490,"Upper Don"
15011,3125,"Dearne"
15012,3312,"Middle Don"
15013,3312,"Middle Don"
15014,3125,"Dearne"
15015,3312,"Middle Don"
15016,3490,"Upper Don"
15017,3490,"Upper Don"
15018,3312,"Middle Don"
15019,3125,"Dearne"
15020,3490,"Upper Don"
15021,3125,"Dearne"
15022,3490,"Upper Don"
15023,3125,"Dearne"
15024,3490,"Upper Don"
15025,3490,"Upper Don"
15026,3312,"Middle Don"
15027,3490,"Upper Don"
15028,3490,"Upper Don"
15029,3125,"Dearne"
15030,3490,"Upper Don"
15031,3490,"Upper Don"
15032,3490,"Upper Don"
15033,3125,"Dearne"
15034,3312,"Middle Don"
15035,3490,"Upper Don"
15036,3125,"Dearne"
15037,3125,"Dearne"
15038,3312,"Middle Don"
15039,3312,"Middle Don"
15040,3312,"Middle Don"
15041,3312,"Middle Don"
15042,3125,"Dearne"
15043,3312,"Middle Don"
15044,3490,"Upper Don"
15045,3312,"Middle Don"
15046,3490,"Upper Don"
15047,3490,"Upper Don"
15048,3125,"Dearne"
15049,3490,"Upper Don"
15050,3490,"Upper Don"
15051,3490,"Upper Don"
15052,3312,"Middle Don"
15053,3125,"Dearne"
15054,3312,"Middle Don"
15055,3312,"Middle Don"
15056,3125,"Dearne"
15057,3490,"Upper Don"
15058,3490,"Upper Don"
15059,3490,"Upper Don"
15060,3490,"Upper Don"
15061,3490,"Upper Don"
15062,3490,"Upper Don"
15063,3490,"Upper Don"
15064,3312,"Middle Don"
15065,3312,"Middle Don"
15066,3125,"Dearne"
15067,3125,"Dearne"
15068,3312,"Middle Don"
15069,3312,"Middle Don"
15070,3490,"Upper Don"
15071,3125,"Dearne"
15072,3490,"Upper Don"
15073,3490,"Upper Don"
15074,3312,"Middle Don"
15075,3312,"Middle Don"
15076,3490,"Upper Don"
15077,3490,"Upper Don"
15078,3125,"Dearne"
15079,3125,"Dearne"
15080,3490,"Upper Don"
15081,3490,"Upper Don"
15082,3312,"Middle Don"
15083,3312,"Middle Don"
15084,3125,"Dearne"
15085,3125,"Dearne"
15086,3312,"Middle Don"
15087,3490,"Upper Don"
15088,3490,"Upper Don"
15089,3490,"Upper Don"
15090,3125,"Dearne"
15091,3312,"Middle Don"
15092,3490,"Upper Don"
15093,3490,"Upper Don"
15094,3490,"Upper Don"
15095,3490,"Upper Don"
15096,3490,"Upper Don"
15097,3125,"Dearne"
15098,3125,"Dearne"
15099,3490,"Upper Don"
15100,3490,"Upper Don"
15101,3125,"Dearne"
15102,3125,"Dearne"
15103,3490,"Upper Don"
15104,3312,"Middle Don"
15105,3490,"Upper Don"
15106,3490,"Upper Don"
15107,3490,"Upper Don"
15108,3490,"Upper Don"
15109,3125,"Dearne"
15110,3125,"Dearne"
15111,3125,"Dearne"
15112,3490,"Upper Don"
15113,3312,"Middle Don"
15114,3312,"Middle Don"
15115,3490,"Upper Don"
15116,3312,"Middle Don"
15117,3490,"Upper Don"
15118,3125,"Dearne"
15119,3490,"Upper Don"
15120,3125,"Dearne"
15121,3125,"Dearne"
15122,3490,"Upper Don"
15123,3312,"Middle Don"
15124,3490,"Upper Don"
15125,3312,"Middle Don"
15126,3490,"Upper Don"
15127,3490,"Upper Don"
15128,3125,"Dearne"
15129,3490,"Upper Don"
15130,3125,"Dearne"
15131,3312,"Middle Don"
15132,3312,"Middle Don"
15133,3312,"Middle Don"
15134,3312,"Middle Don"
15135,3490,"Upper Don"
15136,3490,"Upper Don"
15137,3490,"Upper Don"
15138,3490,"Upper Don"
15139,3490,"Upper Don"
15140,3312,"Middle Don"
15141,3490,"Upper Don"
15142,3312,"Middle Don"
15143,3125,"Dearne"
15144,3312,"Middle Don"
15145,3312,"Middle Don"
15146,3490,"Upper Don"
15147,3312,"Middle Don"
15148,3490,"Upper Don"
15149,3312,"Middle Don"
15150,3490,"Upper Don"
15151,3312,"Middle Don"
15152,3312,"Middle Don"
15153,3312,"Middle Don"
15154,3490,"Upper Don"
15155,3490,"Upper Don"
15156,3312,"Middle Don"
15157,3312,"Middle Don"
15158,3490,"Upper Don"
15159,3312,"Middle Don"
15160,3312,"Middle Don"
15161,3312,"Middle Don"
15162,3312,"Middle Don"
15163,3312,"Middle Don"
15164,3490,"Upper Don"
15165,3312,"Middle Don"
15166,3490,"Upper Don"
15167,3312,"Middle Don"
15168,3490,"Upper Don"
15169,3312,"Middle Don"
15170,3312,"Middle Don"
15171,3312,"Middle Don"
15172,3312,"Middle Don"
15173,3490,"Upper Don"
15174,3312,"Middle Don"
15175,3312,"Middle Don"
15176,3312,"Middle Don"
15177,3312,"Middle Don"
15178,3312,"Middle Don"
15179,3312,"Middle Don"
15180,3312,"Middle Don"
15181,3312,"Middle Don"
15182,3312,"Middle Don"
15183,3312,"Middle Don"
15184,3312,"Middle Don"
15185,3312,"Middle Don"
15186,3490,"Upper Don"
15187,3312,"Middle Don"
15188,3312,"Middle Don"
15189,3312,"Middle Don"
15190,3312,"Middle Don"
15191,3490,"Upper Don"
15192,3312,"Middle Don"
15193,3312,"Middle Don"
15194,3312,"Middle Don"
15195,3490,"Upper Don"
15196,3312,"Middle Don"
15197,3490,"Upper Don"
15198,3312,"Middle Don"
15199,3490,"Upper Don"
15200,3312,"Middle Don"
15201,3312,"Middle Don"
15202,3312,"Middle Don"
15203,3312,"Middle Don"
15204,3490,"Upper Don"
15205,3312,"Middle Don"
15206,3312,"Middle Don"
15207,3490,"Upper Don"
15208,3312,"Middle Don"
15209,3312,"Middle Don"
15210,3312,"Middle Don"
15211,3312,"Middle Don"
15212,3490,"Upper Don"
15213,3312,"Middle Don"
15214,3312,"Middle Don"
15215,3312,"Middle Don"
15216,3312,"Middle Don"
15217,3312,"Middle Don"
15218,3490,"Upper Don"
15219,3312,"Middle Don"
15220,3490,"Upper Don"
15221,3312,"Middle Don"
15222,3312,"Middle Don"
15223,3490,"Upper Don"
15224,3312,"Middle Don"
15225,3490,"Upper Don"
15226,3312,"Middle Don"
15227,3490,"Upper Don"
15228,3490,"Upper Don"
15229,3312,"Middle Don"
15230,3312,"Middle Don"
15231,3312,"Middle Don"
15232,3490,"Upper Don"
15233,3490,"Upper Don"
15234,3312,"Middle Don"
15235,3312,"Middle Don"
15236,3312,"Middle Don"
15237,3490,"Upper Don"
15238,3490,"Upper Don"
15239,3490,"Upper Don"
15240,3312,"Middle Don"
15241,3490,"Upper Don"
15242,3312,"Middle Don"
15243,3312,"Middle Don"
15244,3490,"Upper Don"
15245,3312,"Middle Don"
15246,3490,"Upper Don"
15247,3490,"Upper Don"
15248,3312,"Middle Don"
15249,3312,"Middle Don"
15250,3312,"Middle Don"
15251,3312,"Middle Don"
15252,3312,"Middle Don"
15253,3312,"Middle Don"
15254,3312,"Middle Don"
15255,3490,"Upper Don"
15256,3312,"Middle Don"
15257,3312,"Middle Don"
15258,3312,"Middle Don"
15259,3312,"Middle Don"
15260,3312,"Middle Don"
15261,3490,"Upper Don"
15262,3490,"Upper Don"
15263,3312,"Middle Don"
15264,3490,"Upper Don"
15265,3490,"Upper Don"
15266,3312,"Middle Don"
15267,3312,"Middle Don"
15268,3312,"Middle Don"
15269,3490,"Upper Don"
15270,3490,"Upper Don"
15271,3312,"Middle Don"
15272,3490,"Upper Don"
15273,3490,"Upper Don"
15274,3312,"Middle Don"
15275,3312,"Middle Don"
15276,3490,"Upper Don"
15277,3490,"Upper Don"
15278,3490,"Upper Don"
15279,3312,"Middle Don"
15280,3490,"Upper Don"
15281,3312,"Middle Don"
15282,3490,"Upper Don"
15283,3312,"Middle Don"
15284,3312,"Middle Don"
15285,3490,"Upper Don"
15286,3312,"Middle Don"
15287,3312,"Middle Don"
15288,3312,"Middle Don"
15289,3490,"Upper Don"
15290,3490,"Upper Don"
15291,3312,"Middle Don"
15292,3312,"Middle Don"
15293,3312,"Middle Don"
15294,3312,"Middle Don"
15295,3312,"Middle Don"
15296,3490,"Upper Don"
15297,3490,"Upper Don"
15298,3490,"Upper Don"
15299,3312,"Middle Don"
15300,3312,"Middle Don"
15301,3312,"Middle Don"
15302,3490,"Upper Don"
15303,3312,"Middle Don"
15304,3312,"Middle Don"
15305,3490,"Upper Don"
15306,3312,"Middle Don"
15307,3312,"Middle Don"
15308,3312,"Middle Don"
15309,3490,"Upper Don"
15310,3312,"Middle Don"
15311,3490,"Upper Don"
15312,3490,"Upper Don"
15313,3312,"Middle Don"
15314,3312,"Middle Don"
15315,3312,"Middle Don"
15316,3490,"Upper Don"
15317,3312,"Middle Don"
15318,3312,"Middle Don"
15319,3312,"Middle Don"
15320,3312,"Middle Don"
15321,3312,"Middle Don"
15322,3312,"Middle Don"
15323,3312,"Middle Don"
15324,3490,"Upper Don"
15325,3490,"Upper Don"
15326,3312,"Middle Don"
15327,3312,"Middle Don"
15328,3312,"Middle Don"
15329,3312,"Middle Don"
15330,3312,"Middle Don"
15331,3490,"Upper Don"
15332,3312,"Middle Don"
15333,3490,"Upper Don"
15334,3312,"Middle Don"
15335,3490,"Upper Don"
15336,3312,"Middle Don"
15337,3312,"Middle Don"
15338,3490,"Upper Don"
15339,3312,"Middle Don"
15340,3312,"Middle Don"
15341,3312,"Middle Don"
15342,3312,"Middle Don"
15343,3490,"Upper Don"
15344,3312,"Middle Don"
15345,3312,"Middle Don"
15346,3490,"Upper Don"
15347,3490,"Upper Don"
15348,3490,"Upper Don"
15349,3312,"Middle Don"
15350,3312,"Middle Don"
15351,3312,"Middle Don"
15352,3490,"Upper Don"
15353,3490,"Upper Don"
15354,3312,"Middle Don"
15355,3312,"Middle Don"
15356,3312,"Middle Don"
15357,3312,"Middle Don"
15358,3312,"Middle Don"
15359,3490,"Upper Don"
15360,3312,"Middle Don"
15361,3312,"Middle Don"
15362,3490,"Upper Don"
15363,3490,"Upper Don"
15364,3312,"Middle Don"
15365,3490,"Upper Don"
15366,3490,"Upper Don"
15367,3312,"Middle Don"
15368,3312,"Middle Don"
15369,3312,"Middle Don"
15370,3490,"Upper Don"
15371,3312,"Middle Don"
15372,3490,"Upper Don"
15373,3490,"Upper Don"
15374,3312,"Middle Don"
15375,3312,"Middle Don"
15376,3490,"Upper Don"
15377,3312,"Middle Don"
15378,3312,"Middle Don"
15379,3312,"Middle Don"
15380,3312,"Middle Don"
15381,3312,"Middle Don"
15382,3312,"Middle Don"
15383,3312,"Middle Don"
15384,3312,"Middle Don"
15385,3312,"Middle Don"
15386,3490,"Upper Don"
15387,3312,"Middle Don"
15388,3312,"Middle Don"
15389,3312,"Middle Don"
15390,3312,"Middle Don"
15391,3490,"Upper Don"
15392,3312,"Middle Don"
15393,3312,"Middle Don"
15394,3312,"Middle Don"
15395,3490,"Upper Don"
15396,3490,"Upper Don"
15397,3490,"Upper Don"
15398,3490,"Upper Don"
15399,3490,"Upper Don"
15400,3312,"Middle Don"
15401,3490,"Upper Don"
15402,3490,"Upper Don"
15403,3312,"Middle Don"
15404,3312,"Middle Don"
15405,3490,"Upper Don"
15406,3312,"Middle Don"
15407,3312,"Middle Don"
15408,3490,"Upper Don"
15409,3312,"Middle Don"
15410,3312,"Middle Don"
15411,3312,"Middle Don"
15412,3312,"Middle Don"
15413,3490,"Upper Don"
15414,3490,"Upper Don"
15415,3312,"Middle Don"
15416,3490,"Upper Don"
15417,3312,"Middle Don"
15418,3312,"Middle Don"
15419,3490,"Upper Don"
15420,3490,"Upper Don"
15421,3312,"Middle Don"
15422,3490,"Upper Don"
15423,3312,"Middle Don"
15424,3490,"Upper Don"
15425,3312,"Middle Don"
15426,3312,"Middle Don"
15427,3490,"Upper Don"
15428,3490,"Upper Don"
15429,3312,"Middle Don"
15430,3490,"Upper Don"
15431,3490,"Upper Don"
15432,3490,"Upper Don"
15433,3312,"Middle Don"
15434,3312,"Middle Don"
15435,3312,"Middle Don"
15436,3312,"Middle Don"
15437,3490,"Upper Don"
15438,3312,"Middle Don"
15439,3490,"Upper Don"
15440,3312,"Middle Don"
15441,3490,"Upper Don"
15442,3312,"Middle Don"
15443,3312,"Middle Don"
15444,3312,"Middle Don"
15445,3312,"Middle Don"
15446,3312,"Middle Don"
15447,3312,"Middle Don"
15448,3312,"Middle Don"
15449,3490,"Upper Don"
15450,3490,"Upper Don"
15451,3312,"Middle Don"
15452,3312,"Middle Don"
15453,3312,"Middle Don"
15454,3490,"Upper Don"
15455,3490,"Upper Don"
15456,3312,"Middle Don"
15457,3490,"Upper Don"
15458,3312,"Middle Don"
15459,3312,"Middle Don"
15460,3490,"Upper Don"
15461,3490,"Upper Don"
15462,3312,"Middle Don"
15463,3385,"Rother and Doe Lea"
15464,3312,"Middle Don"
15465,3312,"Middle Don"
15466,3312,"Middle Don"
15467,3490,"Upper Don"
15468,3312,"Middle Don"
15469,3312,"Middle Don"
15470,3490,"Upper Don"
15471,3490,"Upper Don"
15472,3490,"Upper Don"
15473,3490,"Upper Don"
15474,3490,"Upper Don"
15475,3490,"Upper Don"
15476,3490,"Upper Don"
15477,3490,"Upper Don"
15478,3490,"Upper Don"
15479,3490,"Upper Don"
15480,3312,"Middle Don"
15481,3312,"Middle Don"
15482,3312,"Middle Don"
15483,3490,"Upper Don"
15484,3490,"Upper Don"
15485,3312,"Middle Don"
15486,3490,"Upper Don"
15487,3312,"Middle Don"
15488,3490,"Upper Don"
15489,3490,"Upper Don"
15490,3490,"Upper Don"
15491,3490,"Upper Don"
15492,3312,"Middle Don"
15493,3490,"Upper Don"
15494,3490,"Upper Don"
15495,3312,"Middle Don"
15496,3312,"Middle Don"
15497,3490,"Upper Don"
15498,3385,"Rother and Doe Lea"
15499,3490,"Upper Don"
15500,3312,"Middle Don"
15501,3385,"Rother and Doe Lea"
15502,3490,"Upper Don"
15503,3312,"Middle Don"
15504,3312,"Middle Don"
15505,3490,"Upper Don"
15506,3312,"Middle Don"
15507,3385,"Rother and Doe Lea"
15508,3490,"Upper Don"
15509,3490,"Upper Don"
15510,3385,"Rother and Doe Lea"
15511,3490,"Upper Don"
15512,3385,"Rother and Doe Lea"
15513,3490,"Upper Don"
15514,3490,"Upper Don"
15515,3312,"Middle Don"
15516,3490,"Upper Don"
15517,3490,"Upper Don"
15518,3490,"Upper Don"
15519,3490,"Upper Don"
15520,3312,"Middle Don"
15521,3490,"Upper Don"
15522,3490,"Upper Don"
15523,3312,"Middle Don"
15524,3490,"Upper Don"
15525,3490,"Upper Don"
15526,3312,"Middle Don"
15527,3490,"Upper Don"
15528,3490,"Upper Don"
15529,3385,"Rother and Doe Lea"
15530,3385,"Rother and Doe Lea"
15531,3385,"Rother and Doe Lea"
15532,3490,"Upper Don"
15533,3385,"Rother and Doe Lea"
15534,3312,"Middle Don"
15535,3490,"Upper Don"
15536,3490,"Upper Don"
15537,3312,"Middle Don"
15538,3490,"Upper Don"
15539,3385,"Rother and Doe Lea"
15540,3312,"Middle Don"
15541,3385,"Rother and Doe Lea"
15542,3490,"Upper Don"
15543,3385,"Rother and Doe Lea"
15544,3385,"Rother and Doe Lea"
15545,3312,"Middle Don"
15546,3312,"Middle Don"
15547,3490,"Upper Don"
15548,3385,"Rother and Doe Lea"
15549,3490,"Upper Don"
15550,3490,"Upper Don"
15551,3490,"Upper Don"
15552,3490,"Upper Don"
15553,3490,"Upper Don"
15554,3490,"Upper Don"
15555,3490,"Upper Don"
15556,3312,"Middle Don"
15557,3385,"Rother and Doe Lea"
15558,3490,"Upper Don"
15559,3385,"Rother and Doe Lea"
15560,3312,"Middle Don"
15561,3490,"Upper Don"
15562,3312,"Middle Don"
15563,3385,"Rother and Doe Lea"
15564,3490,"Upper Don"
15565,3490,"Upper Don"
15566,3490,"Upper Don"
15567,3312,"Middle Don"
15568,3385,"Rother and Doe Lea"
15569,3385,"Rother and Doe Lea"
15570,3385,"Rother and Doe Lea"
15571,3490,"Upper Don"
15572,3385,"Rother and Doe Lea"
15573,3490,"Upper Don"
15574,3490,"Upper Don"
15575,3490,"Upper Don"
15576,3385,"Rother and Doe Lea"
15577,3385,"Rother and Doe Lea"
15578,3312,"Middle Don"
15579,3385,"Rother and Doe Lea"
15580,3385,"Rother and Doe Lea"
15581,3490,"Upper Don"
15582,3312,"Middle Don"
15583,3490,"Upper Don"
15584,3490,"Upper Don"
15585,3312,"Middle Don"
15586,3490,"Upper Don"
15587,3490,"Upper Don"
15588,3490,"Upper Don"
15589,3385,"Rother and Doe Lea"
15590,3490,"Upper Don"
15591,3490,"Upper Don"
15592,3490,"Upper Don"
15593,3490,"Upper Don"
15594,3490,"Upper Don"
15595,3312,"Middle Don"
15596,3490,"Upper Don"
15597,3490,"Upper Don"
15598,3490,"Upper Don"
15599,3490,"Upper Don"
15600,3490,"Upper Don"
15601,3490,"Upper Don"
15602,3490,"Upper Don"
15603,3490,"Upper Don"
15604,3385,"Rother and Doe Lea"
15605,3385,"Rother and Doe Lea"
15606,3490,"Upper Don"
15607,3385,"Rother and Doe Lea"
15608,3490,"Upper Don"
15609,3385,"Rother and Doe Lea"
15610,3312,"Middle Don"
15611,3490,"Upper Don"
15612,3312,"Middle Don"
15613,3312,"Middle Don"
15614,3490,"Upper Don"
15615,3312,"Middle Don"
15616,3490,"Upper Don"
15617,3312,"Middle Don"
15618,3385,"Rother and Doe Lea"
15619,3385,"Rother and Doe Lea"
15620,3385,"Rother and Doe Lea"
15621,3312,"Middle Don"
15622,3490,"Upper Don"
15623,3385,"Rother and Doe Lea"
15624,3385,"Rother and Doe Lea"
15625,3490,"Upper Don"
15626,3312,"Middle Don"
15627,3490,"Upper Don"
15628,3312,"Middle Don"
15629,3385,"Rother and Doe Lea"
15630,3385,"Rother and Doe Lea"
15631,3385,"Rother and Doe Lea"
15632,3385,"Rother and Doe Lea"
15633,3312,"Middle Don"
15634,3490,"Upper Don"
15635,3385,"Rother and Doe Lea"
15636,3490,"Upper Don"
15637,3385,"Rother and Doe Lea"
15638,3385,"Rother and Doe Lea"
15639,3385,"Rother and Doe Lea"
15640,3312,"Middle Don"
15641,3312,"Middle Don"
15642,3312,"Middle Don"
15643,3385,"Rother and Doe Lea"
15644,3312,"Middle Don"
15645,3490,"Upper Don"
15646,3312,"Middle Don"
15647,3385,"Rother and Doe Lea"
15648,3312,"Middle Don"
15649,3490,"Upper Don"
15650,3385,"Rother and Doe Lea"
15651,3385,"Rother and Doe Lea"
15652,3312,"Middle Don"
15653,3385,"Rother and Doe Lea"
15654,3312,"Middle Don"
15655,3312,"Middle Don"
15656,3312,"Middle Don"
15657,3385,"Rother and Doe Lea"
15658,3312,"Middle Don"
15659,3385,"Rother and Doe Lea"
15660,3490,"Upper Don"
15661,3385,"Rother and Doe Lea"
15662,3312,"Middle Don"
15663,3312,"Middle Don"
15664,3312,"Middle Don"
15665,3490,"Upper Don"
15666,3312,"Middle Don"
15667,3312,"Middle Don"
15668,3312,"Middle Don"
15669,3385,"Rother and Doe Lea"
15670,3385,"Rother and Doe Lea"
15671,3490,"Upper Don"
15672,3490,"Upper Don"
15673,3385,"Rother and Doe Lea"
15674,3312,"Middle Don"
15675,3490,"Upper Don"
15676,3490,"Upper Don"
15677,3490,"Upper Don"
15678,3490,"Upper Don"
15679,3490,"Upper Don"
15680,3490,"Upper Don"
15681,3312,"Middle Don"
15682,3385,"Rother and Doe Lea"
15683,3490,"Upper Don"
15684,3385,"Rother and Doe Lea"
15685,3490,"Upper Don"
15686,3490,"Upper Don"
15687,3312,"Middle Don"
15688,3312,"Middle Don"
15689,3490,"Upper Don"
15690,3490,"Upper Don"
15691,3490,"Upper Don"
15692,3385,"Rother and Doe Lea"
15693,3490,"Upper Don"
15694,3385,"Rother and Doe Lea"
15695,3490,"Upper Don"
15696,3312,"Middle Don"
15697,3490,"Upper Don"
15698,3312,"Middle Don"
15699,3490,"Upper Don"
15700,3490,"Upper Don"
15701,3490,"Upper Don"
15702,3385,"Rother and Doe Lea"
15703,3385,"Rother and Doe Lea"
15704,3385,"Rother and Doe Lea"
15705,3385,"Rother and Doe Lea"
15706,3385,"Rother and Doe Lea"
15707,3490,"Upper Don"
15708,3385,"Rother and Doe Lea"
15709,3385,"Rother and Doe Lea"
15710,3490,"Upper Don"
15711,3385,"Rother and Doe Lea"
15712,3490,"Upper Don"
15713,3385,"Rother and Doe Lea"
15714,3490,"Upper Don"
15715,3490,"Upper Don"
15716,3312,"Middle Don"
15717,3312,"Middle Don"
15718,3312,"Middle Don"
15719,3490,"Upper Don"
15720,3385,"Rother and Doe Lea"
15721,3490,"Upper Don"
15722,3490,"Upper Don"
15723,3490,"Upper Don"
15724,3385,"Rother and Doe Lea"
15725,3312,"Middle Don"
15726,3490,"Upper Don"
15727,3312,"Middle Don"
15728,3312,"Middle Don"
15729,3312,"Middle Don"
15730,3312,"Middle Don"
15731,3490,"Upper Don"
15732,3385,"Rother and Doe Lea"
15733,3312,"Middle Don"
15734,3312,"Middle Don"
15735,3312,"Middle Don"
15736,3312,"Middle Don"
15737,3490,"Upper Don"
15738,3490,"Upper Don"
15739,3490,"Upper Don"
15740,3385,"Rother and Doe Lea"
15741,3312,"Middle Don"
15742,3490,"Upper Don"
15743,3312,"Middle Don"
15744,3385,"Rother and Doe Lea"
15745,3385,"Rother and Doe Lea"
15746,3312,"Middle Don"
15747,3312,"Middle Don"
15748,3385,"Rother and Doe Lea"
15749,3490,"Upper Don"
15750,3312,"Middle Don"
15751,3312,"Middle Don"
15752,3312,"Middle Don"
15753,3490,"Upper Don"
15754,3490,"Upper Don"
15755,3312,"Middle Don"
15756,3312,"Middle Don"
15757,3385,"Rother and Doe Lea"
15758,3312,"Middle Don"
15759,3385,"Rother and Doe Lea"
15760,3312,"Middle Don"
15761,3385,"Rother and Doe Lea"
15762,3385,"Rother and Doe Lea"
15763,3312,"Middle Don"
15764,3312,"Middle Don"
15765,3312,"Middle Don"
15766,3312,"Middle Don"
15767,3385,"Rother and Doe Lea"
15768,3490,"Upper Don"
15769,3312,"Middle Don"
15770,3385,"Rother and Doe Lea"
15771,3312,"Middle Don"
15772,3490,"Upper Don"
15773,3490,"Upper Don"
15774,3312,"Middle Don"
15775,3490,"Upper Don"
15776,3385,"Rother and Doe Lea"
15777,3385,"Rother and Doe Lea"
15778,3385,"Rother and Doe Lea"
15779,3312,"Middle Don"
15780,3385,"Rother and Doe Lea"
15781,3385,"Rother and Doe Lea"
15782,3312,"Middle Don"
15783,3385,"Rother and Doe Lea"
15784,3385,"Rother and Doe Lea"
15785,3312,"Middle Don"
15786,3312,"Middle Don"
15787,3312,"Middle Don"
15788,3490,"Upper Don"
15789,3312,"Middle Don"
15790,3385,"Rother and Doe Lea"
15791,3490,"Upper Don"
15792,3312,"Middle Don"
15793,3385,"Rother and Doe Lea"
15794,3312,"Middle Don"
15795,3312,"Middle Don"
15796,3312,"Middle Don"
15797,3385,"Rother and Doe Lea"
15798,3385,"Rother and Doe Lea"
15799,3385,"Rother and Doe Lea"
15800,3312,"Middle Don"
15801,3312,"Middle Don"
15802,3385,"Rother and Doe Lea"
15803,3312,"Middle Don"
15804,3312,"Middle Don"
15805,3312,"Middle Don"
15806,3312,"Middle Don"
15807,3312,"Middle Don"
15808,3385,"Rother and Doe Lea"
15809,3490,"Upper Don"
15810,3312,"Middle Don"
15811,3385,"Rother and Doe Lea"
15812,3312,"Middle Don"
15813,3385,"Rother and Doe Lea"
15814,3312,"Middle Don"
15815,3385,"Rother and Doe Lea"
15816,3385,"Rother and Doe Lea"
15817,3385,"Rother and Doe Lea"
15818,3385,"Rother and Doe Lea"
15819,3312,"Middle Don"
15820,3385,"Rother and Doe Lea"
15821,3385,"Rother and Doe Lea"
15822,3385,"Rother and Doe Lea"
15823,3385,"Rother and Doe Lea"
15824,3385,"Rother and Doe Lea"
15825,3312,"Middle Don"
15826,3312,"Middle Don"
15827,3385,"Rother and Doe Lea"
15828,3312,"Middle Don"
15829,3312,"Middle Don"
15830,3385,"Rother and Doe Lea"
15831,3385,"Rother and Doe Lea"
15832,3312,"Middle Don"
15833,3385,"Rother and Doe Lea"
15834,3312,"Middle Don"
15835,3385,"Rother and Doe Lea"
15836,3385,"Rother and Doe Lea"
15837,3385,"Rother and Doe Lea"
15838,3385,"Rother and Doe Lea"
15839,3385,"Rother and Doe Lea"
15840,3385,"Rother and Doe Lea"
15841,3385,"Rother and Doe Lea"
15842,3312,"Middle Don"
15843,3312,"Middle Don"
15844,3312,"Middle Don"
15845,3385,"Rother and Doe Lea"
15846,3385,"Rother and Doe Lea"
15847,3385,"Rother and Doe Lea"
15848,3312,"Middle Don"
15849,3385,"Rother and Doe Lea"
15850,3385,"Rother and Doe Lea"
15851,3385,"Rother and Doe Lea"
15852,3385,"Rother and Doe Lea"
15853,3312,"Middle Don"
15854,3385,"Rother and Doe Lea"
15855,3385,"Rother and Doe Lea"
15856,3312,"Middle Don"
15857,3385,"Rother and Doe Lea"
15858,3312,"Middle Don"
15859,3385,"Rother and Doe Lea"
15860,3229,"Idle River"
15861,3312,"Middle Don"
15862,3385,"Rother and Doe Lea"
15863,3312,"Middle Don"
15864,3312,"Middle Don"
15865,3229,"Idle River"
15866,3385,"Rother and Doe Lea"
15867,3385,"Rother and Doe Lea"
15868,3312,"Middle Don"
15869,3312,"Middle Don"
15870,3312,"Middle Don"
15871,3312,"Middle Don"
15872,3312,"Middle Don"
15873,3312,"Middle Don"
15874,3312,"Middle Don"
15875,3312,"Middle Don"
15876,3385,"Rother and Doe Lea"
15877,3385,"Rother and Doe Lea"
15878,3385,"Rother and Doe Lea"
15879,3312,"Middle Don"
15880,3385,"Rother and Doe Lea"
15881,3385,"Rother and Doe Lea"
15882,3312,"Middle Don"
15883,3385,"Rother and Doe Lea"
15884,3385,"Rother and Doe Lea"
15885,3385,"Rother and Doe Lea"
15886,3385,"Rother and Doe Lea"
15887,3312,"Middle Don"
15888,3385,"Rother and Doe Lea"
15889,3312,"Middle Don"
15890,3312,"Middle Don"
15891,3385,"Rother and Doe Lea"
15892,3312,"Middle Don"
15893,3385,"Rother and Doe Lea"
15894,3312,"Middle Don"
15895,3385,"Rother and Doe Lea"
15896,3385,"Rother and Doe Lea"
15897,3312,"Middle Don"
15898,3312,"Middle Don"
15899,3312,"Middle Don"
15900,3312,"Middle Don"
15901,3385,"Rother and Doe Lea"
15902,3312,"Middle Don"
15903,3312,"Middle Don"
15904,3312,"Middle Don"
15905,3385,"Rother and Doe Lea"
15906,3385,"Rother and Doe Lea"
15907,3385,"Rother and Doe Lea"
15908,3312,"Middle Don"
15909,3312,"Middle Don"
15910,3312,"Middle Don"
15911,3385,"Rother and Doe Lea"
15912,3312,"Middle Don"
15913,3385,"Rother and Doe Lea"
15914,3385,"Rother and Doe Lea"
15915,3312,"Middle Don"
15916,3385,"Rother and Doe Lea"
15917,3385,"Rother and Doe Lea"
15918,3312,"Middle Don"
15919,3385,"Rother and Doe Lea"
15920,3312,"Middle Don"
15921,3312,"Middle Don"
15922,3385,"Rother and Doe Lea"
15923,3385,"Rother and Doe Lea"
15924,3385,"Rother and Doe Lea"
15925,3312,"Middle Don"
15926,3385,"Rother and Doe Lea"
15927,3385,"Rother and Doe Lea"
15928,3312,"Middle Don"
15929,3385,"Rother and Doe Lea"
15930,3385,"Rother and Doe Lea"
15931,3385,"Rother and Doe Lea"
15932,3385,"Rother and Doe Lea"
15933,3385,"Rother and Doe Lea"
15934,3385,"Rother and Doe Lea"
15935,3385,"Rother and Doe Lea"
15936,3385,"Rother and Doe Lea"
15937,3312,"Middle Don"
15938,3385,"Rother and Doe Lea"
15939,3385,"Rother and Doe Lea"
15940,3312,"Middle Don"
15941,3385,"Rother and Doe Lea"
15942,3312,"Middle Don"
15943,3385,"Rother and Doe Lea"
15944,3385,"Rother and Doe Lea"
15945,3385,"Rother and Doe Lea"
15946,3385,"Rother and Doe Lea"
15947,3312,"Middle Don"
15948,3312,"Middle Don"
15949,3385,"Rother and Doe Lea"
15950,3385,"Rother and Doe Lea"
15951,3385,"Rother and Doe Lea"
15952,3385,"Rother and Doe Lea"
15953,3385,"Rother and Doe Lea"
15954,3312,"Middle Don"
15955,3385,"Rother and Doe Lea"
15956,3385,"Rother and Doe Lea"
15957,3312,"Middle Don"
15958,3385,"Rother and Doe Lea"
15959,3385,"Rother and Doe Lea"
15960,3385,"Rother and Doe Lea"
15961,3385,"Rother and Doe Lea"
15962,3385,"Rother and Doe Lea"
15963,3312,"Middle Don"
15964,3312,"Middle Don"
15965,3385,"Rother and Doe Lea"
15966,3312,"Middle Don"
15967,3385,"Rother and Doe Lea"
15968,3385,"Rother and Doe Lea"
15969,3385,"Rother and Doe Lea"
15970,3312,"Middle Don"
15971,3385,"Rother and Doe Lea"
15972,3385,"Rother and Doe Lea"
15973,3385,"Rother and Doe Lea"
15974,3312,"Middle Don"
15975,3385,"Rother and Doe Lea"
15976,3385,"Rother and Doe Lea"
15977,3312,"Middle Don"
15978,3385,"Rother and Doe Lea"
15979,3312,"Middle Don"
15980,3385,"Rother and Doe Lea"
15981,3385,"Rother and Doe Lea"
15982,3312,"Middle Don"
15983,3385,"Rother and Doe Lea"
15984,3385,"Rother and Doe Lea"
15985,3385,"Rother and Doe Lea"
15986,3385,"Rother and Doe Lea"
15987,3385,"Rother and Doe Lea"
15988,3385,"Rother and Doe Lea"
15989,3385,"Rother and Doe Lea"
15990,3385,"Rother and Doe Lea"
15991,3385,"Rother and Doe Lea"
15992,3312,"Middle Don"
15993,3385,"Rother and Doe Lea"
15994,3385,"Rother and Doe Lea"
15995,3312,"Middle Don"
15996,3385,"Rother and Doe Lea"
15997,3385,"Rother and Doe Lea"
15998,3312,"Middle Don"
15999,3312,"Middle Don"
16000,3385,"Rother and Doe Lea"
16001,3385,"Rother and Doe Lea"
16002,3312,"Middle Don"
16003,3385,"Rother and Doe Lea"
16004,3385,"Rother and Doe Lea"
16005,3385,"Rother and Doe Lea"
16006,3385,"Rother and Doe Lea"
16007,3385,"Rother and Doe Lea"
16008,3385,"Rother and Doe Lea"
16009,3385,"Rother and Doe Lea"
16010,3312,"Middle Don"
16011,3385,"Rother and Doe Lea"
16012,3385,"Rother and Doe Lea"
16013,3385,"Rother and Doe Lea"
16014,3385,"Rother and Doe Lea"
16015,3312,"Middle Don"
16016,3385,"Rother and Doe Lea"
16017,3385,"Rother and Doe Lea"
16018,3385,"Rother and Doe Lea"
16019,3385,"Rother and Doe Lea"
16020,3385,"Rother and Doe Lea"
16021,3312,"Middle Don"
16022,3312,"Middle Don"
16023,3385,"Rother and Doe Lea"
16024,3385,"Rother and Doe Lea"
16025,3312,"Middle Don"
16026,3312,"Middle Don"
16027,3385,"Rother and Doe Lea"
16028,3312,"Middle Don"
16029,3385,"Rother and Doe Lea"
16030,3312,"Middle Don"
16031,3312,"Middle Don"
16032,3385,"Rother and Doe Lea"
16033,3385,"Rother and Doe Lea"
16034,3385,"Rother and Doe Lea"
16035,3385,"Rother and Doe Lea"
16036,3385,"Rother and Doe Lea"
16037,3385,"Rother and Doe Lea"
16038,3385,"Rother and Doe Lea"
16039,3385,"Rother and Doe Lea"
16040,3385,"Rother and Doe Lea"
16041,3385,"Rother and Doe Lea"
16042,3385,"Rother and Doe Lea"
16043,3385,"Rother and Doe Lea"
16044,3385,"Rother and Doe Lea"
16045,3385,"Rother and Doe Lea"
16046,3385,"Rother and Doe Lea"
16047,3385,"Rother and Doe Lea"
16048,3385,"Rother and Doe Lea"
16049,3385,"Rother and Doe Lea"
16050,3385,"Rother and Doe Lea"
16051,3385,"Rother and Doe Lea"
16052,3385,"Rother and Doe Lea"
16053,3385,"Rother and Doe Lea"
16054,3385,"Rother and Doe Lea"
16055,3385,"Rother and Doe Lea"
16056,3385,"Rother and Doe Lea"
16057,3385,"Rother and Doe Lea"
16058,3385,"Rother and Doe Lea"
16059,3385,"Rother and Doe Lea"
16060,3385,"Rother and Doe Lea"
16061,3385,"Rother and Doe Lea"
16062,3385,"Rother and Doe Lea"
16063,3385,"Rother and Doe Lea"
16064,3385,"Rother and Doe Lea"
16065,3385,"Rother and Doe Lea"
16066,3385,"Rother and Doe Lea"
16067,3385,"Rother and Doe Lea"
16068,3385,"Rother and Doe Lea"
16069,3385,"Rother and Doe Lea"
16070,3385,"Rother and Doe Lea"
16071,3385,"Rother and Doe Lea"
16072,3385,"Rother and Doe Lea"
16073,3385,"Rother and Doe Lea"
16074,3385,"Rother and Doe Lea"
16075,3385,"Rother and Doe Lea"
16076,3385,"Rother and Doe Lea"
16077,3385,"Rother and Doe Lea"
16078,3385,"Rother and Doe Lea"
16079,3385,"Rother and Doe Lea"
16080,3385,"Rother and Doe Lea"
16081,3385,"Rother and Doe Lea"
16082,3385,"Rother and Doe Lea"
16083,3385,"Rother and Doe Lea"
16084,3385,"Rother and Doe Lea"
16085,3385,"Rother and Doe Lea"
16086,3385,"Rother and Doe Lea"
16087,3385,"Rother and Doe Lea"
16088,3385,"Rother and Doe Lea"
16089,3385,"Rother and Doe Lea"
16090,3385,"Rother and Doe Lea"
16091,3385,"Rother and Doe Lea"
16092,3385,"Rother and Doe Lea"
16093,3385,"Rother and Doe Lea"
16094,3385,"Rother and Doe Lea"
16095,3385,"Rother and Doe Lea"
16096,3385,"Rother and Doe Lea"
16097,3385,"Rother and Doe Lea"
16098,3385,"Rother and Doe Lea"
16099,3385,"Rother and Doe Lea"
16100,3385,"Rother and Doe Lea"
16101,3385,"Rother and Doe Lea"
16102,3385,"Rother and Doe Lea"
16103,3385,"Rother and Doe Lea"
16104,3385,"Rother and Doe Lea"
16105,3385,"Rother and Doe Lea"
16106,3385,"Rother and Doe Lea"
16107,3385,"Rother and Doe Lea"
16108,3385,"Rother and Doe Lea"
16109,3385,"Rother and Doe Lea"
16110,3385,"Rother and Doe Lea"
16111,3385,"Rother and Doe Lea"
16112,3385,"Rother and Doe Lea"
16113,3385,"Rother and Doe Lea"
16114,3385,"Rother and Doe Lea"
16115,3385,"Rother and Doe Lea"
16116,3385,"Rother and Doe Lea"
16117,3385,"Rother and Doe Lea"
16118,3385,"Rother and Doe Lea"
16119,3385,"Rother and Doe Lea"
16120,3385,"Rother and Doe Lea"
16121,3385,"Rother and Doe Lea"
16122,3385,"Rother and Doe Lea"
16123,3385,"Rother and Doe Lea"
16124,3385,"Rother and Doe Lea"
16125,3385,"Rother and Doe Lea"
16126,3385,"Rother and Doe Lea"
16127,3385,"Rother and Doe Lea"
16128,3385,"Rother and Doe Lea"
16129,3385,"Rother and Doe Lea"
16130,3385,"Rother and Doe Lea"
16131,3385,"Rother and Doe Lea"
16132,3385,"Rother and Doe Lea"
16133,3385,"Rother and Doe Lea"
16134,3385,"Rother and Doe Lea"
16135,3385,"Rother and Doe Lea"
16136,3385,"Rother and Doe Lea"
16137,3385,"Rother and Doe Lea"
16138,3385,"Rother and Doe Lea"
16139,3385,"Rother and Doe Lea"
16140,3385,"Rother and Doe Lea"
16141,3385,"Rother and Doe Lea"
16142,3385,"Rother and Doe Lea"
16143,3385,"Rother and Doe Lea"
16144,3385,"Rother and Doe Lea"
16145,3385,"Rother and Doe Lea"
16146,3385,"Rother and Doe Lea"
16147,3385,"Rother and Doe Lea"
16148,3385,"Rother and Doe Lea"
16149,3385,"Rother and Doe Lea"
16150,3385,"Rother and Doe Lea"
16151,3385,"Rother and Doe Lea"
16152,3385,"Rother and Doe Lea"
16153,3385,"Rother and Doe Lea"
16154,3385,"Rother and Doe Lea"
16155,3385,"Rother and Doe Lea"
16156,3385,"Rother and Doe Lea"
16157,3385,"Rother and Doe Lea"
16158,3385,"Rother and Doe Lea"
16159,3385,"Rother and Doe Lea"
16160,3385,"Rother and Doe Lea"
16161,3385,"Rother and Doe Lea"
16162,3385,"Rother and Doe Lea"
16163,3385,"Rother and Doe Lea"
16164,3385,"Rother and Doe Lea"
16165,3385,"Rother and Doe Lea"
16166,3385,"Rother and Doe Lea"
16167,3385,"Rother and Doe Lea"
16168,3385,"Rother and Doe Lea"
16169,3385,"Rother and Doe Lea"
16170,3385,"Rother and Doe Lea"
16171,3385,"Rother and Doe Lea"
16172,3385,"Rother and Doe Lea"
16173,3385,"Rother and Doe Lea"
16174,3385,"Rother and Doe Lea"
16175,3385,"Rother and Doe Lea"
16176,3385,"Rother and Doe Lea"
16177,3385,"Rother and Doe Lea"
16178,3385,"Rother and Doe Lea"
16179,3385,"Rother and Doe Lea"
16180,3385,"Rother and Doe Lea"
16181,3385,"Rother and Doe Lea"
16182,3385,"Rother and Doe Lea"
16183,3385,"Rother and Doe Lea"
16184,3385,"Rother and Doe Lea"
16185,3385,"Rother and Doe Lea"
16186,3385,"Rother and Doe Lea"
16187,3385,"Rother and Doe Lea"
16188,3385,"Rother and Doe Lea"
16189,3385,"Rother and Doe Lea"
16190,3385,"Rother and Doe Lea"
16191,3385,"Rother and Doe Lea"
16192,3385,"Rother and Doe Lea"
16193,3385,"Rother and Doe Lea"
16194,3385,"Rother and Doe Lea"
16195,3385,"Rother and Doe Lea"
16196,3385,"Rother and Doe Lea"
16197,3385,"Rother and Doe Lea"
16198,3385,"Rother and Doe Lea"
16199,3385,"Rother and Doe Lea"
16200,3385,"Rother and Doe Lea"
16201,3385,"Rother and Doe Lea"
16202,3385,"Rother and Doe Lea"
16203,3385,"Rother and Doe Lea"
16204,3385,"Rother and Doe Lea"
16205,3385,"Rother and Doe Lea"
16206,3385,"Rother and Doe Lea"
16207,3385,"Rother and Doe Lea"
16208,3385,"Rother and Doe Lea"
16209,3385,"Rother and Doe Lea"
16210,3385,"Rother and Doe Lea"
16211,3385,"Rother and Doe Lea"
16212,3385,"Rother and Doe Lea"
16213,3385,"Rother and Doe Lea"
16214,3385,"Rother and Doe Lea"
16215,3385,"Rother and Doe Lea"
16216,3385,"Rother and Doe Lea"
16217,3385,"Rother and Doe Lea"
16218,3385,"Rother and Doe Lea"
16219,3385,"Rother and Doe Lea"
16220,3385,"Rother and Doe Lea"
16221,3385,"Rother and Doe Lea"
16222,3385,"Rother and Doe Lea"
16223,3385,"Rother and Doe Lea"
16224,3385,"Rother and Doe Lea"
16225,3385,"Rother and Doe Lea"
16226,3385,"Rother and Doe Lea"
16227,3385,"Rother and Doe Lea"
16228,3385,"Rother and Doe Lea"
16229,3385,"Rother and Doe Lea"
16230,3385,"Rother and Doe Lea"
16231,3385,"Rother and Doe Lea"
16232,3385,"Rother and Doe Lea"
16233,3385,"Rother and Doe Lea"
16234,3385,"Rother and Doe Lea"
16235,3385,"Rother and Doe Lea"
16236,3385,"Rother and Doe Lea"
16237,3385,"Rother and Doe Lea"
16238,3385,"Rother and Doe Lea"
16239,3385,"Rother and Doe Lea"
16240,3385,"Rother and Doe Lea"
16241,3385,"Rother and Doe Lea"
16242,3385,"Rother and Doe Lea"
16243,3385,"Rother and Doe Lea"
16244,3385,"Rother and Doe Lea"
16245,3385,"Rother and Doe Lea"
16246,3385,"Rother and Doe Lea"
16247,3385,"Rother and Doe Lea"
16248,3385,"Rother and Doe Lea"
16249,3385,"Rother and Doe Lea"
16250,3385,"Rother and Doe Lea"
16251,3385,"Rother and Doe Lea"
16252,3385,"Rother and Doe Lea"
16253,3385,"Rother and Doe Lea"
16254,3385,"Rother and Doe Lea"
16255,3385,"Rother and Doe Lea"
16256,3385,"Rother and Doe Lea"
16257,3385,"Rother and Doe Lea"
16258,3385,"Rother and Doe Lea"
16259,3385,"Rother and Doe Lea"
16260,3385,"Rother and Doe Lea"
16261,3385,"Rother and Doe Lea"
16262,3385,"Rother and Doe Lea"
16263,3385,"Rother and Doe Lea"
16264,3385,"Rother and Doe Lea"
16265,3385,"Rother and Doe Lea"
16266,3385,"Rother and Doe Lea"
16267,3385,"Rother and Doe Lea"
16268,3385,"Rother and Doe Lea"
16269,3385,"Rother and Doe Lea"
16270,3385,"Rother and Doe Lea"
16271,3385,"Rother and Doe Lea"
16272,3385,"Rother and Doe Lea"
16273,3385,"Rother and Doe Lea"
16274,3385,"Rother and Doe Lea"
16275,3385,"Rother and Doe Lea"
16276,3385,"Rother and Doe Lea"
16277,3385,"Rother and Doe Lea"
16278,3385,"Rother and Doe Lea"
16279,3385,"Rother and Doe Lea"
16280,3385,"Rother and Doe Lea"
16281,3385,"Rother and Doe Lea"
16282,3385,"Rother and Doe Lea"
16283,3385,"Rother and Doe Lea"
16284,3385,"Rother and Doe Lea"
16285,3385,"Rother and Doe Lea"
16286,3385,"Rother and Doe Lea"
16287,3385,"Rother and Doe Lea"
16288,3385,"Rother and Doe Lea"
16289,3385,"Rother and Doe Lea"
16290,3385,"Rother and Doe Lea"
16291,3385,"Rother and Doe Lea"
16292,3385,"Rother and Doe Lea"
16293,3385,"Rother and Doe Lea"
16294,3385,"Rother and Doe Lea"
16295,3385,"Rother and Doe Lea"
16296,3385,"Rother and Doe Lea"
16297,3385,"Rother and Doe Lea"
16298,3385,"Rother and Doe Lea"
16299,3385,"Rother and Doe Lea"
16300,3385,"Rother and Doe Lea"
16301,3385,"Rother and Doe Lea"
16302,3385,"Rother and Doe Lea"
16303,3385,"Rother and Doe Lea"
16304,3385,"Rother and Doe Lea"
16305,3385,"Rother and Doe Lea"
16306,3385,"Rother and Doe Lea"
16307,3385,"Rother and Doe Lea"
16308,3385,"Rother and Doe Lea"
16309,3385,"Rother and Doe Lea"
16310,3385,"Rother and Doe Lea"
16311,3385,"Rother and Doe Lea"
16312,3385,"Rother and Doe Lea"
16313,3385,"Rother and Doe Lea"
16314,3385,"Rother and Doe Lea"
16315,3385,"Rother and Doe Lea"
16316,3385,"Rother and Doe Lea"
16317,3385,"Rother and Doe Lea"
16318,3385,"Rother and Doe Lea"
16319,3385,"Rother and Doe Lea"
16320,3385,"Rother and Doe Lea"
16321,3385,"Rother and Doe Lea"
16322,3385,"Rother and Doe Lea"
16323,3385,"Rother and Doe Lea"
16324,3385,"Rother and Doe Lea"
16325,3385,"Rother and Doe Lea"
16326,3385,"Rother and Doe Lea"
16327,3385,"Rother and Doe Lea"
16328,3385,"Rother and Doe Lea"
16329,3385,"Rother and Doe Lea"
16330,3385,"Rother and Doe Lea"
16331,3385,"Rother and Doe Lea"
16332,3385,"Rother and Doe Lea"
16333,3385,"Rother and Doe Lea"
16334,3385,"Rother and Doe Lea"
16335,3385,"Rother and Doe Lea"
16336,3385,"Rother and Doe Lea"
16337,3385,"Rother and Doe Lea"
16338,3385,"Rother and Doe Lea"
16339,3385,"Rother and Doe Lea"
16340,3385,"Rother and Doe Lea"
16341,3385,"Rother and Doe Lea"
16342,3385,"Rother and Doe Lea"
16343,3385,"Rother and Doe Lea"
16344,3385,"Rother and Doe Lea"
16345,3385,"Rother and Doe Lea"
16346,3385,"Rother and Doe Lea"
16347,3385,"Rother and Doe Lea"
16348,3385,"Rother and Doe Lea"
16349,3385,"Rother and Doe Lea"
16350,3385,"Rother and Doe Lea"
16351,3385,"Rother and Doe Lea"
16352,3385,"Rother and Doe Lea"
16353,3385,"Rother and Doe Lea"
16354,3385,"Rother and Doe Lea"
16355,3385,"Rother and Doe Lea"
16356,3385,"Rother and Doe Lea"
16357,3385,"Rother and Doe Lea"
16358,3385,"Rother and Doe Lea"
16359,3385,"Rother and Doe Lea"
16360,3385,"Rother and Doe Lea"
16361,3385,"Rother and Doe Lea"
16362,3385,"Rother and Doe Lea"
16363,3385,"Rother and Doe Lea"
16364,3385,"Rother and Doe Lea"
16365,3385,"Rother and Doe Lea"
16366,3385,"Rother and Doe Lea"
16367,3385,"Rother and Doe Lea"
16368,3385,"Rother and Doe Lea"
16369,3385,"Rother and Doe Lea"
16370,3385,"Rother and Doe Lea"
16371,3385,"Rother and Doe Lea"
16372,3385,"Rother and Doe Lea"
16373,3385,"Rother and Doe Lea"
16374,3385,"Rother and Doe Lea"
16375,3385,"Rother and Doe Lea"
16376,3385,"Rother and Doe Lea"
16377,3385,"Rother and Doe Lea"
16378,3385,"Rother and Doe Lea"
16379,3385,"Rother and Doe Lea"
16380,3385,"Rother and Doe Lea"
16381,3385,"Rother and Doe Lea"
16382,3385,"Rother and Doe Lea"
16383,3385,"Rother and Doe Lea"
16384,3385,"Rother and Doe Lea"
16385,3385,"Rother and Doe Lea"
16386,3385,"Rother and Doe Lea"
16387,3385,"Rother and Doe Lea"
16388,3385,"Rother and Doe Lea"
16389,3385,"Rother and Doe Lea"
16390,3385,"Rother and Doe Lea"
16391,3385,"Rother and Doe Lea"
16392,3385,"Rother and Doe Lea"
16393,3385,"Rother and Doe Lea"
16394,3385,"Rother and Doe Lea"
16395,3385,"Rother and Doe Lea"
16396,3385,"Rother and Doe Lea"
16397,3385,"Rother and Doe Lea"
16398,3385,"Rother and Doe Lea"
16399,3385,"Rother and Doe Lea"
16400,3385,"Rother and Doe Lea"
16401,3385,"Rother and Doe Lea"
16402,3385,"Rother and Doe Lea"
16403,3385,"Rother and Doe Lea"
16404,3385,"Rother and Doe Lea"
16405,3385,"Rother and Doe Lea"
16406,3385,"Rother and Doe Lea"
16407,3385,"Rother and Doe Lea"
16408,3385,"Rother and Doe Lea"
16409,3385,"Rother and Doe Lea"
16410,3385,"Rother and Doe Lea"
16411,3385,"Rother and Doe Lea"
16412,3385,"Rother and Doe Lea"
16413,3385,"Rother and Doe Lea"
16414,3385,"Rother and Doe Lea"
16415,3385,"Rother and Doe Lea"
16416,3385,"Rother and Doe Lea"
16417,3385,"Rother and Doe Lea"
16418,3385,"Rother and Doe Lea"
16419,3385,"Rother and Doe Lea"
16420,3385,"Rother and Doe Lea"
16421,3385,"Rother and Doe Lea"
16422,3385,"Rother and Doe Lea"
16423,3385,"Rother and Doe Lea"
16424,3385,"Rother and Doe Lea"
16425,3385,"Rother and Doe Lea"
16426,3385,"Rother and Doe Lea"
16427,3385,"Rother and Doe Lea"
16428,3385,"Rother and Doe Lea"
16429,3385,"Rother and Doe Lea"
16430,3385,"Rother and Doe Lea"
16431,3385,"Rother and Doe Lea"
16432,3385,"Rother and Doe Lea"
16433,3385,"Rother and Doe Lea"
16434,3385,"Rother and Doe Lea"
16435,3385,"Rother and Doe Lea"
16436,3385,"Rother and Doe Lea"
16437,3385,"Rother and Doe Lea"
16438,3385,"Rother and Doe Lea"
16439,3385,"Rother and Doe Lea"
16440,3385,"Rother and Doe Lea"
16441,3385,"Rother and Doe Lea"
16442,3385,"Rother and Doe Lea"
16443,3385,"Rother and Doe Lea"
16444,3385,"Rother and Doe Lea"
16445,3385,"Rother and Doe Lea"
16446,3385,"Rother and Doe Lea"
16447,3385,"Rother and Doe Lea"
16448,3385,"Rother and Doe Lea"
16449,3385,"Rother and Doe Lea"
16450,3385,"Rother and Doe Lea"
16451,3385,"Rother and Doe Lea"
16452,3385,"Rother and Doe Lea"
16453,3385,"Rother and Doe Lea"
16454,3385,"Rother and Doe Lea"
16455,3385,"Rother and Doe Lea"
16456,3385,"Rother and Doe Lea"
16457,3385,"Rother and Doe Lea"
16458,3385,"Rother and Doe Lea"
16459,3385,"Rother and Doe Lea"
16460,3385,"Rother and Doe Lea"
16461,3385,"Rother and Doe Lea"
16462,3385,"Rother and Doe Lea"
16463,3385,"Rother and Doe Lea"
16464,3385,"Rother and Doe Lea"
16465,3385,"Rother and Doe Lea"
16466,3385,"Rother and Doe Lea"
16467,3385,"Rother and Doe Lea"
16468,3385,"Rother and Doe Lea"
16469,3385,"Rother and Doe Lea"
16470,3385,"Rother and Doe Lea"
16471,3385,"Rother and Doe Lea"
16472,3385,"Rother and Doe Lea"
16473,3385,"Rother and Doe Lea"
16474,3385,"Rother and Doe Lea"
16475,3385,"Rother and Doe Lea"
16476,3385,"Rother and Doe Lea"
16477,3385,"Rother and Doe Lea"
16478,3385,"Rother and Doe Lea"
16479,3385,"Rother and Doe Lea"
16480,3385,"Rother and Doe Lea"
16481,3385,"Rother and Doe Lea"
16482,3385,"Rother and Doe Lea"
16483,3385,"Rother and Doe Lea"
16484,3385,"Rother and Doe Lea"
16485,3385,"Rother and Doe Lea"
16486,3385,"Rother and Doe Lea"
16487,3385,"Rother and Doe Lea"
16488,3385,"Rother and Doe Lea"
16489,3385,"Rother and Doe Lea"
16490,3385,"Rother and Doe Lea"
16491,3385,"Rother and Doe Lea"
16492,3385,"Rother and Doe Lea"
16493,3385,"Rother and Doe Lea"
16494,3385,"Rother and Doe Lea"
16495,3385,"Rother and Doe Lea"
16496,3385,"Rother and Doe Lea"
16497,3385,"Rother and Doe Lea"
16498,3385,"Rother and Doe Lea"
16499,3385,"Rother and Doe Lea"
16500,3385,"Rother and Doe Lea"
16501,3385,"Rother and Doe Lea"
16502,3385,"Rother and Doe Lea"
16503,3385,"Rother and Doe Lea"
16504,3385,"Rother and Doe Lea"
16505,3385,"Rother and Doe Lea"
16506,3385,"Rother and Doe Lea"
16507,3385,"Rother and Doe Lea"
16508,3385,"Rother and Doe Lea"
16509,3385,"Rother and Doe Lea"
16510,3385,"Rother and Doe Lea"
16511,3385,"Rother and Doe Lea"
16512,3385,"Rother and Doe Lea"
16513,3385,"Rother and Doe Lea"
16514,3385,"Rother and Doe Lea"
16515,3385,"Rother and Doe Lea"
